ply
format ascii 1.0
comment https://github.com/mikedh/trimesh
element vertex 5384
property float x
property float y
property float z
property uchar red
property uchar green
property uchar blue
property uchar alpha
element face 8338
property list uchar int vertex_indices
end_header
82.77449799 185.53836060 60.54431534 14 13 11 255
71.74703979 181.54676819 58.32363892 13 12 10 255
71.74703979 181.54676819 58.32363892 13 12 10 255
60.71966171 185.53836060 60.54431534 13 12 10 255
56.15195084 195.17494202 65.90533447 35 32 27 255
60.71966171 204.81149292 71.26647949 67 59 48 255
71.74703979 208.80303955 73.48706818 47 39 28 255
82.77449799 204.81149292 71.26647949 44 39 35 255
87.34223175 195.17494202 65.90533447 25 22 17 255
81.18978882 193.12416077 50.16829300 22 19 12 255
81.18978882 193.12416077 50.16829300 52 49 44 255
81.18978882 193.12416077 50.16829300 34 31 26 255
71.74707031 189.70625305 48.26686096 45 41 30 255
71.74707031 189.70625305 48.26686096 32 31 27 255
71.74707031 189.70625305 48.26686096 38 37 35 255
62.30435944 193.12416077 50.16829300 41 40 38 255
62.30435944 193.12416077 50.16829300 58 53 47 255
62.30435944 193.12416077 50.16829300 30 26 23 255
58.39307022 201.37596130 54.75897598 36 33 28 255
58.39307022 201.37596130 54.75897598 61 55 43 255
58.39307022 201.37596130 54.75897598 39 36 31 255
62.30435944 209.62760925 59.34960938 101 94 86 255
71.74707031 213.04565430 61.25111771 109 100 91 255
81.18978882 209.62760925 59.34960938 83 78 74 255
85.10108948 201.37596130 54.75897598 38 34 31 255
85.10108948 201.37596130 54.75897598 23 20 13 255
85.10108948 201.37596130 54.75897598 36 33 26 255
81.18978882 208.14553833 62.01361847 47 43 40 255
71.74707031 211.56356812 63.91518784 76 73 68 255
62.30435944 208.14553833 62.01361847 42 37 33 255
58.39307022 199.24021912 58.59792709 42 37 33 255
58.39307022 199.24021912 58.59792709 48 43 39 255
62.30435944 190.98847961 54.00725555 26 22 19 255
62.30435944 190.98847961 54.00725555 21 20 18 255
71.74707031 188.22415161 50.93087006 14 13 11 255
71.74707031 188.22415161 50.93087006 10 9 7 255
81.18978882 190.98847961 54.00725555 19 18 16 255
81.18978882 190.98847961 54.00725555 25 24 22 255
85.10109711 199.24021912 58.59792709 44 39 35 255
85.10109711 199.24021912 58.59792709 58 55 50 255
81.18978882 204.62672424 68.33879089 62 58 46 255
71.74707031 208.04469299 70.24029541 83 75 64 255
62.30435944 204.62672424 68.33879089 55 47 36 255
58.39307022 196.37503052 63.74816895 41 38 33 255
58.39307022 196.37503052 63.74816895 31 30 26 255
62.30435944 188.12332153 59.15750122 11 10 8 255
62.30435944 188.12332153 59.15750122 7 6 4 255
62.30435944 188.12332153 59.15750122 7 6 4 255
71.74707031 184.70532227 57.25598907 4 4 2 255
71.74707031 184.70532227 57.25598907 3 3 1 255
81.18978882 188.12332153 59.15750122 8 7 5 255
81.18978882 188.12332153 59.15750122 8 8 6 255
81.18978882 188.12332153 59.15750122 9 8 6 255
85.10109711 196.37503052 63.74816895 42 39 34 255
85.10109711 196.37503052 63.74816895 40 36 33 255
27.48167992 198.56436157 46.52276230 18 15 10 255
30.06975937 190.82156372 42.21521378 14 14 12 255
30.06975937 190.82156372 42.21521378 15 14 10 255
29.22200966 199.81106567 44.28175354 41 36 33 255
31.70833015 192.06825256 39.97422409 51 50 46 255
113.43668365 190.86708069 42.21646881 14 13 11 255
113.43668365 190.86708069 42.21646881 13 13 11 255
116.00106049 198.53907776 46.48463440 20 19 14 255
111.79718018 192.09332275 40.01230621 54 51 46 255
114.26072693 199.76530457 44.28042221 54 51 44 255
78.90635681 196.52656555 48.74940109 16 15 11 255
71.74707031 193.93515015 47.30773544 40 35 31 255
64.58778381 196.52656555 48.74940109 35 32 27 255
61.62231064 202.78288269 52.22990417 56 51 47 255
64.58778381 209.03921509 55.71046829 72 68 59 255
71.74707031 211.63067627 57.15212631 97 89 76 255
78.90635681 209.03921509 55.71046829 62 58 47 255
81.87183380 202.78288269 52.22990417 15 12 7 255
33.18943024 198.66323853 45.61301804 42 37 33 255
31.61146927 197.24209595 48.16742706 45 42 37 255
34.40129089 191.58789062 45.02181625 7 6 4 255
34.40129089 191.58789062 45.02181625 4 4 2 255
35.86954880 193.00900269 42.46742249 36 33 28 255
110.25330353 198.63470459 45.63858414 39 34 30 255
107.59076691 193.01757812 42.51366425 38 35 30 255
109.05811310 191.61228943 45.03958511 5 5 3 255
109.05811310 191.61228943 45.03958511 7 6 4 255
111.82962036 197.22941589 48.16458130 46 43 38 255
76.35649872 197.77551270 51.74937820 77 65 25 255
71.74707031 196.10707092 50.82117462 85 69 17 255
67.13764954 197.77551270 51.74937820 83 60 16 255
65.22834778 201.80351257 53.99034500 82 63 7 255
67.13764954 205.83160400 56.23121262 50 42 21 255
71.74707031 207.50010681 57.15942001 36 27 0 255
76.35649872 205.83160400 56.23121262 52 41 19 255
78.26579285 201.80351257 53.99034500 30 23 7 255
71.74707031 201.89413452 53.82752609 185 151 43 255
71.74707031 209.60574341 56.00354004 59 55 46 255
66.23390961 207.61007690 54.89330673 35 30 26 255
63.95027161 202.79228210 52.21308517 115 106 97 255
66.23390961 197.97450256 49.53278351 78 71 63 255
71.74707031 195.97891235 48.42258072 117 100 92 255
77.26023865 197.97450256 49.53278351 143 134 127 255
79.54386139 202.79228210 52.21308517 108 103 97 255
77.26023865 207.61007690 54.89330673 86 82 73 255
82.77449799 180.50740051 69.58749390 8 8 6 255
71.74703979 176.51585388 67.36684418 1 1 1 255
71.74703979 176.51585388 67.36684418 2 2 0 255
60.71966171 180.50740051 69.58749390 8 7 5 255
56.15195084 190.14395142 74.94853210 19 15 12 255
60.71966171 199.78059387 80.30967712 29 26 21 255
71.74703979 203.77214050 82.53022003 32 28 25 255
82.77449799 199.78059387 80.30967712 30 27 22 255
87.34223175 190.14395142 74.94853210 23 22 18 255
77.78485870 177.72496033 84.85235596 6 5 3 255
71.74707031 175.53953552 83.63648987 1 1 1 255
71.74707031 175.53953552 83.63648987 1 1 1 255
65.70928955 177.72496033 84.85235596 9 8 6 255
63.20837021 183.00122070 87.78764343 14 13 11 255
65.70928955 188.27749634 90.72298431 8 8 6 255
71.74707031 190.46298218 91.93878937 1 1 1 255
77.78485870 188.27749634 90.72298431 12 11 9 255
80.28579712 183.00122070 87.78764343 10 9 7 255
77.78485870 174.13279724 91.30937195 6 6 6 255
71.74707031 171.94731140 90.09351349 4 4 2 255
71.74707031 171.94731140 90.09351349 4 4 2 255
65.70928955 174.13279724 91.30937195 12 11 9 255
63.20837021 179.40901184 94.24466705 8 8 6 255
65.70928955 184.68531799 97.18003082 0 0 0 255
71.74707031 186.87081909 98.39582825 0 0 0 255
77.78485870 184.68531799 97.18003082 0 0 0 255
80.28579712 179.40901184 94.24466705 0 0 0 255
30.03001022 196.39915466 40.68102264 52 48 39 255
34.62097168 196.29672241 42.75793457 58 53 49 255
60.48223877 195.48628235 54.97095871 31 28 23 255
60.48223877 196.96836853 52.30691528 76 72 60 255
60.48223877 196.96836853 52.30691528 49 45 42 255
63.20629120 199.44114685 50.37083054 39 39 31 255
65.17003632 200.21893311 50.78144455 38 29 32 255
66.24817657 199.65202332 52.79335022 95 79 17 255
113.43856049 196.30810547 40.65480423 57 52 48 255
108.80268860 196.22796631 42.76115036 56 49 43 255
82.97010803 195.39811707 54.92190552 35 30 26 255
82.97010803 196.88021851 52.25786591 56 53 48 255
82.97010803 196.88021851 52.25786591 34 29 23 255
80.25617218 199.37431335 50.33364487 99 94 90 255
78.29969788 200.16741943 50.75278473 50 46 35 255
77.22554779 199.60896301 52.76942062 88 65 24 255
55.64616013 195.91795349 61.71165466 38 34 31 255
59.37968826 189.13975525 57.90499878 5 5 5 255
59.37968826 189.13975525 57.90499878 6 6 6 255
55.75688934 198.63554382 56.80258179 94 89 85 255
59.27598190 191.81382751 53.03280640 36 33 28 255
84.07611847 191.80258179 53.09656525 41 38 33 255
84.23654938 189.09698486 57.95990753 8 7 5 255
84.23654938 189.09698486 57.95990753 5 5 3 255
88.02324677 195.86228943 61.72359848 35 34 32 255
87.85092163 198.56787109 56.86027145 46 41 37 255
111.03675079 191.35925293 39.28859329 28 23 19 255
101.81809998 179.30268860 32.58122253 35 30 26 255
88.02140808 171.24676514 28.09949875 33 28 24 255
71.74710083 168.41789246 26.52573013 31 28 23 255
71.74710083 168.41789246 26.52573013 33 29 26 255
55.47278976 171.24673462 28.09950638 34 29 25 255
41.67607117 179.30267334 32.58120728 31 26 22 255
32.45740891 191.35923767 39.28856659 36 31 27 255
29.22024918 205.58087158 47.20042801 26 23 18 255
32.45740891 219.80253601 55.11228180 22 18 15 255
41.67607117 231.85908508 61.81964874 15 11 8 255
55.47275925 239.91500854 66.30137634 9 8 6 255
71.74707031 242.74388123 67.87518311 10 9 5 255
88.02139282 239.91500854 66.30137634 10 9 7 255
101.81809235 231.85908508 61.81964874 12 11 9 255
111.03674316 219.80253601 55.11228180 17 13 14 255
114.27391052 205.58088684 47.20043945 26 23 18 255
112.21659088 192.43103027 36.35680771 41 36 32 255
102.72110748 180.01240540 29.44802856 45 40 36 255
88.51010895 171.71458435 24.83173752 46 41 37 255
71.74710083 168.80075073 23.21070099 39 34 30 255
71.74710083 168.80075073 23.21070099 43 38 34 255
54.98408890 171.71458435 24.83173752 44 39 35 255
40.77307129 180.01235962 29.44799805 44 39 35 255
31.27758980 192.43096924 36.35678482 37 32 28 255
27.94321060 207.07968140 44.50625992 34 31 26 255
31.27757072 221.72843933 52.65569687 34 30 27 255
40.77304840 234.14703369 59.56446075 29 25 22 255
54.98405838 242.44487000 64.18075562 21 20 18 255
71.74707031 245.35870361 65.80181122 27 26 22 255
88.51009369 242.44487000 64.18075562 24 23 21 255
102.72109985 234.14703369 59.56446075 20 19 17 255
112.21658325 221.72843933 52.65569687 32 29 24 255
115.55094910 207.07972717 44.50625610 37 34 29 255
115.06494904 192.02084351 34.66724777 39 34 30 255
104.90113831 178.72817993 27.27220535 38 33 29 255
89.68994904 169.84634399 22.33100891 37 32 28 255
71.74710083 166.72740173 20.59587479 41 37 34 255
71.74710083 166.72740173 20.59587479 28 24 21 255
53.80424881 169.84629822 22.33100128 37 32 28 255
38.59304047 178.72816467 27.27219009 38 33 29 255
28.42922020 192.02079773 34.66724014 36 31 27 255
24.86016083 207.70054626 43.39028168 38 33 29 255
28.42921066 223.38027954 52.11330795 44 39 35 255
38.59302139 236.67295837 59.50834274 37 32 28 255
53.80421829 245.55482483 64.44955444 38 33 29 255
71.74707031 248.67373657 66.18464661 48 43 39 255
89.68991089 245.55482483 64.44955444 41 36 32 255
104.90112305 236.67295837 59.50834274 38 35 28 255
115.06494141 223.38032532 52.11331940 42 37 33 255
118.63400269 207.70057678 43.39028168 40 35 31 255
117.91332245 190.36901855 35.20963669 26 23 18 255
107.08119965 176.20225525 27.32835770 20 16 17 255
90.86978912 166.73638916 22.06224060 19 18 14 255
71.74710083 163.41238403 20.21302032 13 12 10 255
71.74710083 163.41238403 20.21302032 20 19 17 255
52.62443161 166.73635864 22.06221771 19 15 14 255
36.41299057 176.20222473 27.32831955 25 21 18 255
25.58086014 190.36895752 35.20960617 23 19 16 255
21.77712059 207.07968140 44.50625992 36 31 27 255
25.58085060 223.79048157 53.80286026 45 40 36 255
36.41297150 237.95718384 61.68415451 42 37 33 255
52.62440109 247.42306519 66.95027161 43 38 34 255
71.74707031 250.74707031 68.79950714 52 44 41 255
90.86976624 247.42311096 66.95026398 49 41 38 255
107.08117676 237.95716858 61.68416977 42 37 33 255
117.91329956 223.79049683 53.80288315 42 37 33 255
121.71704865 207.07972717 44.50625610 35 30 26 255
119.09314728 188.44305420 37.66625214 15 14 12 255
107.98419952 173.91432190 29.58353043 9 8 6 255
91.35848999 164.20651245 24.18283081 6 6 4 255
71.74710083 160.79759216 22.28636551 3 3 3 255
71.74710083 160.79759216 22.28636551 7 7 7 255
52.13571930 164.20651245 24.18283081 6 6 4 255
35.50997925 173.91430664 29.58351517 13 12 10 255
24.40102959 188.44306946 37.66621780 14 13 11 255
20.50008011 205.58087158 47.20042801 26 22 19 255
24.40102005 222.71871948 56.73463058 40 35 31 255
35.50997162 237.24746704 64.81734467 40 35 31 255
52.13568878 246.95526123 70.21803284 44 36 33 255
71.74707031 250.36421204 72.11448669 48 40 37 255
91.35845947 246.95526123 70.21803284 49 41 38 255
107.98419952 237.24746704 64.81734467 40 35 31 255
119.09313965 222.71871948 56.73463440 37 32 28 255
122.99408722 205.58088684 47.20043945 29 26 21 255
117.91332245 187.37129211 40.59801865 11 10 8 255
107.08119965 173.20458984 32.71673584 6 6 4 255
90.86978912 163.73869324 27.45061111 4 4 2 255
71.74710083 160.41471863 25.60138702 1 1 1 255
71.74710083 160.41471863 25.60138702 1 1 1 255
52.62443161 163.73867798 27.45061111 3 3 3 255
36.41299057 173.20454407 32.71669769 8 7 5 255
25.58086014 187.37123108 40.59799576 11 10 8 255
21.77712059 204.08203125 49.89461136 15 14 12 255
25.58085060 220.79280090 59.19124985 29 25 24 255
36.41297150 234.95950317 67.07252502 31 28 23 255
52.62440109 244.42541504 72.33861542 33 28 25 255
71.74707031 247.74938965 74.18785858 33 30 25 255
90.86976624 244.42541504 72.33865356 35 30 27 255
107.08117676 234.95951843 67.07251740 30 26 23 255
117.91329956 220.79280090 59.19124985 27 23 22 255
121.71704865 204.08204651 49.89462662 17 16 12 255
115.06494904 187.78147888 42.28756714 8 7 5 255
104.90113831 174.48883057 34.89253998 8 7 5 255
89.68994904 165.60699463 29.95133209 9 8 6 255
71.74710083 162.48805237 28.21620941 9 8 6 255
71.74710083 162.48805237 28.21620941 8 8 8 255
53.80424881 165.60693359 29.95131683 10 9 7 255
38.59304047 174.48881531 34.89252090 10 9 7 255
28.42922020 187.78143311 42.28755951 10 9 7 255
24.86016083 203.46118164 51.01059341 11 10 8 255
28.42921066 219.14091492 59.73361969 14 13 11 255
38.59302139 232.43359375 67.12866211 13 12 10 255
53.80421829 241.31546021 72.06987000 13 12 10 255
71.74707031 244.43437195 73.80499268 14 13 11 255
89.68991089 241.31546021 72.06987000 13 12 10 255
104.90112305 232.43359375 67.12866211 14 13 11 255
115.06494141 219.14096069 59.73362732 11 10 8 255
118.63400269 203.46122742 51.01058197 10 9 7 255
112.21659088 189.43334961 41.74518585 8 7 5 255
112.21659088 189.43334961 41.74518585 8 7 5 255
102.72110748 177.01475525 34.83641052 16 12 13 255
102.72110748 177.01475525 34.83641052 12 11 9 255
88.51010895 168.71691895 30.22011185 14 13 11 255
88.51010895 168.71691895 30.22011185 19 15 12 255
71.74710083 165.80308533 28.59907150 12 11 9 255
71.74710083 165.80308533 28.59907150 20 17 12 255
71.74710083 165.80308533 28.59907150 13 12 10 255
71.74710083 165.80308533 28.59907150 21 17 14 255
54.98408890 168.71685791 30.22010803 20 17 12 255
54.98408890 168.71685791 30.22010803 18 17 15 255
40.77307129 177.01472473 34.83638763 18 14 11 255
40.77307129 177.01472473 34.83638763 16 15 13 255
31.27758980 189.43331909 41.74516296 13 9 6 255
31.27758980 189.43331909 41.74516296 8 7 5 255
27.94321060 204.08203125 49.89461136 9 8 6 255
27.94321060 204.08203125 49.89461136 10 9 7 255
31.27757072 218.73077393 58.04406738 10 9 7 255
31.27757072 218.73077393 58.04406738 9 8 6 255
40.77304840 231.14933777 64.95285034 6 6 4 255
40.77304840 231.14933777 64.95285034 4 4 4 255
54.98405838 239.44718933 69.56913757 3 3 3 255
54.98405838 239.44718933 69.56913757 3 3 3 255
71.74707031 242.36102295 71.19015503 3 3 3 255
71.74707031 242.36102295 71.19015503 2 2 2 255
88.51009369 239.44718933 69.56913757 4 4 4 255
88.51009369 239.44718933 69.56913757 4 4 4 255
102.72109985 231.14933777 64.95285034 6 6 6 255
102.72109985 231.14933777 64.95285034 6 5 3 255
112.21658325 218.73078918 58.04407501 8 7 5 255
112.21658325 218.73078918 58.04407501 9 8 6 255
115.55094910 204.08204651 49.89462662 11 10 8 255
115.55094910 204.08204651 49.89462662 12 11 9 255
-149.27404785 215.08987427 93.75469208 91 85 63 255
-149.27404785 215.08987427 93.75469208 130 127 110 255
-152.65994263 214.06834412 98.53627777 4 2 3 255
-152.65994263 214.06834412 98.53627777 205 199 163 255
-152.06176758 210.34660339 -51.75119019 202 196 164 255
-148.21777344 210.73652649 -51.73553848 205 199 167 255
-144.50378418 206.45162964 -51.73575592 160 155 126 255
-152.48706055 213.73135376 35.99549103 203 197 163 255
-148.85266113 213.84397888 35.73567963 205 199 165 255
-145.12359619 209.40348816 36.26549530 165 160 131 255
-151.75935364 208.03094482 -92.10763550 174 170 143 255
-151.75935364 208.03094482 -92.10763550 174 170 143 255
-147.98236084 208.19168091 -92.78070831 94 90 65 255
-147.98236084 208.19168091 -92.78070831 94 90 65 255
-144.26574707 203.90841675 -92.65995789 118 113 93 255
-144.26574707 203.90841675 -92.65995789 118 113 93 255
-144.46405029 69.52530670 -80.13754272 28 23 20 255
-144.46405029 69.52530670 -80.13754272 28 23 20 255
-145.11486816 70.21554565 92.39134216 13 12 10 255
-145.11486816 70.21554565 92.39134216 13 12 10 255
-145.52105713 210.49090576 92.65829468 39 33 21 255
-145.52105713 210.49090576 92.65829468 39 33 21 255
-145.52105713 210.49090576 92.65829468 106 104 83 255
-144.38165283 94.98136902 -92.55595398 24 19 16 255
-144.38165283 94.98136902 -92.55595398 24 19 16 255
-144.41328430 78.64112091 -89.35181427 31 26 23 255
-144.41328430 78.64112091 -89.35181427 31 26 23 255
-43.34008789 55.08576584 21.21444893 14 14 12 255
-35.26547241 55.08576584 13.86548996 9 9 7 255
-35.26547241 97.71345520 13.86548996 1 1 1 255
-43.34008789 97.71347046 21.21444893 3 3 3 255
-116.02029419 55.08576584 13.86548996 18 17 15 255
-107.94555664 55.08576584 21.21444893 24 23 19 255
-107.94555664 97.71347046 21.21444893 3 3 3 255
-116.02029419 97.71347046 13.86548996 4 4 4 255
-43.34008789 97.71347046 -55.45045471 0 0 0 255
-43.34008789 97.71347046 -55.45045471 0 0 0 255
-35.26547241 97.71345520 -48.10152054 4 4 4 255
-35.26547241 55.08576584 -48.10152054 15 14 12 255
-43.34008789 55.08576584 -55.45045471 8 8 8 255
-43.34008789 55.08576584 -55.45045471 14 13 11 255
-116.02029419 97.71347046 -48.10152054 16 16 14 255
-107.94555664 97.71347046 -55.45045471 0 0 0 255
-107.94555664 55.08576584 -55.45045471 13 13 13 255
-116.02029419 55.08576584 -48.10152054 18 17 15 255
43.34008789 55.08576584 21.21444893 14 14 12 255
35.26547241 55.08576584 13.86548996 9 9 7 255
35.26547241 97.71345520 13.86548996 1 1 1 255
43.34008789 97.71347046 21.21444893 3 3 3 255
116.02029419 55.08576584 13.86548996 18 17 15 255
107.94555664 55.08576584 21.21444893 24 23 19 255
107.94555664 97.71347046 21.21444893 3 3 3 255
116.02029419 97.71347046 13.86548996 4 4 4 255
43.34008789 97.71347046 -55.45045471 0 0 0 255
43.34008789 97.71347046 -55.45045471 0 0 0 255
35.26547241 97.71345520 -48.10152054 4 4 4 255
35.26547241 55.08576584 -48.10152054 15 14 12 255
43.34008789 55.08576584 -55.45045471 8 8 8 255
43.34008789 55.08576584 -55.45045471 14 13 11 255
116.02029419 97.71347046 -48.10152054 16 16 14 255
107.94555664 97.71347046 -55.45045471 0 0 0 255
107.94555664 55.08576584 -55.45045471 13 13 13 255
116.02029419 55.08576584 -48.10152054 18 17 15 255
-150.10632324 59.02804184 117.65884399 1 1 1 255
150.10632324 59.02804184 117.65884399 0 0 0 255
-150.10632324 59.02804184 -105.58547211 0 2 1 255
150.10632324 59.02804184 -105.58547211 0 0 0 255
103.63909149 59.02804184 123.58854675 11 10 6 255
-103.63909149 59.02804184 123.58854675 19 16 11 255
-82.81813812 59.02804184 147.76516724 11 10 8 255
82.81813812 59.02804184 147.76516724 13 13 11 255
49.21162033 79.93273926 141.42631531 18 13 7 255
67.10398865 79.93273926 141.42631531 12 11 6 255
49.21162033 85.19067383 137.86892700 51 44 36 255
67.10398865 85.19067383 137.86892700 40 33 25 255
49.21162033 65.17935181 118.26457977 43 36 26 255
67.10398865 65.17935181 118.26457977 34 27 19 255
49.21162033 59.92141724 121.82192993 31 26 22 255
67.10398865 59.92141724 121.82192993 29 25 16 255
45.80007172 68.49232483 121.51016235 46 37 28 255
45.80007172 63.23438263 125.06752014 11 10 6 255
70.51554108 63.23438263 125.06752014 9 8 6 255
70.51554108 68.49232483 121.51016235 31 27 15 255
45.80007172 81.75674438 134.50485229 54 47 37 255
45.80007172 76.49880219 138.06217957 11 10 5 255
70.51554108 76.49880219 138.06217957 9 8 6 255
70.51554108 81.75674438 134.50485229 43 38 32 255
23.05129051 79.93273926 141.42631531 15 11 8 255
31.23608971 79.93273926 141.42631531 20 19 17 255
23.05129051 85.19067383 137.86892700 52 48 39 255
31.23608971 85.19067383 137.86892700 42 39 32 255
23.05129051 65.17935181 118.26457977 40 36 27 255
31.23608971 65.17935181 118.26457977 33 28 22 255
23.05129051 59.92141724 121.82192993 35 30 24 255
31.23608971 59.92141724 121.82192993 30 25 19 255
19.71232986 68.85520172 121.86564636 43 38 32 255
19.71232986 63.59725189 125.42302704 17 14 9 255
34.57505035 63.59725189 125.42302704 8 7 5 255
34.57505035 68.85520172 121.86564636 29 28 23 255
19.71232986 82.22287750 134.96150208 57 50 42 255
19.71232986 76.96493530 138.51885986 19 14 11 255
34.57505035 76.96493530 138.51885986 14 13 11 255
34.57505035 82.22287750 134.96150208 40 37 30 255
83.74033356 77.24055481 136.67515564 11 10 5 255
90.53501129 77.24055481 136.67515564 26 23 18 255
83.74033356 81.42790985 133.84213257 51 44 34 255
90.53501129 81.42790985 133.84213257 61 51 39 255
83.74033356 65.49117279 118.22947693 44 37 29 255
90.53501129 65.49117279 118.22947693 39 34 28 255
83.74033356 61.30382538 121.06250000 36 31 25 255
90.53501129 61.30382538 121.06250000 37 34 27 255
80.56683350 68.49712372 121.17430878 50 45 39 255
80.56683350 64.30977631 124.00733185 11 10 8 255
93.70852661 64.30977631 124.00733185 12 11 7 255
93.70852661 68.49712372 121.17430878 45 38 30 255
80.56683350 78.19132996 130.67134094 57 50 42 255
80.56683350 74.00395966 133.50440979 14 10 9 255
93.70852661 74.00395966 133.50440979 18 15 10 255
93.70852661 78.19132996 130.67134094 59 52 42 255
97.23890686 172.64959717 -127.86341095 63 57 45 255
80.25340271 172.64959717 -127.86341095 59 51 40 255
97.09723663 187.25111389 -133.12899780 106 88 74 255
80.39508057 187.25111389 -133.12899780 37 34 29 255
97.09723663 188.05958557 -147.59785461 53 50 43 255
80.39508057 188.05958557 -147.59785461 89 76 59 255
94.82897186 176.20495605 -155.26087952 24 20 17 255
82.66334534 176.20495605 -155.26087952 19 16 11 255
97.09723663 178.69453430 -153.42797852 28 27 23 255
80.39508057 178.69453430 -153.42797852 54 44 35 255
97.09723663 189.35581970 -140.12733459 60 53 47 255
80.39508057 189.35581970 -140.12733459 50 45 39 255
97.23890686 172.64959717 -131.15444946 74 68 56 255
80.25340271 172.64959717 -131.15444946 111 109 97 255
94.82897186 174.63821411 -150.70674133 2 2 2 255
94.82897186 174.63821411 -150.70674133 2 2 2 255
82.66334534 174.63821411 -150.70674133 2 2 2 255
82.66334534 174.63821411 -150.70674133 2 2 2 255
97.09723663 181.69711304 -135.88999939 6 4 9 255
97.09723663 183.05433655 -140.32991028 0 3 13 255
80.39508057 181.69711304 -135.88999939 17 8 1 255
80.39508057 183.05433655 -140.32991028 7 7 0 255
97.09723663 182.25230408 -145.37524414 6 6 4 255
80.39508057 182.25230408 -145.37524414 22 18 7 255
97.09723663 176.13093567 -149.66847229 7 3 2 255
80.39508057 176.13093567 -149.66847229 36 22 13 255
88.95647430 186.09353638 -133.69184875 32 29 24 255
88.95647430 188.19825745 -140.12884521 38 33 29 255
88.95647430 186.90203857 -147.09623718 35 30 26 255
88.95647430 178.69453430 -152.57958984 59 51 40 255
88.96175385 174.60293579 -155.67378235 39 35 24 255
88.96175385 173.03619385 -151.11961365 0 0 0 255
97.09723663 178.11953735 -133.33039856 9 5 4 255
97.09723663 180.44619751 -129.90101624 38 35 30 255
88.95647430 179.71505737 -130.56903076 34 31 26 255
80.39508057 180.44619751 -129.90101624 35 32 25 255
80.39508057 178.11953735 -133.33039856 30 14 0 255
94.88617706 154.57283020 -124.11783600 7 7 5 255
82.60616302 154.57283020 -124.11783600 30 29 25 255
99.21465302 160.13619995 -125.15277863 53 48 42 255
78.27768707 160.13619995 -125.15277863 59 54 50 255
94.88617706 154.57283020 -128.17445374 4 4 4 255
94.88617706 154.57283020 -128.17445374 3 3 1 255
82.60616302 154.57283020 -128.17445374 0 0 0 255
82.60616302 154.57283020 -128.17445374 4 4 4 255
99.21465302 160.13619995 -129.20939636 22 19 14 255
78.27768707 160.13619995 -129.20939636 8 7 3 255
78.27768707 170.97227478 -131.22521973 45 38 32 255
78.27768707 170.97227478 -127.16858673 56 52 41 255
99.21465302 170.97227478 -127.16858673 46 39 29 255
99.21465302 170.97227478 -131.22521973 52 48 39 255
92.11836243 226.49455261 102.88764191 8 8 6 255
83.65254211 228.58717346 103.88105011 9 9 9 255
73.11949921 229.47526550 104.30271149 9 9 11 255
62.37648010 228.58717346 103.88106537 7 7 7 255
53.49893188 226.42443848 102.85432434 14 13 11 255
95.83377075 229.67092896 104.24050903 119 112 104 255
92.64901733 227.81176758 101.37657166 78 71 63 255
85.74120331 232.16552734 105.42484283 126 119 111 255
73.18418884 233.22438049 105.92749023 124 117 109 255
73.12872314 230.87419128 102.83045959 85 78 70 255
83.95085907 229.96174622 102.39725494 82 80 68 255
60.37683105 232.16552734 105.42484283 121 114 106 255
49.79344177 229.58721924 104.20079041 124 117 111 255
52.96968079 227.73966980 101.34235382 80 73 67 255
62.09088135 229.96168518 102.39725494 35 31 28 255
53.32754898 195.58012390 88.05619049 20 19 15 255
53.32754898 195.58012390 88.05619049 13 13 11 255
92.23813629 195.58012390 88.05619049 14 13 11 255
92.23813629 195.58012390 88.05619049 20 19 15 255
90.70198822 199.87741089 87.89678955 56 51 47 255
54.86318970 199.87741089 87.89678955 48 43 39 255
103.53579712 222.95634460 101.05288696 91 88 81 255
102.71527100 225.41073608 102.21804810 135 128 122 255
42.02989960 222.95637512 101.05288696 24 21 16 255
42.86362839 225.39878845 102.21242523 80 73 65 255
47.77878189 222.96713257 101.21305847 15 14 12 255
47.02867889 220.88845825 100.22621155 11 10 8 255
47.24962997 224.28245544 99.70105743 36 29 23 255
46.49713898 221.57470703 98.41557312 21 17 16 255
98.53701782 220.88844299 100.22619629 19 19 17 255
97.79540253 222.98007202 101.21916199 11 11 9 255
99.06855011 221.57463074 98.41555786 42 37 31 255
98.33274078 224.29312134 99.70615387 83 80 73 255
50.01959991 209.98866272 92.91518402 89 85 74 255
51.85173035 203.07467651 89.41468811 78 73 69 255
50.16442108 198.26211548 89.32943726 43 40 35 255
50.16442108 198.26211548 89.32943726 30 27 22 255
95.48265839 198.50921631 89.44673157 41 37 34 255
95.48265839 198.50921631 89.44673157 47 44 39 255
93.79746246 203.36915588 89.55449677 24 19 15 255
95.63449097 210.35159302 93.08750153 93 89 80 255
91.53437042 192.93386841 92.17562866 13 12 8 255
91.53437042 192.93386841 92.17562866 5 5 5 255
54.03129959 192.93386841 92.17562866 7 7 7 255
54.03129959 192.93386841 92.17562866 2 2 0 255
95.29534149 211.20101929 95.11354065 24 19 15 255
50.32094955 211.01571655 95.02526093 39 38 33 255
71.71515656 211.10310364 95.06690979 32 32 20 255
71.71605682 210.15991211 92.99649811 41 39 26 255
80.77744293 162.10693359 89.02439880 2 2 2 255
64.78768158 162.10693359 89.02439880 3 3 3 255
80.77744293 168.13757324 80.52040863 18 17 15 255
80.77744293 168.13757324 80.52040863 11 10 6 255
64.78768158 168.13757324 80.52040863 22 18 15 255
64.78768158 168.13757324 80.52040863 33 32 28 255
86.28955841 173.91995239 83.23836517 23 22 17 255
86.28955841 173.91995239 83.23836517 27 26 21 255
86.28955841 167.88931274 91.74228668 0 0 0 255
59.27558136 167.88931274 91.74228668 1 0 0 255
59.27558136 173.91995239 83.23836517 38 34 31 255
59.27558136 173.91995239 83.23836517 30 29 27 255
72.87435150 166.53883362 79.76890564 29 28 24 255
72.87435150 166.53883362 79.76890564 23 23 21 255
72.87435150 166.53883362 79.76890564 43 42 40 255
72.87435150 160.50808716 88.27290344 2 2 2 255
72.87435150 160.50808716 88.27290344 0 0 0 255
72.84696960 176.42651367 84.68973541 1 1 0 255
54.03129959 186.90319824 100.67963409 0 0 0 255
91.53437042 186.90319824 100.67963409 2 1 0 255
93.03008270 189.82592773 101.37018585 12 11 9 255
100.07154846 210.71072388 111.28510284 8 7 5 255
99.33975983 213.03739929 112.38966370 0 0 0 255
93.26557159 217.19020081 114.36112976 6 6 6 255
84.29747009 219.64123535 115.52479553 24 19 15 255
73.13948059 220.68162537 116.01867676 45 37 34 255
61.75904846 219.64129639 115.52479553 46 36 35 255
52.35477066 217.10795593 114.32215118 12 8 7 255
46.23688889 213.02455139 112.38358307 14 10 9 255
45.49414825 210.71072388 111.28510284 9 8 6 255
52.61437988 189.58355713 101.25512695 13 12 10 255
147.69985962 186.16346741 -135.69990540 24 19 16 255
95.45559692 186.16346741 -222.18878174 78 59 52 255
139.73316956 186.16346741 -195.97235107 82 72 63 255
120.89533997 186.16346741 -144.85832214 59 48 44 255
118.84593964 186.16346741 -189.50146484 68 55 47 255
83.30921936 186.16346741 -206.97705078 74 61 52 255
108.53913879 174.33459473 -153.35597229 55 42 33 255
108.92633057 174.33459473 -185.34399414 84 65 51 255
75.32364655 174.33459473 -199.23770142 89 68 49 255
147.69985962 181.35433960 -132.53169250 21 16 13 255
147.69985962 186.16346741 -139.14517212 21 16 12 255
128.34754944 186.16346741 -150.30473328 71 58 42 255
115.99134064 174.33459473 -158.80238342 69 51 41 255
147.69985962 186.16346741 -175.38189697 85 71 62 255
127.35189819 186.16346741 -174.93601990 59 50 43 255
114.99569702 174.33459473 -176.20307922 78 59 45 255
147.69985962 186.16346741 -159.76567078 29 25 22 255
128.66510010 186.16346741 -164.32115173 80 67 58 255
116.30889893 174.33459473 -168.70423889 91 72 57 255
122.40911865 186.16346741 -211.49137878 1 0 0 255
103.57016754 186.16346741 -200.31047058 71 55 42 255
94.53797913 174.33459473 -193.95188904 92 65 44 255
23.80862999 174.33459473 -203.28706360 69 56 48 255
26.33274078 186.16346741 -212.05911255 74 57 47 255
30.17201996 186.16346741 -229.79408264 73 56 46 255
0.00000000 181.35433960 -132.53169250 60 52 49 255
0.00000000 186.16346741 -135.69990540 76 62 53 255
0.00000000 186.16346741 -144.85832214 60 47 38 255
0.00000000 174.33459473 -153.35597229 60 47 39 255
0.00000000 174.33459473 -203.29873657 78 60 48 255
0.00000000 186.16346741 -212.05813599 64 49 42 255
0.00000000 186.16346741 -229.79408264 7 6 4 255
98.24143219 174.33459473 -176.45086670 70 60 50 255
147.69985962 55.39322281 -101.96385193 23 19 16 255
0.00000000 55.39322281 -101.96385193 7 6 4 255
-147.69985962 186.16346741 -135.69990540 28 23 20 255
-95.45559692 186.16346741 -222.18878174 66 52 43 255
-139.73316956 186.16346741 -195.97235107 104 90 63 255
-120.89533997 186.16346741 -144.85832214 80 61 47 255
-118.84593964 186.16346741 -189.50146484 73 57 44 255
-83.30921936 186.16346741 -206.97705078 85 68 58 255
-108.53913879 174.33459473 -153.35597229 54 37 29 255
-108.92633057 174.33459473 -185.34399414 82 60 47 255
-75.32364655 174.33459473 -199.23770142 66 48 36 255
-147.69985962 181.35433960 -132.53169250 28 24 23 255
-147.69985962 186.16346741 -139.14517212 29 24 21 255
-128.34754944 186.16346741 -150.30473328 73 59 50 255
-115.99134064 174.33459473 -158.80238342 72 53 39 255
-147.69985962 186.16346741 -175.38189697 107 94 75 255
-127.35189819 186.16346741 -174.93601990 76 58 46 255
-114.99569702 174.33459473 -176.20307922 83 64 50 255
-147.69985962 186.16346741 -159.76567078 32 27 23 255
-128.66510010 186.16346741 -164.32115173 67 53 44 255
-116.30889893 174.33459473 -168.70423889 64 51 42 255
-122.40911865 186.16346741 -211.49137878 2 1 0 255
-103.57016754 186.16346741 -200.31047058 78 59 45 255
-94.53797913 174.33459473 -193.95188904 76 57 43 255
-23.80862999 174.33459473 -203.28706360 59 46 38 255
-26.33274078 186.16346741 -212.05911255 68 58 49 255
-30.17201996 186.16346741 -229.79408264 74 64 55 255
-98.24143219 174.33459473 -176.45086670 81 63 51 255
-147.69985962 55.39322281 -101.96385193 25 21 18 255
-51.72032166 225.56135559 108.38286591 79 59 50 255
-51.77553940 171.01065063 95.84602356 8 7 5 255
-51.34254837 225.98884583 122.62458038 117 108 99 255
-124.79546356 216.74481201 113.56985474 128 123 117 255
-124.37716675 216.47618103 103.60517883 84 70 59 255
-124.02934265 171.01065063 94.74129486 10 5 9 255
-146.94598389 212.89530945 101.22216034 72 65 57 255
-146.91769409 171.01062012 94.07315826 9 5 2 255
-5.21884012 229.73339844 109.40544891 90 67 51 255
-3.16136003 228.39727783 123.74173737 97 90 82 255
-31.67703056 171.01065063 95.93506622 1 1 1 255
-51.77545166 169.51379395 105.66188049 1 1 1 255
-31.02504921 227.31219482 123.33851624 99 92 82 255
-124.37718201 215.03871155 101.67388916 79 65 56 255
-146.94598389 211.42871094 99.71595764 86 79 71 255
-146.92970276 169.51373291 104.83440399 16 12 9 255
-124.17841339 169.51379395 104.84339142 0 0 0 255
-51.77558136 175.50126648 92.57408142 31 23 20 255
-123.97962189 175.50126648 92.57408142 28 23 20 255
-146.91348267 175.50125122 92.57408142 18 14 13 255
0.00000000 230.03762817 109.59028625 87 64 48 255
0.00000000 228.43182373 123.76332092 117 110 102 255
-18.37401962 175.50126648 92.00531006 13 9 8 255
-5.26631021 228.33270264 107.31900787 88 62 47 255
-51.77439117 223.99267578 105.90295410 81 62 47 255
-3.77922010 228.40670776 118.57039642 85 64 47 255
-13.62736988 227.53546143 108.35028839 85 62 46 255
-32.53612137 226.76824951 108.63722992 89 68 49 255
-31.67663002 169.51379395 106.01802826 3 2 0 255
-32.75717163 175.50126648 92.00531006 9 8 6 255
0.00000000 175.50126648 92.00531006 27 24 19 255
0.00000000 228.67616272 107.48362732 80 61 47 255
0.00000000 228.43182373 118.86308289 90 69 52 255
-32.75239182 225.14945984 106.16297913 79 57 44 255
-14.05976963 225.86334229 106.16636658 76 57 43 255
-24.82859993 163.69523621 95.96141052 3 3 3 255
-24.82859993 163.69523621 95.96141052 3 3 3 255
-24.82780075 163.69688416 106.12341309 4 4 4 255
-24.82780075 163.69688416 106.12341309 3 3 3 255
-29.79561996 166.54399109 95.93506622 18 14 11 255
-29.79525948 166.54562378 106.01802826 12 11 9 255
-24.82888031 163.69004822 92.00531006 2 2 2 255
-29.79574013 166.53877258 92.00531006 12 8 5 255
0.00000000 163.69688416 106.23901367 0 0 0 255
0.00000000 163.69523621 95.99029541 0 0 0 255
0.00000000 163.69004822 92.00531006 0 0 0 255
0.00000000 199.40550232 91.87288666 120 114 100 255
-17.77458000 199.40817261 91.87439728 108 102 90 255
-32.75695038 199.50013733 92.02582550 87 83 74 255
-51.77552032 199.43823242 92.01111603 37 33 22 255
-124.00180054 198.92552185 91.77455902 44 39 33 255
-146.91535950 198.74458313 91.66548920 31 28 23 255
-10.67222023 227.97113037 113.93025970 84 61 47 255
-85.65022278 222.42207336 119.74808502 133 126 120 255
-85.74394226 222.04348755 106.82154846 85 68 58 255
-85.75734711 220.54664612 104.50762177 60 47 39 255
-85.75763702 199.24334717 91.93292236 51 44 34 255
-85.75765228 175.50126648 92.57408142 34 29 25 255
-85.75763702 171.01065063 95.48653412 9 8 6 255
-85.75762177 169.51379395 105.05155945 0 0 0 255
51.72032166 225.56135559 108.38286591 82 69 60 255
51.77553940 171.01065063 95.84602356 4 4 4 255
51.34254837 225.98884583 122.62458038 114 110 101 255
124.79546356 216.74481201 113.56985474 51 44 38 255
124.37716675 216.47618103 103.60517883 90 65 61 255
124.02934265 171.01065063 94.74129486 7 6 4 255
146.94598389 212.89530945 101.22216034 77 74 69 255
146.91769409 171.01062012 94.07315826 18 14 11 255
5.21884012 229.73339844 109.40544891 89 66 50 255
3.16136003 228.39727783 123.74173737 87 80 72 255
31.67703056 171.01065063 95.93506622 1 0 0 255
51.77545166 169.51379395 105.66188049 1 1 1 255
31.02504921 227.31219482 123.33851624 79 73 59 255
124.37718201 215.03871155 101.67388916 57 44 38 255
146.94598389 211.42871094 99.71595764 41 38 33 255
146.92970276 169.51373291 104.83440399 26 22 19 255
124.17841339 169.51379395 104.84339142 0 0 0 255
51.77558136 175.50126648 92.57408142 17 13 10 255
123.97962189 175.50126648 92.57408142 21 17 14 255
146.91348267 175.50125122 92.57408142 11 7 6 255
18.37401962 175.50126648 92.00531006 20 19 15 255
5.26631021 228.33270264 107.31900787 81 58 42 255
51.77439117 223.99267578 105.90295410 87 64 46 255
3.77922010 228.40670776 118.57039642 83 62 45 255
13.62736988 227.53546143 108.35028839 87 64 50 255
32.53612137 226.76824951 108.63722992 83 69 58 255
31.67663002 169.51379395 106.01802826 1 1 1 255
32.75717163 175.50126648 92.00531006 17 16 14 255
32.75239182 225.14945984 106.16297913 83 60 42 255
14.05976963 225.86334229 106.16636658 74 55 41 255
24.82859993 163.69523621 95.96141052 2 2 2 255
24.82859993 163.69523621 95.96141052 2 2 2 255
24.82780075 163.69688416 106.12341309 2 2 2 255
24.82780075 163.69688416 106.12341309 3 3 3 255
29.79561996 166.54399109 95.93506622 9 8 6 255
29.79525948 166.54562378 106.01802826 8 7 5 255
24.82888031 163.69004822 92.00531006 2 2 2 255
29.79574013 166.53877258 92.00531006 9 8 6 255
17.77458000 199.40817261 91.87439728 115 109 95 255
32.75695038 199.50013733 92.02582550 94 90 81 255
51.77552032 199.43823242 92.01111603 85 77 74 255
124.00180054 198.92552185 91.77455902 43 38 34 255
146.91535950 198.74458313 91.66548920 16 15 11 255
10.67222023 227.97113037 113.93025970 83 60 46 255
85.65022278 222.42207336 119.74808502 126 119 109 255
85.74394226 222.04348755 106.82154846 3 3 3 255
85.75734711 220.54664612 104.50762177 34 26 23 255
85.75763702 199.24334717 91.93292236 30 22 19 255
85.75765228 175.50126648 92.57408142 7 6 2 255
85.75763702 171.01065063 95.48653412 3 3 3 255
85.75762177 169.51379395 105.05155945 0 0 0 255
-98.35769653 223.36273193 116.03683472 119 112 102 255
0.00000000 230.38168335 122.19839478 96 89 79 255
-141.65553284 208.37725830 92.76859283 59 54 48 255
-135.07771301 216.87878418 105.24949646 163 157 145 255
-122.95648956 219.42442322 111.67439270 97 90 80 255
-103.93781281 223.63754272 127.68093109 222 219 178 255
0.00000000 231.38088989 139.65159607 222 220 179 255
-127.66719818 218.74655151 122.27025604 3 1 0 255
-141.89643860 215.11994934 115.71182251 10 10 10 255
-149.96008301 215.16838074 103.28661346 204 198 164 255
-139.75616455 214.80578613 98.30714417 58 53 47 255
-77.60140991 226.45646667 132.30107117 222 218 183 255
-73.43055725 226.31596375 119.45162201 130 123 115 255
-43.18375015 229.62367249 137.11151123 221 219 180 255
-40.85457993 228.89587402 122.19773865 126 121 102 255
-137.76989746 216.15226746 108.56734467 167 162 132 255
-143.16636658 214.33265686 99.86286163 98 96 75 255
-145.52777100 197.62405396 92.76253510 9 4 0 255
-141.65553284 197.62590027 92.76859283 56 52 41 255
-144.29019165 212.45257568 95.49916840 153 147 131 255
-140.98922729 212.66964722 94.75790405 108 101 91 255
-135.07771301 212.06228638 105.24949646 3 1 0 255
-122.95648956 214.60787964 111.67439270 9 8 4 255
-139.75616455 203.65342712 98.30714417 72 65 59 255
-98.35769653 218.54614258 116.03683472 1 0 0 255
0.00000000 225.56521606 122.19839478 13 12 10 255
-40.85457993 224.07934570 122.19773865 14 13 8 255
-73.43055725 221.49940491 119.45162201 9 8 3 255
-140.98922729 198.26811218 94.75790405 66 62 53 255
-145.52201843 208.08247375 92.74665070 78 71 63 255
98.35769653 223.36273193 116.03683472 108 101 93 255
141.65553284 208.37725830 92.76859283 85 82 77 255
135.07771301 216.87878418 105.24949646 96 90 78 255
122.95648956 219.42442322 111.67439270 87 80 70 255
103.93781281 223.63754272 127.68093109 217 216 170 255
152.65972900 215.22456360 96.14222717 1 2 0 255
152.65972900 215.22456360 96.14222717 219 215 180 255
127.71047974 218.80525208 121.44398499 213 211 173 255
142.01736450 215.00601196 113.80194092 221 216 176 255
149.96008301 215.16838074 103.28661346 200 191 160 255
139.75616455 214.80578613 98.30714417 120 113 103 255
77.60140991 226.45646667 132.46261597 218 214 177 255
73.43055725 226.31596375 119.45162201 104 97 87 255
50.97174835 229.30677795 136.24298096 221 215 181 255
40.85457993 228.89587402 122.19773865 92 85 77 255
149.27404785 215.08987427 93.75469208 63 60 41 255
149.27404785 215.08987427 93.75469208 58 53 47 255
137.76989746 216.15226746 108.56734467 176 169 140 255
143.16636658 214.33265686 99.86286163 56 50 36 255
145.52105713 210.49090576 92.65829468 91 87 75 255
145.52105713 210.49090576 92.65829468 91 87 75 255
145.52105713 210.49090576 92.65829468 105 99 85 255
145.52777100 197.62405396 92.76253510 50 47 42 255
141.65553284 197.62590027 92.76859283 43 40 33 255
144.29019165 212.45257568 95.49916840 47 41 27 255
140.98922729 212.66964722 94.75790405 135 131 122 255
135.07771301 212.06228638 105.24949646 4 0 0 255
122.95648956 214.60787964 111.67439270 8 7 2 255
139.75616455 203.65342712 98.30714417 83 77 65 255
98.35769653 218.54614258 116.03683472 13 12 10 255
40.85457993 224.07934570 122.19773865 10 9 4 255
73.43055725 221.49940491 119.45162201 28 25 20 255
140.98922729 198.26811218 94.75790405 119 115 104 255
145.52201843 208.08247375 92.74665070 51 47 38 255
-96.36724854 172.64959717 -127.86341095 63 57 45 255
-79.03907776 172.64959717 -127.86341095 59 51 40 255
-96.22272491 187.25111389 -133.12899780 106 88 74 255
-79.18361664 187.25111389 -133.12899780 37 34 29 255
-96.22272491 188.05958557 -147.59785461 53 50 43 255
-79.18361664 188.05958557 -147.59785461 89 76 59 255
-93.90869141 176.20495605 -155.26087952 24 20 17 255
-81.49764252 176.20495605 -155.26087952 19 16 11 255
-96.22272491 178.69453430 -153.42797852 28 27 23 255
-79.18361664 178.69453430 -153.42797852 54 44 35 255
-96.22272491 189.35581970 -140.12733459 60 53 47 255
-79.18361664 189.35581970 -140.12733459 50 45 39 255
-96.36724854 172.64959717 -131.15444946 74 68 56 255
-79.03907776 172.64959717 -131.15444946 111 109 97 255
-93.90869141 174.63821411 -150.70674133 2 2 2 255
-93.90869141 174.63821411 -150.70674133 2 2 2 255
-81.49764252 174.63821411 -150.70674133 2 2 2 255
-81.49764252 174.63821411 -150.70674133 2 2 2 255
-96.22272491 181.69711304 -135.88999939 6 4 9 255
-96.22272491 183.05433655 -140.32991028 0 3 13 255
-79.18361664 181.69711304 -135.88999939 17 8 1 255
-79.18361664 183.05433655 -140.32991028 7 7 0 255
-96.22272491 182.25230408 -145.37524414 6 6 4 255
-79.18361664 182.25230408 -145.37524414 22 18 7 255
-96.22272491 176.13093567 -149.66847229 7 3 2 255
-79.18361664 176.13093567 -149.66847229 36 22 13 255
-87.91773224 186.09353638 -133.69184875 32 29 24 255
-87.91773224 188.19825745 -140.12884521 38 33 29 255
-87.91773224 186.90203857 -147.09623718 35 30 26 255
-87.91773224 178.69453430 -152.57958984 59 51 40 255
-87.92311859 174.60293579 -155.67378235 39 35 24 255
-87.92311859 173.03619385 -151.11961365 0 0 0 255
-96.22272491 178.11953735 -133.33039856 9 5 4 255
-96.22272491 180.44619751 -129.90101624 38 35 30 255
-87.91773224 179.71505737 -130.56903076 34 31 26 255
-79.18361664 180.44619751 -129.90101624 35 32 25 255
-79.18361664 178.11953735 -133.33039856 30 14 0 255
-93.96705627 154.57283020 -124.11783600 7 7 5 255
-81.43930817 154.57283020 -124.11783600 30 29 25 255
-98.38285828 160.13619995 -125.15277863 53 48 42 255
-77.02350616 160.13619995 -125.15277863 59 54 50 255
-93.96705627 154.57283020 -128.17445374 4 4 4 255
-93.96705627 154.57283020 -128.17445374 3 3 1 255
-81.43930817 154.57283020 -128.17445374 4 4 4 255
-81.43930817 154.57283020 -128.17445374 0 0 0 255
-98.38285828 160.13619995 -129.20939636 22 19 14 255
-77.02350616 160.13619995 -129.20939636 8 7 3 255
-77.02350616 170.97227478 -131.22521973 45 38 32 255
-77.02350616 170.97227478 -127.16858673 56 52 41 255
-98.38285828 170.97227478 -127.16858673 46 39 29 255
-98.38285828 170.97227478 -131.22521973 52 48 39 255
-15.91716290 103.15489960 -55.63898468 17 13 10 255
-132.28065491 103.15489960 -55.63898468 8 8 8 255
-18.97009659 219.00234985 -83.60990143 73 60 51 255
-129.21403503 219.00234985 -83.60990143 80 62 52 255
-14.40721321 196.64999390 -75.25627899 33 29 28 255
-133.90588379 196.64999390 -75.25627899 29 21 8 255
-32.39835358 231.49552917 -88.76285553 79 61 49 255
-114.55461121 231.49552917 -88.76285553 98 72 55 255
-53.88856888 235.29138184 -91.31900024 81 62 48 255
-51.97776794 102.94732666 -61.60635757 11 7 4 255
-51.84118271 195.01931763 -79.92056274 52 45 39 255
-90.39720154 235.29136658 -91.31900024 114 80 53 255
-91.30878448 102.94732666 -61.60635757 12 8 5 255
-91.43109894 195.01931763 -79.92056274 58 46 34 255
-116.51798248 218.50801086 -83.27841187 62 55 47 255
-90.56105804 223.06344604 -87.33828735 39 32 26 255
-53.18941498 223.06344604 -87.33828735 55 46 37 255
-30.35906601 218.50801086 -83.27839661 64 54 44 255
-14.77662086 152.73249817 -61.08287811 22 18 15 255
-133.53875732 152.73249817 -61.08287811 19 16 9 255
-91.33154297 150.31835938 -68.82963562 45 37 34 255
-51.94808578 150.31835938 -68.82963562 47 37 35 255
-18.95835876 101.85597229 -54.39900589 0 0 0 255
-14.72599888 101.31887054 -67.59448242 3 3 3 255
-133.58905029 101.31887054 -67.59448242 9 9 7 255
-133.39387512 106.95823669 -54.23526764 55 46 39 255
-127.01250458 197.01666260 -73.87673187 70 50 39 255
-128.90290833 101.85597229 -54.39900589 0 0 0 255
-52.00251007 106.87097168 -60.84353638 36 31 27 255
-96.61890411 223.19317627 -103.49605560 14 9 6 255
-91.28976440 106.87097168 -60.84353638 28 22 22 255
-123.24227905 226.55224609 -86.56846619 80 54 39 255
-14.92185402 106.95823669 -54.23526764 20 17 12 255
-20.83895302 197.01666260 -73.87673187 57 52 46 255
-20.47598267 190.83283997 -92.19209290 23 20 15 255
-20.47598267 190.83283997 -92.19209290 23 22 18 255
-36.76440811 218.39576721 -100.53887177 26 25 23 255
-48.74058533 223.19317627 -103.49605560 8 4 3 255
-24.55592346 226.55224609 -86.56846619 71 57 46 255
-23.64235306 202.94537354 -95.47637939 37 34 27 255
-23.64235306 202.94537354 -95.47637939 21 18 13 255
-23.64235306 202.94537354 -95.47637939 51 48 39 255
-135.67060852 191.69595337 -90.14929962 30 22 19 255
-111.53903961 218.39576721 -100.53887177 29 21 18 255
-128.67955017 190.83283997 -92.19209290 30 29 25 255
-128.67955017 190.83283997 -92.19209290 31 27 26 255
-125.49146271 202.94537354 -95.47638702 46 42 39 255
-125.49146271 202.94537354 -95.47638702 38 35 30 255
-125.49146271 202.94537354 -95.47638702 36 32 31 255
-19.63371086 146.21453857 -81.88477325 25 22 17 255
-19.63371086 146.21453857 -81.88477325 21 17 14 255
-129.53070068 146.21453857 -81.88477325 46 44 32 255
-129.53070068 146.21453857 -81.88477325 33 29 26 255
-135.23942566 146.78479004 -79.80161285 41 33 30 255
-128.97596741 153.35742188 -59.16205215 62 49 43 255
-18.88439369 153.35742188 -59.16205215 44 33 31 255
-14.92185402 132.57502747 -56.83971405 20 19 17 255
-133.39387512 132.57507324 -56.83969879 25 20 16 255
-91.28976440 130.17559814 -64.61607361 37 29 26 255
-52.00251007 130.17559814 -64.61607361 45 37 34 255
-17.43553352 213.04585266 -95.39594269 44 36 33 255
-17.43553352 213.04585266 -95.39594269 52 41 39 255
-12.79631042 191.69595337 -90.14929962 27 22 19 255
-13.22746086 146.78479004 -79.80161285 21 16 13 255
-130.87655640 213.04585266 -95.39594269 48 40 37 255
-130.87655640 213.04585266 -95.39594269 63 45 33 255
-114.63027191 226.61688232 -101.27976227 69 51 41 255
-90.44388580 231.13752747 -104.01506042 62 45 37 255
-53.90293884 231.13752747 -104.01506042 73 56 46 255
-32.34106827 226.61688232 -101.27976227 58 47 41 255
-128.84217834 107.26594543 -52.46776199 1 0 0 255
-19.01961327 107.26594543 -52.46776199 4 4 4 255
-19.76870346 102.92294312 -74.42002106 17 16 12 255
-19.76870346 102.92294312 -74.42002106 17 16 14 255
-31.14600182 212.77302551 -98.36569214 22 18 15 255
-129.39723206 102.92294312 -74.42002106 19 18 16 255
-129.39723206 102.92294312 -74.42002106 25 21 18 255
-117.84863281 212.77302551 -98.36569214 25 20 16 255
-19.76870346 125.84638214 -78.38796234 19 15 12 255
-19.76870346 125.84638214 -78.38796234 25 21 18 255
-129.39723206 125.84638214 -78.38796234 28 24 21 255
-129.39723206 125.84638214 -78.38796234 45 42 37 255
-128.84217834 133.23851013 -54.87235260 45 36 29 255
-19.01961327 133.23851013 -54.87235260 32 24 21 255
-13.37649822 126.38748169 -76.09439850 23 19 16 255
-13.37649822 103.36222076 -72.10882568 16 15 13 255
-19.65396690 99.98792267 -64.97596741 15 14 12 255
-19.65396690 99.98792267 -64.97596741 33 32 28 255
-129.50917053 99.98792267 -64.97596741 39 35 32 255
-129.50917053 99.98792267 -64.97596741 19 15 16 255
-135.09045410 103.36222076 -72.10882568 29 24 21 255
-135.09045410 126.38748169 -76.09439850 31 26 23 255
-123.92156219 220.70564270 -98.42017365 50 39 33 255
-23.92596054 220.70564270 -98.42017365 54 41 35 255
-114.67045593 230.63374329 -94.12472534 75 56 42 255
-90.45955658 235.17388916 -96.80435944 83 62 45 255
-53.88196945 235.17388916 -96.80435944 76 64 48 255
-32.29916000 230.63374329 -94.12472534 77 59 45 255
-23.87585831 224.66377258 -91.43205261 69 56 48 255
-17.37889671 216.79429626 -88.37104034 54 47 41 255
-17.37889671 216.79429626 -88.37104034 60 53 47 255
-12.73505688 194.58062744 -81.74111176 39 31 28 255
-13.16662979 149.89118958 -69.85910034 26 21 18 255
-13.31579781 129.56971741 -65.84210968 23 18 15 255
-13.31579781 105.51262665 -62.36981583 18 14 11 255
-14.66663074 101.51496887 -62.04256439 21 20 18 255
-18.71909904 100.18240356 -61.93346024 0 1 0 255
-129.13951111 100.18240356 -61.93346024 0 0 0 255
-133.64825439 101.51496887 -62.04256439 17 13 10 255
-135.15106201 105.51262665 -62.36981583 36 28 25 255
-135.15106201 129.56971741 -65.84210968 39 31 28 255
-135.30035400 149.89118958 -69.85910034 44 36 34 255
-135.73193359 194.58062744 -81.74111176 38 30 27 255
-130.93302917 216.79429626 -88.37104034 58 47 41 255
-130.93302917 216.79429626 -88.37104034 59 50 45 255
-123.97104645 224.66377258 -91.43205261 70 57 51 255
-20.73169327 189.69482422 -94.67298126 28 25 20 255
-23.88310814 201.75015259 -97.94173431 30 25 21 255
-31.35128593 211.53134155 -100.81739807 34 31 26 255
-36.94326019 217.12754822 -102.98031616 115 108 98 255
-48.86267090 221.90554810 -105.92421722 130 118 102 255
-96.51480103 221.90554810 -105.92421722 74 67 51 255
-129.13821411 97.33706665 -75.97158813 67 64 59 255
-111.36431885 217.12754822 -102.98031616 90 83 75 255
-128.42387390 189.69482422 -94.67298126 49 46 41 255
-125.25090790 201.75015259 -97.94173431 30 27 20 255
-117.64412689 211.53134155 -100.81739807 102 97 91 255
-19.89335632 145.28742981 -84.41436768 36 33 28 255
-129.27108765 145.28742981 -84.41436768 48 45 40 255
-20.02769852 125.01555634 -80.93408203 27 24 19 255
-20.02769852 97.33706665 -75.97158813 26 22 19 255
-129.13821411 125.01555634 -80.93408203 30 27 22 255
-121.22357178 87.99942017 -74.02603912 51 47 46 255
-121.42960358 88.88768768 -65.45642853 33 29 26 255
-27.73360825 88.88768768 -65.45642853 35 34 30 255
-27.94188499 87.99942017 -74.02603912 49 46 41 255
-74.58154297 85.02829742 -74.57205963 42 39 34 255
-74.58154297 85.84725952 -66.22286224 9 8 6 255
-75.98036194 189.69482422 -94.67298126 17 16 14 255
-74.58290863 124.94200897 -81.16793823 24 23 19 255
-74.99480438 145.21392822 -84.64823914 25 24 20 255
-71.75879669 127.51045227 25.30878639 35 31 28 255
-71.51354980 104.53345490 -64.20687866 8 6 7 255
-71.51407623 80.73444366 -61.35229492 0 0 0 255
-71.76097107 97.83724213 27.36976242 8 8 6 255
-111.62054443 107.19042206 -63.09970856 0 0 0 255
-33.28019333 107.18845367 -63.11069870 0 0 0 255
-18.31542206 97.78273773 27.67766762 8 7 5 255
-18.31330872 127.63973999 25.61305046 70 61 52 255
-14.25859737 87.86402130 -54.51736069 5 5 5 255
-17.60381889 86.32003784 -56.25064850 1 1 1 255
-17.60381889 86.32003784 -56.25064850 1 1 1 255
-11.99490738 103.18123627 -57.18861389 32 28 25 255
-33.29193115 83.26797485 -60.24205399 1 1 1 255
-32.43918991 97.63915253 28.01090813 6 6 4 255
-14.18876076 109.29280090 -57.12429047 45 40 37 255
-17.58707428 110.36203766 -59.13314438 1 0 0 255
-32.43701172 127.78294373 25.95011139 65 62 55 255
-12.06484222 94.20072174 -56.06665802 14 13 11 255
-12.32747936 124.92562103 24.15932655 29 29 29 255
-12.38697720 100.02164459 26.07892418 9 8 6 255
-12.38697720 100.02164459 26.07892418 7 5 6 255
-133.99377441 87.86303711 -54.52400970 16 12 9 255
-112.80829620 127.77528381 25.93211365 39 38 33 255
-111.60965729 83.26992798 -60.23105240 1 1 1 255
-112.81044006 97.64501190 27.99292374 6 6 4 255
-136.25041199 103.18048096 -57.19338608 64 55 48 255
-130.03363037 110.36400604 -59.12216187 0 0 0 255
-130.01715088 86.32202911 -56.23964691 1 1 1 255
-130.01715088 86.32202911 -56.23964691 3 3 3 255
-129.40669250 97.78861237 27.65968895 10 9 7 255
-134.06454468 109.29456329 -57.11499786 148 142 128 255
-129.40455627 127.63211060 25.59503937 49 39 29 255
-136.17962646 94.19718933 -56.08737946 31 26 23 255
-136.13937378 124.94815826 24.20848083 34 24 25 255
-136.06912231 100.06860352 25.92932892 21 20 18 255
-136.06912231 100.06860352 25.92932892 25 24 22 255
-18.97679329 126.65103149 12.88869953 68 61 53 255
-13.26943398 124.25389862 11.92527199 40 33 27 255
-11.13355160 117.40074158 13.09598446 30 25 22 255
-11.20368099 105.83687592 13.09864426 14 13 11 255
-13.33956337 98.05315399 13.46334076 4 4 4 255
-18.98118401 96.24565887 14.81692886 0 0 0 255
-128.73512268 96.24475861 14.80328560 0 0 0 255
-135.11880493 98.04522705 13.33861732 21 17 16 255
-137.24240112 105.79652405 12.79484940 42 34 31 255
-137.31845093 117.38354492 12.99303627 52 43 38 255
-135.19485474 124.26915741 12.00136757 25 18 10 255
-128.73078918 126.64855957 12.87493134 69 62 56 255
-112.74788666 126.32963562 12.46904564 64 57 51 255
-71.75434113 125.94770050 11.71285057 41 38 33 255
-32.48500061 126.33212280 12.48282814 51 41 39 255
-71.48682404 80.50882721 -68.10714722 12 8 7 255
-71.77215576 95.97411346 22.14771843 1 1 1 255
-71.72758484 105.27670288 31.05786514 19 18 16 255
-71.45272064 95.58880615 -70.93638611 23 19 16 255
-112.78511810 98.32957458 -69.75318146 31 26 23 255
-71.72758484 122.20925903 30.78244400 34 33 29 255
-32.01356888 98.32716370 -69.76657867 20 16 15 255
-33.18698120 104.38408661 -69.54738617 0 0 0 255
-71.48477936 101.65039825 -70.69126892 0 0 0 255
-111.67308807 104.38645172 -69.53421021 0 0 0 255
-32.06041718 89.46545410 -68.64907074 1 1 1 255
-71.45473480 86.72739410 -69.81718445 5 4 2 255
-112.74132538 89.46786499 -68.63568115 2 2 2 255
-16.94150543 86.54457855 -62.66135025 8 7 5 255
-16.94150543 86.54457855 -62.66135025 6 4 5 255
-18.80964661 96.02004242 22.81016731 1 1 1 255
-18.80964661 96.02004242 22.81016731 1 1 1 255
-11.53703308 106.37415314 29.10022736 16 12 11 255
-11.53703308 106.37415314 29.10022736 23 19 18 255
-11.50426006 120.67174530 28.62823677 42 34 31 255
-14.82213879 101.63708496 -65.42112732 27 23 20 255
-14.82213879 101.63708496 -65.42112732 35 34 32 255
-33.23382950 83.24221039 -66.96492767 14 13 11 255
-32.53419113 95.89182281 22.85174561 1 1 1 255
-31.90556145 105.17716980 31.66593933 15 14 12 255
-31.90556145 122.32233429 31.41071701 42 35 29 255
-16.87472534 107.68690491 -65.24128723 1 1 1 255
-17.47763824 122.23395538 30.91955566 40 33 27 255
-14.88895226 92.77490234 -64.30611420 14 13 11 255
-14.88895226 92.77490234 -64.30611420 18 14 13 255
-17.47763824 105.22682953 31.18790054 28 20 17 255
-111.62932587 83.24457550 -66.95177460 12 11 9 255
-112.72798920 95.89495087 22.83538628 1 1 1 255
-113.30128479 105.17978668 31.64679527 15 14 12 255
-113.30128479 122.31878662 31.39098930 32 29 24 255
-132.75776672 101.63948822 -65.40773010 39 34 31 255
-132.75776672 101.63948822 -65.40773010 43 38 34 255
-130.66857910 86.54695129 -62.64820099 10 8 9 255
-130.66857910 86.54695129 -62.64820099 11 10 8 255
-128.91390991 96.02317810 22.79381371 1 1 1 255
-128.91390991 96.02317810 22.79381371 2 2 2 255
-130.23512268 105.22946167 31.16875648 18 14 15 255
-130.23512268 122.23040771 30.89982796 45 40 36 255
-130.73434448 107.68928528 -65.22811127 5 4 2 255
-132.69200134 92.77732849 -64.29273987 28 23 20 255
-132.69200134 92.77732849 -64.29273987 24 20 17 255
-136.95881653 120.66135406 28.56600761 43 32 26 255
-136.91726685 106.39081573 28.92109489 23 18 15 255
-136.91726685 106.39081573 28.92109489 29 24 21 255
15.91716290 103.15489960 -55.63898468 17 13 10 255
132.28065491 103.15489960 -55.63898468 8 8 8 255
18.97009659 219.00234985 -83.60990143 73 60 51 255
129.21403503 219.00234985 -83.60990143 80 62 52 255
14.40721321 196.64999390 -75.25627899 33 29 28 255
133.90588379 196.64999390 -75.25627899 29 21 8 255
32.39835358 231.49552917 -88.76285553 79 61 49 255
114.55461121 231.49552917 -88.76285553 98 72 55 255
53.88856888 235.29138184 -91.31900024 81 62 48 255
51.97776794 102.94732666 -61.60635757 11 7 4 255
51.84118271 195.01931763 -79.92056274 52 45 39 255
90.39720154 235.29136658 -91.31900024 114 80 53 255
91.30878448 102.94732666 -61.60635757 12 8 5 255
91.43109894 195.01931763 -79.92056274 58 46 34 255
116.51798248 218.50801086 -83.27841187 62 55 47 255
90.56105804 223.06344604 -87.33828735 39 32 26 255
53.18941498 223.06344604 -87.33828735 55 46 37 255
30.35906601 218.50801086 -83.27839661 64 54 44 255
14.77662086 152.73249817 -61.08287811 22 18 15 255
133.53875732 152.73249817 -61.08287811 19 16 9 255
91.33154297 150.31835938 -68.82963562 45 37 34 255
51.94808578 150.31835938 -68.82963562 47 37 35 255
18.95835876 101.85597229 -54.39900589 0 0 0 255
14.72599888 101.31887054 -67.59448242 3 3 3 255
133.58905029 101.31887054 -67.59448242 9 9 7 255
133.39387512 106.95823669 -54.23526764 55 46 39 255
127.01250458 197.01666260 -73.87673187 70 50 39 255
128.90290833 101.85597229 -54.39900589 0 0 0 255
52.00251007 106.87097168 -60.84353638 36 31 27 255
96.61890411 223.19317627 -103.49605560 14 9 6 255
91.28976440 106.87097168 -60.84353638 28 22 22 255
123.24227905 226.55224609 -86.56846619 80 54 39 255
14.92185402 106.95823669 -54.23526764 20 17 12 255
20.83895302 197.01666260 -73.87673187 57 52 46 255
20.47598267 190.83283997 -92.19209290 23 20 15 255
20.47598267 190.83283997 -92.19209290 23 22 18 255
36.76440811 218.39576721 -100.53887177 26 25 23 255
48.74058533 223.19317627 -103.49605560 8 4 3 255
24.55592346 226.55224609 -86.56846619 71 57 46 255
23.64235306 202.94537354 -95.47637939 21 18 13 255
23.64235306 202.94537354 -95.47637939 51 48 39 255
23.64235306 202.94537354 -95.47637939 37 34 27 255
135.67060852 191.69595337 -90.14929962 30 22 19 255
111.53903961 218.39576721 -100.53887177 29 21 18 255
128.67955017 190.83283997 -92.19209290 30 29 25 255
128.67955017 190.83283997 -92.19209290 31 27 26 255
125.49146271 202.94537354 -95.47638702 36 32 31 255
125.49146271 202.94537354 -95.47638702 38 35 30 255
125.49146271 202.94537354 -95.47638702 46 42 39 255
19.63371086 146.21453857 -81.88477325 21 17 14 255
19.63371086 146.21453857 -81.88477325 25 22 17 255
129.53070068 146.21453857 -81.88477325 46 44 32 255
129.53070068 146.21453857 -81.88477325 33 29 26 255
135.23942566 146.78479004 -79.80161285 41 33 30 255
128.97596741 153.35742188 -59.16205215 62 49 43 255
18.88439369 153.35742188 -59.16205215 44 33 31 255
14.92185402 132.57502747 -56.83971405 20 19 17 255
133.39387512 132.57507324 -56.83969879 25 20 16 255
91.28976440 130.17559814 -64.61607361 37 29 26 255
52.00251007 130.17559814 -64.61607361 45 37 34 255
17.43553352 213.04585266 -95.39594269 52 41 39 255
17.43553352 213.04585266 -95.39594269 44 36 33 255
12.79631042 191.69595337 -90.14929962 27 22 19 255
13.22746086 146.78479004 -79.80161285 21 16 13 255
130.87655640 213.04585266 -95.39594269 48 40 37 255
130.87655640 213.04585266 -95.39594269 63 45 33 255
114.63027191 226.61688232 -101.27976227 69 51 41 255
90.44388580 231.13752747 -104.01506042 62 45 37 255
53.90293884 231.13752747 -104.01506042 73 56 46 255
32.34106827 226.61688232 -101.27976227 58 47 41 255
128.84217834 107.26594543 -52.46776199 1 0 0 255
19.01961327 107.26594543 -52.46776199 4 4 4 255
19.76870346 102.92294312 -74.42002106 17 16 12 255
19.76870346 102.92294312 -74.42002106 17 16 14 255
31.14600182 212.77302551 -98.36569214 22 18 15 255
129.39723206 102.92294312 -74.42002106 25 21 18 255
129.39723206 102.92294312 -74.42002106 19 18 16 255
117.84863281 212.77302551 -98.36569214 25 20 16 255
19.76870346 125.84638214 -78.38796234 25 21 18 255
19.76870346 125.84638214 -78.38796234 19 15 12 255
129.39723206 125.84638214 -78.38796234 45 42 37 255
129.39723206 125.84638214 -78.38796234 28 24 21 255
128.84217834 133.23851013 -54.87235260 45 36 29 255
19.01961327 133.23851013 -54.87235260 32 24 21 255
13.37649822 126.38748169 -76.09439850 23 19 16 255
13.37649822 103.36222076 -72.10882568 16 15 13 255
19.65396690 99.98792267 -64.97596741 15 14 12 255
19.65396690 99.98792267 -64.97596741 33 32 28 255
129.50917053 99.98792267 -64.97596741 39 35 32 255
129.50917053 99.98792267 -64.97596741 19 15 16 255
135.09045410 103.36222076 -72.10882568 29 24 21 255
135.09045410 126.38748169 -76.09439850 31 26 23 255
123.92156219 220.70564270 -98.42017365 50 39 33 255
23.92596054 220.70564270 -98.42017365 54 41 35 255
114.67045593 230.63374329 -94.12472534 75 56 42 255
90.45955658 235.17388916 -96.80435944 83 62 45 255
53.88196945 235.17388916 -96.80435944 76 64 48 255
32.29916000 230.63374329 -94.12472534 77 59 45 255
23.87585831 224.66377258 -91.43205261 69 56 48 255
17.37889671 216.79429626 -88.37104034 60 53 47 255
17.37889671 216.79429626 -88.37104034 54 47 41 255
12.73505688 194.58062744 -81.74111176 39 31 28 255
13.16662979 149.89118958 -69.85910034 26 21 18 255
13.31579781 129.56971741 -65.84210968 23 18 15 255
13.31579781 105.51262665 -62.36981583 18 14 11 255
14.66663074 101.51496887 -62.04256439 21 20 18 255
18.71909904 100.18240356 -61.93346024 0 1 0 255
129.13951111 100.18240356 -61.93346024 0 0 0 255
133.64825439 101.51496887 -62.04256439 17 13 10 255
135.15106201 105.51262665 -62.36981583 36 28 25 255
135.15106201 129.56971741 -65.84210968 39 31 28 255
135.30035400 149.89118958 -69.85910034 44 36 34 255
135.73193359 194.58062744 -81.74111176 38 30 27 255
130.93302917 216.79429626 -88.37104034 58 47 41 255
130.93302917 216.79429626 -88.37104034 59 50 45 255
123.97104645 224.66377258 -91.43205261 70 57 51 255
20.73169327 189.69482422 -94.67298126 28 25 20 255
23.88310814 201.75015259 -97.94173431 30 25 21 255
31.35128593 211.53134155 -100.81739807 34 31 26 255
36.94326019 217.12754822 -102.98031616 115 108 98 255
48.86267090 221.90554810 -105.92421722 130 118 102 255
96.51480103 221.90554810 -105.92421722 74 67 51 255
129.13821411 97.33706665 -75.97158813 67 64 59 255
111.36431885 217.12754822 -102.98031616 90 83 75 255
128.42387390 189.69482422 -94.67298126 49 46 41 255
125.25090790 201.75015259 -97.94173431 30 27 20 255
117.64412689 211.53134155 -100.81739807 102 97 91 255
19.89335632 145.28742981 -84.41436768 36 33 28 255
129.27108765 145.28742981 -84.41436768 48 45 40 255
20.02769852 125.01555634 -80.93408203 27 24 19 255
20.02769852 97.33706665 -75.97158813 26 22 19 255
129.13821411 125.01555634 -80.93408203 30 27 22 255
121.22357178 87.99942017 -74.02603912 51 47 46 255
121.42960358 88.88768768 -65.45642853 33 29 26 255
27.73360825 88.88768768 -65.45642853 35 34 30 255
27.94188499 87.99942017 -74.02603912 49 46 41 255
74.58154297 85.02829742 -74.57205963 42 39 34 255
74.58154297 85.84725952 -66.22286224 9 8 6 255
75.98036194 189.69482422 -94.67298126 17 16 14 255
74.58290863 124.94200897 -81.16793823 24 23 19 255
74.99480438 145.21392822 -84.64823914 25 24 20 255
71.75879669 127.51045227 25.30878639 35 31 28 255
71.51354980 104.53345490 -64.20687866 8 6 7 255
71.51407623 80.73444366 -61.35229492 0 0 0 255
71.76097107 97.83724213 27.36976242 8 8 6 255
111.62054443 107.19042206 -63.09970856 0 0 0 255
33.28019333 107.18845367 -63.11069870 0 0 0 255
18.31542206 97.78273773 27.67766762 8 7 5 255
18.31330872 127.63973999 25.61305046 70 61 52 255
14.25859737 87.86402130 -54.51736069 5 5 5 255
17.60381889 86.32003784 -56.25064850 1 1 1 255
17.60381889 86.32003784 -56.25064850 1 1 1 255
11.99490738 103.18123627 -57.18861389 32 28 25 255
33.29193115 83.26797485 -60.24205399 1 1 1 255
32.43918991 97.63915253 28.01090813 6 6 4 255
14.18876076 109.29280090 -57.12429047 45 40 37 255
17.58707428 110.36203766 -59.13314438 1 0 0 255
32.43701172 127.78294373 25.95011139 65 62 55 255
12.06484222 94.20072174 -56.06665802 14 13 11 255
12.32747936 124.92562103 24.15932655 29 29 29 255
12.38697720 100.02164459 26.07892418 9 8 6 255
12.38697720 100.02164459 26.07892418 7 5 6 255
133.99377441 87.86303711 -54.52400970 16 12 9 255
112.80829620 127.77528381 25.93211365 39 38 33 255
111.60965729 83.26992798 -60.23105240 1 1 1 255
112.81044006 97.64501190 27.99292374 6 6 4 255
136.25041199 103.18048096 -57.19338608 64 55 48 255
130.03363037 110.36400604 -59.12216187 0 0 0 255
130.01715088 86.32202911 -56.23964691 1 1 1 255
130.01715088 86.32202911 -56.23964691 3 3 3 255
129.40669250 97.78861237 27.65968895 10 9 7 255
134.06454468 109.29456329 -57.11499786 148 142 128 255
129.40455627 127.63211060 25.59503937 49 39 29 255
136.17962646 94.19718933 -56.08737946 31 26 23 255
136.13937378 124.94815826 24.20848083 34 24 25 255
136.06912231 100.06860352 25.92932892 25 24 22 255
136.06912231 100.06860352 25.92932892 21 20 18 255
18.97679329 126.65103149 12.88869953 68 61 53 255
13.26943398 124.25389862 11.92527199 40 33 27 255
11.13355160 117.40074158 13.09598446 30 25 22 255
11.20368099 105.83687592 13.09864426 14 13 11 255
13.33956337 98.05315399 13.46334076 4 4 4 255
18.98118401 96.24565887 14.81692886 0 0 0 255
128.73512268 96.24475861 14.80328560 0 0 0 255
135.11880493 98.04522705 13.33861732 21 17 16 255
137.24240112 105.79652405 12.79484940 42 34 31 255
137.31845093 117.38354492 12.99303627 52 43 38 255
135.19485474 124.26915741 12.00136757 25 18 10 255
128.73078918 126.64855957 12.87493134 69 62 56 255
112.74788666 126.32963562 12.46904564 64 57 51 255
71.75434113 125.94770050 11.71285057 41 38 33 255
32.48500061 126.33212280 12.48282814 51 41 39 255
71.48682404 80.50882721 -68.10714722 12 8 7 255
71.77215576 95.97411346 22.14771843 1 1 1 255
71.72758484 105.27670288 31.05786514 19 18 16 255
71.45272064 95.58880615 -70.93638611 23 19 16 255
112.78511810 98.32957458 -69.75318146 31 26 23 255
71.72758484 122.20925903 30.78244400 34 33 29 255
32.01356888 98.32716370 -69.76657867 20 16 15 255
33.18698120 104.38408661 -69.54738617 0 0 0 255
71.48477936 101.65039825 -70.69126892 0 0 0 255
111.67308807 104.38645172 -69.53421021 0 0 0 255
32.06041718 89.46545410 -68.64907074 1 1 1 255
71.45473480 86.72739410 -69.81718445 5 4 2 255
112.74132538 89.46786499 -68.63568115 2 2 2 255
16.94150543 86.54457855 -62.66135025 6 4 5 255
16.94150543 86.54457855 -62.66135025 8 7 5 255
18.80964661 96.02004242 22.81016731 1 1 1 255
18.80964661 96.02004242 22.81016731 1 1 1 255
11.53703308 106.37415314 29.10022736 16 12 11 255
11.53703308 106.37415314 29.10022736 23 19 18 255
11.50426006 120.67174530 28.62823677 42 34 31 255
14.82213879 101.63708496 -65.42112732 35 34 32 255
14.82213879 101.63708496 -65.42112732 27 23 20 255
33.23382950 83.24221039 -66.96492767 14 13 11 255
32.53419113 95.89182281 22.85174561 1 1 1 255
31.90556145 105.17716980 31.66593933 15 14 12 255
31.90556145 122.32233429 31.41071701 42 35 29 255
16.87472534 107.68690491 -65.24128723 1 1 1 255
17.47763824 122.23395538 30.91955566 40 33 27 255
14.88895226 92.77490234 -64.30611420 18 14 13 255
14.88895226 92.77490234 -64.30611420 14 13 11 255
17.47763824 105.22682953 31.18790054 28 20 17 255
111.62932587 83.24457550 -66.95177460 12 11 9 255
112.72798920 95.89495087 22.83538628 1 1 1 255
113.30128479 105.17978668 31.64679527 15 14 12 255
113.30128479 122.31878662 31.39098930 32 29 24 255
132.75776672 101.63948822 -65.40773010 39 34 31 255
132.75776672 101.63948822 -65.40773010 43 38 34 255
130.66857910 86.54695129 -62.64820099 11 10 8 255
130.66857910 86.54695129 -62.64820099 10 8 9 255
128.91390991 96.02317810 22.79381371 1 1 1 255
128.91390991 96.02317810 22.79381371 2 2 2 255
130.23512268 105.22946167 31.16875648 18 14 15 255
130.23512268 122.23040771 30.89982796 45 40 36 255
130.73434448 107.68928528 -65.22811127 5 4 2 255
132.69200134 92.77732849 -64.29273987 24 20 17 255
132.69200134 92.77732849 -64.29273987 28 23 20 255
136.95881653 120.66135406 28.56600761 43 32 26 255
136.91726685 106.39081573 28.92109489 23 18 15 255
136.91726685 106.39081573 28.92109489 29 24 21 255
0.00000000 205.01240540 -230.18733215 205 197 161 255
0.00000000 205.23748779 -246.80709839 214 209 171 255
0.00000000 200.86137390 -223.72024536 169 165 136 255
0.00000000 181.92509460 -223.61135864 1 1 1 255
0.00000000 91.71172333 153.31857300 16 15 13 255
0.00000000 91.71172333 153.31857300 11 11 11 255
0.00000000 136.47714233 163.09568787 7 7 7 255
0.00000000 136.47714233 163.09568787 7 7 5 255
0.00000000 58.11000443 144.43005371 39 38 34 255
0.00000000 58.11000443 144.43005371 39 36 31 255
0.00000000 170.04568481 159.52536011 3 3 3 255
0.00000000 170.04568481 159.52536011 2 2 2 255
0.00000000 127.42956543 162.43594360 14 14 14 255
0.00000000 127.42956543 162.43594360 11 11 9 255
-144.35566711 56.79407883 -107.52678680 1 0 0 255
-144.35566711 56.79407883 -107.52678680 1 0 0 255
-145.07658386 56.93259048 92.36606598 19 18 14 255
-36.61108017 204.24586487 -230.01737976 215 210 172 255
-67.84088135 202.49609375 -227.84703064 215 209 173 255
-100.95111084 199.09614563 -220.75364685 205 199 163 255
-119.51953125 198.93724060 -211.40179443 205 199 165 255
-142.99650574 203.22177124 -182.53587341 203 197 161 255
-38.70034027 203.92283630 -245.68051147 218 212 178 255
-71.69571686 200.92198181 -243.22038269 213 208 176 255
-106.67785645 195.09091187 -235.87512207 213 209 174 255
-126.29606628 194.81840515 -226.53373718 216 213 178 255
-137.07577515 199.10481262 -216.25978088 205 204 176 255
-149.96926880 202.16650391 -188.13441467 16 15 0 255
-37.48728180 200.12774658 -223.55761719 176 171 141 255
-67.37673950 198.45309448 -221.40313721 172 167 137 255
-99.06591797 195.19905090 -214.35734558 177 170 141 255
-116.83741760 195.04695129 -205.06600952 175 171 142 255
-137.61915588 199.14761353 -178.77449036 175 168 139 255
-144.09408569 202.07330322 -122.18964386 164 159 130 255
-147.81375122 206.36822510 -122.19052887 201 195 161 255
-151.53497314 206.31501770 -122.01190948 198 191 162 255
-143.76269531 125.20243073 -125.04987335 9 8 6 255
-151.32339478 204.68856812 -152.18428040 208 202 168 255
-151.32339478 204.68856812 -152.18428040 3 0 0 255
-147.17686462 204.83905029 -156.18443298 209 205 170 255
-147.17686462 204.83905029 -156.18443298 219 212 183 255
-143.49411011 200.65142822 -153.36000061 173 162 142 255
-143.49411011 200.65142822 -153.36000061 164 159 130 255
-128.83706665 197.07621765 -192.54876709 172 167 138 255
-132.85296631 201.05754089 -197.61059570 206 200 164 255
-143.63192749 200.52284241 -202.22473145 224 214 178 255
-37.14532852 181.14340210 -223.44810486 0 0 2 255
-67.06626129 181.33335876 -221.30375671 1 1 1 255
-98.80412292 180.95603943 -214.27352905 4 4 2 255
-116.57480621 180.76936340 -204.98190308 5 5 3 255
-128.58290100 180.87033081 -192.50453186 4 4 2 255
-143.33470154 178.76023865 -152.43171692 5 5 5 255
-143.33470154 178.76023865 -152.43171692 6 6 4 255
-137.35513306 179.92701721 -178.76574707 5 5 3 255
-145.53416443 112.96908569 127.57276154 21 20 18 255
-108.90660858 108.89043427 139.59001160 30 29 27 255
-95.87612152 127.42956543 160.45533752 17 17 15 255
-145.31488037 84.63365173 114.34040070 16 16 14 255
-105.10054016 84.09766388 127.94765472 19 19 17 255
-86.17176056 90.63554382 149.73190308 19 18 16 255
-140.75622559 83.28651428 119.93890381 21 20 18 255
-140.75622559 110.11582947 133.97177124 23 22 20 255
-140.75622559 136.75669861 158.39622498 9 9 9 255
-140.75622559 121.19490814 145.64462280 23 22 20 255
-145.31488037 124.27962494 142.42842102 16 16 14 255
-118.65634918 83.01595306 123.54635620 23 22 20 255
-104.35050201 116.78865051 148.60705566 29 28 26 255
-96.88086700 87.36585999 138.97567749 21 20 18 255
-118.84832764 109.80616760 137.57922363 31 30 28 255
-145.31488037 135.94894409 151.98060608 10 10 10 255
-95.90686035 136.44799805 162.82470703 9 9 9 255
-117.65883636 120.89172363 149.25207520 27 26 24 255
-116.21408844 136.45207214 162.00776672 10 10 10 255
-145.31488037 56.67084503 109.02040863 15 14 12 255
-140.75627136 56.39431000 113.85156250 17 16 14 255
-117.64032745 56.33472824 117.45901489 4 3 1 255
-102.97612000 56.55373383 121.51018524 19 18 13 255
-93.46338654 57.22400665 131.48789978 34 27 17 255
-82.31556702 57.89492798 141.19367981 42 39 34 255
-145.69543457 171.82487488 137.53210449 12 11 9 255
-145.31488037 171.31976318 147.86895752 10 10 8 255
-140.75622559 171.85049438 154.16247559 3 3 1 255
-114.97490692 171.77223206 157.76470947 4 4 4 255
-94.35986328 171.51388550 158.61201477 4 4 4 255
-144.41586304 56.80564499 -90.83549500 0 0 0 255
144.35566711 56.79407883 -107.52678680 0 0 0 255
144.35566711 56.79407883 -107.52678680 0 0 0 255
145.07658386 56.93259048 92.36606598 21 20 16 255
36.61108017 204.24586487 -230.01737976 215 210 172 255
67.84088135 202.49609375 -227.84703064 215 209 173 255
100.95111084 199.09614563 -220.75364685 205 199 163 255
119.51953125 198.93724060 -211.40179443 205 199 165 255
142.99650574 203.22177124 -182.53587341 203 197 161 255
38.70034027 203.92283630 -245.68051147 218 212 178 255
71.69571686 200.92198181 -243.22038269 213 208 176 255
106.67785645 195.09091187 -235.87512207 213 209 174 255
126.29606628 194.81840515 -226.53373718 216 213 178 255
137.07577515 199.10481262 -216.25978088 205 204 176 255
149.96926880 202.16650391 -188.13441467 16 15 0 255
37.48728180 200.12774658 -223.55761719 176 171 141 255
67.37673950 198.45309448 -221.40313721 172 167 137 255
99.06591797 195.19905090 -214.35734558 177 170 141 255
116.83741760 195.04695129 -205.06600952 175 171 142 255
137.61915588 199.14761353 -178.77449036 175 168 139 255
144.09408569 202.07330322 -122.18964386 159 154 124 255
147.81375122 206.36822510 -122.19052887 198 192 160 255
151.53497314 206.31501770 -122.01190948 193 188 159 255
143.76269531 125.20243073 -125.04987335 8 6 7 255
151.32339478 204.68856812 -152.18428040 3 0 0 255
151.32339478 204.68856812 -152.18428040 179 179 141 255
147.17686462 204.83905029 -156.18443298 209 205 170 255
147.17686462 204.83905029 -156.18443298 181 173 152 255
143.49411011 200.65142822 -153.36000061 157 152 123 255
143.49411011 200.65142822 -153.36000061 173 162 142 255
128.83706665 197.07621765 -192.54876709 172 167 138 255
132.85296631 201.05754089 -197.61059570 206 200 164 255
143.63192749 200.52284241 -202.22473145 224 214 178 255
37.14532852 181.14340210 -223.44810486 0 0 2 255
67.06626129 181.33335876 -221.30375671 1 1 1 255
98.80412292 180.95603943 -214.27352905 4 4 2 255
116.57480621 180.76936340 -204.98190308 5 5 3 255
128.58290100 180.87033081 -192.50453186 4 4 2 255
143.33470154 178.76023865 -152.43171692 4 4 2 255
143.33470154 178.76023865 -152.43171692 5 5 5 255
137.35513306 179.92701721 -178.76574707 5 5 3 255
145.53416443 112.96908569 127.57276154 12 12 12 255
108.90660858 108.89043427 139.59001160 15 15 13 255
95.87612152 127.42956543 160.45533752 16 16 14 255
145.31488037 84.63365173 114.34040070 15 15 13 255
105.10054016 84.09766388 127.94765472 12 12 12 255
86.17176056 90.63554382 149.73190308 12 12 12 255
140.75622559 83.28651428 119.93890381 13 13 11 255
140.75622559 110.11582947 133.97177124 15 15 15 255
140.75622559 136.75669861 158.39622498 8 8 8 255
140.75622559 121.19490814 145.64462280 15 15 15 255
145.31488037 124.27962494 142.42842102 12 12 12 255
118.65634918 83.01595306 123.54635620 16 16 14 255
104.35050201 116.78865051 148.60705566 15 15 13 255
96.88086700 87.36585999 138.97567749 17 17 15 255
118.84832764 109.80616760 137.57922363 18 18 16 255
145.31488037 135.94894409 151.98060608 9 9 9 255
95.90686035 136.44799805 162.82470703 9 9 7 255
117.65883636 120.89172363 149.25207520 17 17 15 255
116.21408844 136.45207214 162.00776672 10 10 8 255
145.31488037 56.67084503 109.02040863 7 7 5 255
140.75627136 56.39431000 113.85156250 12 11 9 255
117.64032745 56.33472824 117.45901489 1 0 0 255
102.97612000 56.55373383 121.51018524 29 24 20 255
93.46338654 57.22400665 131.48789978 22 21 16 255
82.31556702 57.89492798 141.19367981 9 8 3 255
145.69543457 171.82487488 137.53210449 13 12 10 255
145.31488037 171.31976318 147.86895752 13 12 10 255
140.75622559 171.85049438 154.16247559 7 7 5 255
114.97490692 171.77223206 157.76470947 4 4 4 255
94.35986328 171.51388550 158.61201477 4 4 4 255
144.41586304 56.80564499 -90.83549500 10 9 7 255
151.75935364 208.03094482 -92.10763550 144 139 117 255
151.75935364 208.03094482 -92.10763550 144 139 117 255
147.98236084 208.19168091 -92.78070831 94 90 65 255
147.98236084 208.19168091 -92.78070831 94 90 65 255
144.26574707 203.90841675 -92.65995789 115 110 88 255
144.26574707 203.90841675 -92.65995789 115 110 88 255
145.11486816 70.21554565 92.39134216 7 6 4 255
145.11486816 70.21554565 92.39134216 7 6 4 255
144.46405029 69.52530670 -80.13754272 28 23 20 255
144.46405029 69.52530670 -80.13754272 28 23 20 255
144.38165283 94.98136902 -92.55595398 22 20 21 255
144.38165283 94.98136902 -92.55595398 22 20 21 255
144.41328430 78.64112091 -89.35181427 28 23 20 255
144.41328430 78.64112091 -89.35181427 28 23 20 255
152.06176758 210.34660339 -51.75119019 218 214 177 255
148.21777344 210.73652649 -51.73553848 210 202 165 255
144.50378418 206.45162964 -51.73575592 164 159 129 255
152.48706055 213.73135376 35.99549103 215 209 173 255
148.85266113 213.84397888 35.73567963 197 192 154 255
145.12359619 209.40348816 36.26549530 154 150 121 255
154.52798462 3.82132912 165.99163818 42 37 33 255
154.52798462 3.82132912 165.99163818 26 25 21 255
162.11935425 0.28829899 186.17333984 32 27 23 255
162.11935425 0.28829899 186.17333984 27 24 19 255
170.08230591 2.55538011 206.48188782 27 24 19 255
170.08230591 2.55538011 206.48188782 12 11 9 255
177.20449829 14.06612968 223.82551575 12 11 9 255
177.20449829 14.06612968 223.82551575 17 16 14 255
177.20449829 14.06612968 223.82551575 8 7 5 255
182.40167236 32.08216476 235.56373596 10 9 7 255
182.40167236 32.08216476 235.56373596 16 15 11 255
184.88262939 53.63060760 239.90966797 18 14 11 255
184.88262939 53.63060760 239.90966797 23 20 15 255
184.26965332 75.43084717 236.20149231 20 17 12 255
184.26965332 75.43084717 236.20149231 28 25 20 255
180.65606689 94.16398621 225.00384521 39 36 31 255
180.65606689 94.16398621 225.00384521 34 31 26 255
174.59197998 106.97810364 208.02145386 43 39 30 255
174.59197998 106.97810364 208.02145386 36 31 27 255
167.00061035 111.92234802 187.83970642 35 30 26 255
167.00061035 111.92234802 187.83970642 35 32 25 255
159.03768921 108.24398804 167.53114319 22 19 14 255
159.03768921 108.24398804 167.53114319 23 20 15 255
151.91546631 96.50307465 150.18753052 19 16 11 255
151.91546631 96.50307465 150.18753052 15 14 10 255
146.71829224 78.48701477 138.44927979 21 17 14 255
146.71829224 78.48701477 138.44927979 18 17 13 255
144.23733521 56.93859863 134.10342407 26 23 18 255
144.23733521 56.93859863 134.10342407 27 24 19 255
144.85031128 35.13836288 137.81158447 32 28 25 255
144.85031128 35.13836288 137.81158447 35 30 26 255
148.46389771 16.40522003 149.00926208 35 32 27 255
148.46389771 16.40522003 149.00926208 49 44 40 255
121.94298553 5.04077196 178.54724121 0 0 0 255
121.94298553 5.04077196 178.54724121 20 19 15 255
129.53433228 1.50774097 198.72892761 11 10 8 255
129.53433228 1.50774097 198.72892761 0 0 0 255
137.49725342 3.77482510 219.03750610 5 5 3 255
137.49725342 3.77482510 219.03750610 0 0 0 255
144.61947632 15.28557205 236.38113403 0 0 0 255
144.61947632 15.28557205 236.38113403 0 0 0 255
144.61947632 15.28557205 236.38113403 0 0 0 255
149.81665039 33.30163956 248.11938477 2 2 2 255
149.81665039 33.30163956 248.11938477 0 0 0 255
152.29763794 54.85005188 252.46527100 5 5 3 255
152.29763794 54.85005188 252.46527100 0 0 0 255
151.68463135 76.65027618 248.75709534 0 0 0 255
151.68463135 76.65027618 248.75709534 16 15 11 255
148.07104492 95.38342285 237.55946350 5 5 3 255
148.07104492 95.38342285 237.55946350 20 19 15 255
142.00695801 108.19753265 220.57704163 8 7 5 255
142.00695801 108.19753265 220.57704163 19 18 14 255
134.41558838 113.14178467 200.39532471 23 22 18 255
134.41558838 113.14178467 200.39532471 9 8 6 255
126.45265961 109.46343994 180.08676147 21 20 16 255
126.45265961 109.46343994 180.08676147 8 8 8 255
119.33046722 97.72251129 162.74313354 21 20 16 255
119.33046722 97.72251129 162.74313354 7 7 7 255
114.13326263 79.70645905 151.00488281 29 28 23 255
114.13326263 79.70645905 151.00488281 10 10 10 255
111.65230560 58.15804291 146.65902710 34 31 26 255
111.65230560 58.15804291 146.65902710 13 12 10 255
112.26529694 36.35780716 150.36720276 16 15 13 255
112.26529694 36.35780716 150.36720276 32 29 24 255
115.87889862 17.62466240 161.56486511 31 28 23 255
115.87889862 17.62466240 161.56486511 6 6 6 255
161.86273193 15.67719078 169.01257324 36 34 39 255
167.67004395 12.61690140 184.45137024 29 28 26 255
173.76159668 14.70875359 199.98718262 25 25 25 255
179.20999146 23.56668854 213.25485229 29 25 22 255
183.18579102 37.34872055 222.23451233 30 26 23 255
185.08370972 53.83306122 225.55903625 26 25 23 255
184.61477661 70.50998688 222.72236633 26 22 19 255
181.85040283 84.84062195 214.15626526 38 33 30 255
177.21145630 94.64327240 201.16494751 46 41 35 255
171.40414429 98.42556763 185.72612000 26 22 19 255
165.31259155 95.61166382 170.19030762 8 5 0 255
159.86419678 86.62998962 156.92263794 32 28 25 255
155.88842773 72.84794617 147.94302368 22 21 16 255
153.99050903 56.36362839 144.61849976 39 35 36 255
154.45941162 39.68667984 147.45518494 37 31 33 255
157.22381592 25.35606194 156.02128601 31 26 30 255
119.32347870 17.26915550 185.40373230 0 0 0 255
125.13079071 14.20886707 200.84252930 0 0 0 255
131.22235107 16.30075455 216.37838745 0 0 0 255
136.67074585 25.15865326 229.64601135 0 0 0 255
140.64651489 38.94068527 238.62567139 0 0 0 255
142.54443359 55.42500305 241.95018005 0 0 0 255
142.07553101 72.10195160 239.11352539 0 0 0 255
139.31106567 86.43258667 230.54743958 4 4 4 255
134.67221069 96.23523712 217.55610657 7 7 5 255
128.86486816 100.01750183 202.11726379 11 10 8 255
122.77333832 97.20365906 186.58148193 11 10 8 255
117.32488251 88.22198486 173.31385803 12 11 9 255
113.34914398 74.43991089 164.33418274 12 11 9 255
111.45124054 57.95557404 161.00964355 12 11 9 255
111.92015839 41.27864456 163.84634399 11 10 8 255
114.68453217 26.94800949 172.41242981 5 5 5 255
158.72149658 24.28842545 174.33911133 27 22 18 255
163.27291870 21.51653671 186.43910217 23 18 14 255
168.04708862 23.52939034 198.61511230 23 18 14 255
172.31719971 30.56542015 209.01350403 22 18 6 255
175.43319702 41.36694336 216.05116272 20 16 13 255
176.92065430 54.28636169 218.65676880 23 19 16 255
176.55313110 67.35668945 216.43353271 28 27 25 255
174.38659668 78.58818817 209.71997070 27 20 14 255
170.75088501 86.27087402 199.53814697 28 24 21 255
166.19946289 89.23521423 187.43815613 15 10 6 255
161.42529297 87.02987671 175.26217651 21 17 16 255
157.15515137 79.99057770 164.86375427 22 18 15 255
154.03915405 69.18903351 157.82608032 22 20 21 255
152.55172729 56.26966095 155.22052002 18 23 17 255
152.91925049 43.19930267 157.44375610 29 22 16 255
155.08578491 31.96785355 164.15734863 28 19 12 255
131.42730713 38.08455276 190.96189880 2 2 2 255
134.11575317 36.33358383 198.10914612 0 0 0 255
132.09719849 56.49946213 199.51502991 4 4 4 255
136.93582153 37.63618851 205.30130005 0 0 0 255
139.45809937 41.79421234 211.44351196 0 0 0 255
141.29867554 48.17453766 215.60058594 0 0 0 255
142.17730713 55.80585098 217.13966370 0 0 0 255
141.96023560 63.52627563 215.82641602 3 3 3 255
140.68045044 70.16056061 211.86082458 4 4 4 255
138.53289795 74.69865417 205.84657288 5 5 5 255
135.84445190 76.44964600 198.69929504 6 6 4 255
133.02438354 75.14695740 191.50708008 8 7 5 255
130.50207520 70.98896027 185.36488342 7 7 7 255
128.66152954 64.60864258 181.20785522 7 7 5 255
127.78292084 56.97735977 179.66880798 6 6 4 255
127.99999237 49.25688934 180.98202515 5 5 5 255
129.27972412 42.62257004 184.94760132 4 4 4 255
131.22720337 15.73413467 154.17747498 45 38 32 255
127.49314117 35.09175873 142.60656738 40 33 25 255
126.85973358 57.61870956 138.77479553 37 34 29 255
129.42337036 79.88541412 143.26547241 14 13 11 255
134.79382324 98.50204468 155.39505005 0 0 0 255
142.15344238 110.63436127 173.31681824 14 13 11 255
150.38180542 114.43533325 194.30238342 27 24 19 255
158.22622681 109.32627869 215.15684509 36 31 27 255
164.49246216 96.08499908 232.70535278 34 29 25 255
168.22650146 76.72737885 244.27622986 23 20 15 255
168.85992432 54.20043564 248.10801697 12 11 7 255
166.29626465 31.93369293 243.61724854 1 1 0 255
160.92581177 13.31707191 231.48770142 0 0 0 255
160.92581177 13.31707191 231.48770142 1 1 1 255
153.56619263 1.37176299 213.56596375 8 7 5 255
145.33782959 -0.97473401 192.58041382 22 19 14 255
137.49340820 2.67989802 171.72598267 38 31 25 255
162.31933594 25.38585854 173.54312134 85 56 26 255
166.69064331 22.65107918 185.16432190 104 59 20 255
171.27587891 24.65688896 196.85842896 109 71 34 255
175.37701416 31.41764832 206.84532166 107 75 26 255
178.36965942 41.79170609 213.60447693 103 57 24 255
179.79830933 54.19987106 216.10699463 95 52 17 255
179.44531250 66.75297546 213.97174072 96 50 14 255
177.36450195 77.53999329 207.52381897 91 50 18 255
173.87268066 84.91867828 197.74494934 87 46 14 255
169.50137329 87.76571655 186.12380981 92 46 10 255
164.91610718 85.64762878 174.42964172 80 43 14 255
160.81497192 78.88690186 164.44271851 87 45 20 255
157.82229614 68.51280212 157.68356323 80 45 15 255
156.39373779 56.10472488 155.18113708 95 56 17 255
156.74667358 43.55154419 157.31636047 85 57 36 255
158.82748413 32.76458359 163.76429749 99 56 22 255
158.78665161 32.16495895 178.08044434 17 9 6 255
162.18884277 29.94910622 187.12532043 10 8 11 255
165.75759888 31.59754753 196.22695923 18 10 7 255
168.94955444 36.85955429 203.99989319 33 19 10 255
171.27874756 44.93376923 209.26060486 20 15 11 255
172.39065552 54.59114456 211.20826721 30 20 21 255
172.11593628 64.36134338 209.54643250 32 30 18 255
170.49642944 72.75696564 204.52795410 32 27 23 255
167.77871704 78.49987793 196.91696167 24 17 11 255
164.37646484 80.71574402 187.87210083 24 23 21 255
160.80773926 79.06722260 178.77043152 32 28 25 255
157.61578369 73.80531311 170.99757385 37 30 37 255
155.28652954 65.73101807 165.73681641 28 28 30 255
154.17468262 56.07369614 163.78915405 30 23 17 255
154.44940186 46.30346298 165.45101929 18 10 8 255
156.06887817 37.90786743 170.46951294 13 12 10 255
164.93121338 41.23968124 180.15895081 40 30 21 255
166.97683716 39.90739059 185.59735107 43 34 27 255
169.12261963 40.89855576 191.06993103 44 34 22 255
171.04183960 44.06241608 195.74351501 45 37 26 255
172.44232178 48.91719818 198.90663147 50 40 31 255
173.11083984 54.72380447 200.07765198 58 48 39 255
172.94567871 60.59837341 199.07847595 45 36 27 255
171.97189331 65.64639282 196.06100464 48 38 29 255
170.33782959 69.09942627 191.48477173 44 35 30 255
168.29214478 70.43171692 186.04632568 42 34 31 255
166.14642334 69.44055176 180.57383728 35 28 22 255
164.22720337 66.27673340 175.90025330 30 22 19 255
162.82669067 61.42190933 172.73710632 36 29 23 255
162.15814209 55.61527252 171.56605530 41 33 30 255
162.32336426 49.74072647 172.56524658 40 33 27 255
163.29708862 44.69270325 175.58273315 38 31 25 255
170.83572388 55.04978180 184.58839417 43 36 28 255
-171.22302246 3.82132602 176.74877930 42 37 33 255
-171.22302246 3.82132602 176.74877930 26 25 21 255
-163.30947876 0.28831100 196.80632019 32 27 23 255
-163.30947876 0.28831100 196.80632019 27 24 19 255
-155.58628845 2.55538011 217.20726013 27 24 19 255
-155.58628845 2.55538011 217.20726013 12 11 9 255
-149.22924805 14.06612778 234.84568787 12 11 9 255
-149.22924805 14.06612778 234.84568787 8 7 5 255
-149.22924805 14.06612778 234.84568787 17 16 14 255
-145.20617676 32.08216476 247.03636169 10 9 7 255
-145.20617676 32.08216476 247.03636169 16 15 11 255
-144.12953186 53.63061142 251.92335510 23 20 15 255
-144.12953186 53.63061142 251.92335510 18 14 11 255
-146.16325378 75.43084717 248.76264954 28 25 20 255
-146.16325378 75.43084717 248.76264954 20 17 12 255
-150.99774170 94.16398621 238.03541565 34 31 26 255
-150.99774170 94.16398621 238.03541565 39 36 31 255
-157.89689636 106.97810364 221.37483215 36 31 27 255
-157.89689636 106.97810364 221.37483215 43 39 30 255
-165.81048584 111.92234802 201.31724548 35 30 26 255
-165.81048584 111.92234802 201.31724548 35 32 25 255
-173.53372192 108.24398041 180.91630554 22 19 14 255
-173.53372192 108.24398041 180.91630554 23 20 15 255
-179.89073181 96.50306702 163.27781677 15 14 10 255
-179.89073181 96.50306702 163.27781677 19 16 11 255
-183.91378784 78.48701477 151.08718872 21 17 14 255
-183.91378784 78.48701477 151.08718872 18 17 13 255
-184.99041748 56.93859863 146.20024109 27 24 19 255
-184.99041748 56.93859863 146.20024109 26 23 18 255
-182.95669556 35.13836288 149.36094666 35 30 26 255
-182.95669556 35.13836288 149.36094666 32 28 25 255
-178.12222290 16.40522194 160.08818054 49 44 40 255
-178.12222290 16.40522194 160.08818054 35 32 27 255
-138.63801575 5.04076910 164.19316101 0 0 0 255
-138.63801575 5.04076910 164.19316101 20 19 15 255
-130.72445679 1.50775504 184.25070190 11 10 8 255
-130.72445679 1.50775504 184.25070190 0 0 0 255
-123.00123596 3.77482390 204.65164185 5 5 3 255
-123.00123596 3.77482390 204.65164185 0 0 0 255
-116.64420319 15.28557205 222.29008484 0 0 0 255
-116.64420319 15.28557205 222.29008484 0 0 0 255
-116.64420319 15.28557205 222.29008484 0 0 0 255
-112.62112427 33.30163956 234.48078918 0 0 0 255
-112.62112427 33.30163956 234.48078918 2 2 2 255
-111.54450989 54.85005569 239.36775208 5 5 3 255
-111.54450989 54.85005569 239.36775208 0 0 0 255
-113.57823181 76.65028381 236.20701599 16 15 11 255
-113.57823181 76.65028381 236.20701599 0 0 0 255
-118.41268921 95.38342285 225.47978210 20 19 15 255
-118.41268921 95.38342285 225.47978210 5 5 3 255
-125.31188202 108.19754028 208.81916809 19 18 14 255
-125.31188202 108.19754028 208.81916809 8 7 5 255
-133.22546387 113.14179993 188.76161194 23 22 18 255
-133.22546387 113.14179993 188.76161194 9 8 6 255
-140.94866943 109.46343994 168.36068726 21 20 16 255
-140.94866943 109.46343994 168.36068726 8 8 8 255
-147.30570984 97.72250366 150.72221375 7 7 7 255
-147.30570984 97.72250366 150.72221375 21 20 16 255
-151.32876587 79.70646667 138.53157043 10 10 10 255
-151.32876587 79.70646667 138.53157043 29 28 23 255
-152.40538025 58.15804291 133.64460754 13 12 10 255
-152.40538025 58.15804291 133.64460754 34 31 26 255
-150.37165833 36.35780716 136.80532837 32 29 24 255
-150.37165833 36.35780716 136.80532837 16 15 13 255
-145.53720093 17.62466431 147.53257751 31 28 23 255
-145.53720093 17.62466431 147.53257751 6 6 6 255
-174.63424683 15.67719460 183.91035461 36 34 39 255
-168.58047485 12.61689758 199.25416565 29 28 26 255
-162.67231750 14.70875931 214.86064148 25 25 25 255
-157.80923462 23.56668854 228.35383606 29 25 22 255
-154.73164368 37.34872437 237.67958069 30 26 23 255
-153.90803528 53.83306503 241.41807556 26 25 23 255
-155.46380615 70.50998688 239.00016785 26 22 19 255
-159.16210938 84.84062195 230.79393005 38 33 30 255
-164.43991089 94.64327240 218.04878235 46 41 35 255
-170.49371338 98.42556763 202.70494080 26 22 19 255
-176.40188599 95.61167145 187.09846497 8 5 0 255
-181.26493835 86.62998962 173.60525513 32 28 25 255
-184.34254456 72.84794617 164.27954102 22 21 16 255
-185.16613770 56.36362457 160.54107666 39 35 36 255
-183.61035156 39.68668365 162.95896912 37 31 33 255
-179.91206360 25.35606384 171.16519165 31 26 30 255
-132.09500122 17.26916122 167.51918030 0 0 0 255
-126.04119873 14.20886326 182.86299133 0 0 0 255
-120.13302612 16.30075645 198.46949768 0 0 0 255
-115.26997375 25.15865517 211.96267700 0 0 0 255
-112.19236755 38.94068909 221.28840637 0 0 0 255
-111.36877441 55.42500687 225.02687073 0 0 0 255
-112.92453003 72.10195160 222.60899353 0 0 0 255
-116.62280273 86.43258667 214.40275574 4 4 4 255
-121.90064240 96.23523712 201.65760803 7 7 5 255
-127.95446014 100.01750946 186.31375122 11 10 8 255
-133.86260986 97.20365143 170.70730591 11 10 8 255
-138.72561646 88.22199249 157.21409607 12 11 9 255
-141.80325317 74.43991089 147.88838196 12 11 9 255
-142.62687683 57.95557404 144.14988708 12 11 9 255
-141.07110596 41.27864838 146.56781006 11 10 8 255
-137.37278748 26.94801521 154.77403259 5 5 5 255
-168.73101807 24.28842735 185.75187683 27 22 18 255
-163.98641968 21.51653290 197.77742004 23 18 14 255
-159.35595703 23.52939415 210.00881958 23 18 14 255
-155.54460144 30.56542587 220.58396912 22 18 6 255
-153.13256836 41.36695099 227.89286804 20 16 13 255
-152.48706055 54.28636551 230.82289124 23 19 16 255
-153.70639038 67.35668945 228.92790222 28 27 25 255
-156.60488892 78.58818817 222.49638367 27 20 14 255
-160.74130249 86.27088165 212.50747681 28 24 21 255
-165.48590088 89.23521423 200.48191833 15 10 6 255
-170.11636353 87.02987671 188.25054932 21 17 16 255
-173.92773438 79.99057770 177.67536926 22 18 15 255
-176.33976746 69.18904114 170.36645508 22 20 21 255
-176.98526001 56.26965714 167.43646240 18 23 17 255
-175.76593018 43.19930267 169.33148193 29 22 16 255
-172.86741638 31.96785355 175.76303101 28 19 12 255
-137.33975220 38.08455276 179.76206970 2 2 2 255
-134.53718567 36.33358765 186.86535645 0 0 0 255
-132.09721375 56.49946213 186.55326843 4 4 4 255
-131.80209351 37.63619614 194.09024048 0 0 0 255
-129.55072021 41.79421234 200.33683777 0 0 0 255
-128.12597656 48.17454147 204.65412903 0 0 0 255
-127.74468994 55.80585098 206.38484192 0 0 0 255
-128.46496582 63.52628326 205.26547241 3 3 3 255
-130.17703247 70.16056061 201.46647644 4 4 4 255
-132.62036133 74.69865417 195.56617737 5 5 5 255
-135.42292786 76.44964600 188.46284485 6 6 4 255
-138.15806580 75.14696503 181.23794556 8 7 5 255
-140.40939331 70.98895264 174.99133301 7 7 7 255
-141.83413696 64.60864258 170.67408752 7 7 5 255
-142.21540833 56.97735977 168.94342041 6 6 4 255
-141.49517822 49.25688934 170.06275940 5 5 5 255
-139.78308105 42.62257004 173.86174011 4 4 4 255
-161.87414551 15.73413658 152.35409546 45 38 32 255
-166.86976624 35.09176254 141.26928711 40 33 25 255
-168.97128296 57.61870575 138.00320435 37 34 29 255
-167.85879517 79.88541412 143.05302429 14 13 11 255
-163.70159912 98.50205231 155.65010071 0 0 0 255
-157.13265991 110.63436127 173.87654114 14 13 11 255
-149.15199280 114.43533325 194.95755005 27 24 19 255
-140.97460938 109.32627869 215.68373108 36 31 27 255
-133.84544373 96.08500671 232.89970398 34 29 25 255
-128.84985352 76.72737885 243.98451233 23 20 15 255
-126.74832153 54.20043945 247.25059509 12 11 7 255
-127.86084747 31.93369102 242.20066833 1 1 0 255
-132.01803589 13.31707382 229.60362244 0 0 0 255
-132.01803589 13.31707382 229.60362244 1 1 1 255
-138.58695984 1.37176800 211.37724304 8 7 5 255
-146.56762695 -0.97472900 190.29623413 22 19 14 255
-154.74499512 2.67989993 169.57008362 38 31 25 255
-171.93272400 25.38586044 187.57588196 85 56 26 255
-167.37585449 22.65107727 199.12557983 104 59 20 255
-162.92868042 24.65689278 210.87286377 109 71 34 255
-159.26812744 31.41765022 221.02955627 107 75 26 255
-156.95153809 41.79170990 228.04920959 103 57 24 255
-156.33160400 54.19987106 230.86329651 95 52 17 255
-157.50265503 66.75297546 229.04328918 96 50 14 255
-160.28646851 77.53998566 222.86625671 91 50 18 255
-164.25918579 84.91867828 213.27268982 87 46 14 255
-168.81604004 87.76571655 201.72300720 92 46 10 255
-173.26324463 85.64763641 189.97566223 80 43 14 255
-176.92379761 78.88690186 179.81896973 87 45 20 255
-179.24037170 68.51280975 172.79928589 80 45 15 255
-179.86030579 56.10472870 169.98529053 95 56 17 255
-178.68923950 43.55154419 171.80528259 85 57 36 255
-175.90542603 32.76458359 177.98233032 99 56 22 255
-166.26887512 32.16495895 188.56959534 17 9 6 255
-162.72219849 29.94910622 197.55879211 10 8 11 255
-159.26089478 31.59755135 206.70184326 18 10 7 255
-156.41184998 36.85955811 214.60693359 33 19 10 255
-154.60882568 44.93376923 220.07038879 20 15 11 255
-154.12634277 54.59114456 222.26057434 30 20 21 255
-155.03776550 64.36134338 220.84407043 32 30 18 255
-157.20443726 72.75697327 216.03642273 32 27 23 255
-160.29644775 78.49987030 208.56964111 24 17 11 255
-163.84309387 80.71574402 199.58041382 24 23 21 255
-167.30438232 79.06721497 190.43736267 32 28 25 255
-170.15341187 73.80530548 182.53236389 37 30 37 255
-171.95643616 65.73102570 177.06883240 28 28 30 255
-172.43894958 56.07369614 174.87864685 30 23 17 255
-171.52752686 46.30345917 176.29521179 18 10 8 255
-169.36080933 37.90786362 181.10284424 13 12 10 255
-169.43002319 41.23968124 194.23377991 40 30 21 255
-167.29751587 39.90739059 199.63870239 43 34 27 255
-165.21633911 40.89855576 205.13613892 44 34 22 255
-163.50329590 44.06241608 209.88920593 45 37 26 255
-162.41920471 48.91719818 213.17420959 50 40 31 255
-162.12910461 54.72380447 214.49104309 58 48 39 255
-162.67710876 60.59837341 213.63938904 45 36 27 255
-163.97985840 65.64639282 210.74870300 48 38 29 255
-165.83897400 69.09941864 206.25917053 44 35 30 255
-167.97149658 70.43171692 200.85418701 42 34 31 255
-170.05264282 69.44055176 195.35679626 35 28 22 255
-171.76568604 66.27674103 190.60377502 30 22 19 255
-172.84977722 61.42191315 187.31871033 36 29 23 255
-173.13989258 55.61527252 186.00183105 41 33 30 255
-172.59191895 49.74072647 186.85354614 40 33 27 255
-171.28910828 44.69270325 189.74423218 38 31 25 255
-170.83569336 55.04978180 201.47996521 43 36 28 255
-163.87588501 3.82132602 -208.80795288 42 37 33 255
-163.87588501 3.82132602 -208.80795288 26 25 21 255
-163.70323181 0.28831100 -187.24645996 32 27 23 255
-163.70323181 0.28831100 -187.24645996 27 24 19 255
-163.83172607 2.55538011 -165.43292236 12 11 9 255
-163.83172607 2.55538011 -165.43292236 27 24 19 255
-164.24171448 14.06612778 -146.68835449 8 7 5 255
-164.24171448 14.06612778 -146.68835449 17 16 14 255
-164.24171448 14.06612778 -146.68835449 12 11 9 255
-164.87084961 32.08216476 -133.86645508 16 15 11 255
-164.87084961 32.08216476 -133.86645508 10 9 7 255
-165.62330627 53.63061142 -128.91918945 18 14 11 255
-165.62330627 53.63061142 -128.91918945 23 20 15 255
-166.38458252 75.43084717 -132.59974670 20 17 12 255
-166.38458252 75.43084717 -132.59974670 28 25 20 255
-167.03880310 94.16398621 -144.34785461 39 36 31 255
-167.03880310 94.16398621 -144.34785461 34 31 26 255
-167.48628235 106.97810364 -162.37486267 36 31 27 255
-167.48628235 106.97810364 -162.37486267 43 39 30 255
-167.65893555 111.92234802 -183.93646240 35 30 26 255
-167.65893555 111.92234802 -183.93646240 35 32 25 255
-167.53050232 108.24398041 -205.74998474 23 20 15 255
-167.53050232 108.24398041 -205.74998474 22 19 14 255
-167.12045288 96.50306702 -224.49453735 15 14 10 255
-167.12045288 96.50306702 -224.49453735 19 16 11 255
-166.49134827 78.48701477 -237.31643677 21 17 14 255
-166.49134827 78.48701477 -237.31643677 18 17 13 255
-165.73886108 56.93859863 -242.26370239 27 24 19 255
-165.73886108 56.93859863 -242.26370239 26 23 18 255
-164.97756958 35.13836288 -238.58309937 32 28 25 255
-164.97756958 35.13836288 -238.58309937 35 30 26 255
-164.32336426 16.40522194 -226.83502197 35 32 27 255
-164.32336426 16.40522194 -226.83502197 49 44 40 255
-128.95559692 5.04076910 -208.80795288 0 0 0 255
-128.95559692 5.04076910 -208.80795288 20 19 15 255
-128.78294373 1.50775504 -187.24645996 11 10 8 255
-128.78294373 1.50775504 -187.24645996 0 0 0 255
-128.91139221 3.77482390 -165.43292236 5 5 3 255
-128.91139221 3.77482390 -165.43292236 0 0 0 255
-129.32139587 15.28557205 -146.68835449 0 0 0 255
-129.32139587 15.28557205 -146.68835449 0 0 0 255
-129.32139587 15.28557205 -146.68835449 0 0 0 255
-129.95053101 33.30163956 -133.86643982 0 0 0 255
-129.95053101 33.30163956 -133.86643982 2 2 2 255
-130.70301819 54.85005569 -128.91918945 0 0 0 255
-130.70301819 54.85005569 -128.91918945 5 5 3 255
-131.46429443 76.65028381 -132.59973145 16 15 11 255
-131.46429443 76.65028381 -132.59973145 0 0 0 255
-132.11848450 95.38342285 -144.34785461 20 19 15 255
-132.11848450 95.38342285 -144.34785461 5 5 3 255
-132.56594849 108.19754028 -162.37489319 8 7 5 255
-132.56594849 108.19754028 -162.37489319 19 18 14 255
-132.73861694 113.14179993 -183.93646240 9 8 6 255
-132.73861694 113.14179993 -183.93646240 23 22 18 255
-132.61016846 109.46343994 -205.74996948 8 8 8 255
-132.61016846 109.46343994 -205.74996948 21 20 16 255
-132.20016479 97.72250366 -224.49453735 7 7 7 255
-132.20016479 97.72250366 -224.49453735 21 20 16 255
-131.57102966 79.70646667 -237.31643677 29 28 23 255
-131.57102966 79.70646667 -237.31643677 10 10 10 255
-130.81854248 58.15804291 -242.26370239 34 31 26 255
-130.81854248 58.15804291 -242.26370239 13 12 10 255
-130.05725098 36.35780716 -238.58309937 32 29 24 255
-130.05725098 36.35780716 -238.58309937 16 15 13 255
-129.40307617 17.62466431 -226.83502197 31 28 23 255
-129.40307617 17.62466431 -226.83502197 6 6 6 255
-169.63394165 15.67719460 -203.35186768 36 34 39 255
-169.50187683 12.61689758 -186.85748291 29 28 26 255
-169.60014343 14.70875931 -170.17041016 25 25 25 255
-169.91377258 23.56668854 -155.83102417 29 25 22 255
-170.39506531 37.34872437 -146.02239990 30 26 23 255
-170.97071838 53.83306503 -142.23779297 26 25 23 255
-171.55308533 70.50998688 -145.05339050 26 22 19 255
-172.05352783 84.84062195 -154.04055786 38 33 30 255
-172.39584351 94.64327240 -167.83103943 46 41 35 255
-172.52792358 98.42556763 -184.32537842 26 22 19 255
-172.42965698 95.61167145 -201.01248169 8 5 0 255
-172.11601257 86.62998962 -215.35186768 32 28 25 255
-171.63473511 72.84794617 -225.16046143 22 21 16 255
-171.05906677 56.36362457 -228.94506836 39 35 36 255
-170.47669983 39.68668365 -226.12945557 37 31 33 255
-169.97627258 25.35606384 -217.14230347 31 26 30 255
-124.04601288 17.26916122 -203.35186768 0 0 0 255
-123.91393280 14.20886326 -186.85748291 0 0 0 255
-124.01219940 16.30075645 -170.17037964 0 0 0 255
-124.32584381 25.15865517 -155.83102417 0 0 0 255
-124.80712128 38.94068909 -146.02239990 0 0 0 255
-125.38276672 55.42500687 -142.23783875 0 0 0 255
-125.96514130 72.10195160 -145.05339050 0 0 0 255
-126.46553802 86.43258667 -154.04055786 4 4 4 255
-126.80789948 96.23523712 -167.83103943 7 7 5 255
-126.93997955 100.01750946 -184.32542419 11 10 8 255
-126.84171295 97.20365143 -201.01248169 11 10 8 255
-126.52802277 88.22199249 -215.35183716 12 11 9 255
-126.04678345 74.43991089 -225.16046143 12 11 9 255
-125.47113800 57.95557404 -228.94503784 12 11 9 255
-124.88877106 41.27864838 -226.12945557 11 10 8 255
-124.38832855 26.94801521 -217.14227295 5 5 5 255
-164.78761292 24.28842735 -199.51095581 27 22 18 255
-164.68409729 21.51653290 -186.58367920 23 18 14 255
-164.76110840 23.52939415 -173.50537109 23 18 14 255
-165.00692749 30.56542587 -162.26705933 22 18 6 255
-165.38412476 41.36695099 -154.57968140 20 16 13 255
-165.83528137 54.28636551 -151.61352539 23 19 16 255
-166.29170227 67.35668945 -153.82019043 28 27 25 255
-166.68391418 78.58818817 -160.86376953 27 20 14 255
-166.95220947 86.27088165 -171.67193604 28 24 21 255
-167.05572510 89.23521423 -184.59918213 15 10 6 255
-166.97871399 87.02987671 -197.67749023 21 17 16 255
-166.73289490 79.99057770 -208.91583252 22 18 15 255
-166.35569763 69.18904114 -216.60321045 22 20 21 255
-165.90454102 56.26965714 -219.56936646 18 23 17 255
-165.44810486 43.19930267 -217.36264038 29 22 16 255
-165.05590820 31.96785355 -210.31903076 28 19 12 255
-133.34197998 38.08455276 -193.81344604 2 2 2 255
-133.28082275 36.33358765 -186.17752075 0 0 0 255
-130.89179993 56.49946213 -185.59146118 4 4 4 255
-133.32633972 37.63619614 -178.45239258 0 0 0 255
-133.47151184 41.79421234 -171.81405640 0 0 0 255
-133.69432068 48.17454147 -167.27322388 0 0 0 255
-133.96081543 55.80585098 -165.52114868 0 0 0 255
-134.23045349 63.52628326 -166.82461548 3 3 3 255
-134.46209717 70.16056061 -170.98515320 4 4 4 255
-134.62055969 74.69865417 -177.36935425 5 5 5 255
-134.68171692 76.44964600 -185.00531006 6 6 4 255
-134.63621521 75.14696503 -192.73049927 8 7 5 255
-134.49101257 70.98895264 -199.36883545 7 7 7 255
-134.26821899 64.60864258 -203.90963745 7 7 5 255
-134.00172424 56.97735977 -205.66168213 6 6 4 255
-133.73211670 49.25688934 -204.35821533 5 5 5 255
-133.50044250 42.62257004 -200.19772339 4 4 4 255
-146.38110352 15.73413658 -228.20986938 45 38 32 255
-147.05708313 35.09176254 -240.34957886 40 33 25 255
-147.84375000 57.61870575 -244.15286255 37 34 29 255
-148.62132263 79.88541412 -239.04067993 14 13 11 255
-149.27142334 98.50205231 -225.79135132 0 0 0 255
-149.69509888 110.63436127 -206.42196655 14 13 11 255
-149.82783508 114.43533325 -183.88127136 27 24 19 255
-149.64941406 109.32627869 -161.60095215 36 31 27 255
-149.18702698 96.08500671 -142.97297668 34 29 25 255
-148.51103210 76.72737885 -130.83332825 23 20 15 255
-147.72438049 54.20043945 -127.03004456 12 11 7 255
-146.94680786 31.93369102 -132.14224243 1 1 0 255
-146.29670715 13.31707382 -145.39157104 0 0 0 255
-146.29670715 13.31707382 -145.39157104 1 1 1 255
-145.87303162 1.37176800 -164.76095581 8 7 5 255
-145.74029541 -0.97472900 -187.30160522 22 19 14 255
-145.91871643 2.67989993 -209.58193970 38 31 25 255
-168.43103027 25.38586044 -198.96014404 85 56 26 255
-168.33161926 22.65107727 -186.54437256 104 59 20 255
-168.40557861 24.65689278 -173.98367310 109 71 34 255
-168.64166260 31.41765022 -163.19006348 107 75 26 255
-169.00392151 41.79170990 -155.80691528 103 57 24 255
-169.43724060 54.19987106 -152.95811462 95 52 17 255
-169.87559509 66.75297546 -155.07748413 96 50 14 255
-170.25228882 77.53998566 -161.84236145 91 50 18 255
-170.50996399 84.91867828 -172.22274780 87 46 14 255
-170.60937500 87.76571655 -184.63844299 92 46 10 255
-170.53541565 85.64763641 -197.19921875 80 43 14 255
-170.29933167 78.88690186 -207.99282837 87 45 20 255
-169.93704224 68.51280975 -215.37597656 80 45 15 255
-169.50375366 56.10472870 -218.22470093 95 56 17 255
-169.06538391 43.55154419 -216.10534668 85 57 36 255
-168.68869019 32.76458359 -209.34051514 99 56 22 255
-163.50323486 32.16495895 -195.99639893 17 9 6 255
-163.42581177 29.94910622 -186.33312988 10 8 11 255
-163.48338318 31.59755135 -176.55700684 18 10 7 255
-163.66712952 36.85955811 -168.15621948 33 19 10 255
-163.94906616 44.93376923 -162.40985107 20 15 11 255
-164.28633118 54.59114456 -160.19265747 30 20 21 255
-164.62751770 64.36134338 -161.84214783 32 30 18 255
-164.92070007 72.75697327 -167.10729980 32 27 23 255
-165.12124634 78.49987030 -175.18647766 24 17 11 255
-165.19862366 80.71574402 -184.84973145 24 23 21 255
-165.14105225 79.06721497 -194.62588501 32 28 25 255
-164.95730591 73.80530548 -203.02661133 37 30 37 255
-164.67532349 65.73102570 -208.77304077 28 28 30 255
-164.33810425 56.07369614 -210.99020386 30 23 17 255
-163.99696350 46.30345917 -209.34069824 18 10 8 255
-163.70372009 37.90786362 -204.07553101 13 12 10 255
-168.48956299 41.23968124 -191.84759521 40 30 21 255
-168.44299316 39.90739059 -186.03741455 43 34 27 255
-168.47760010 40.89855576 -180.15930176 44 34 22 255
-168.58808899 44.06241608 -175.10818481 45 37 26 255
-168.75762939 48.91719818 -171.65304565 50 40 31 255
-168.96038818 54.72380447 -170.31997681 58 48 39 255
-169.16554260 60.59837341 -171.31170654 45 36 27 255
-169.34181213 65.64639282 -174.47747803 48 38 29 255
-169.46240234 69.09941864 -179.33523560 44 35 30 255
-169.50892639 70.43171692 -185.14550781 42 34 31 255
-169.47431946 69.44055176 -191.02352905 35 28 22 255
-169.36383057 66.27674103 -196.07467651 30 22 19 255
-169.19429016 61.42191315 -199.52978516 36 29 23 255
-168.99153137 55.61527252 -200.86291504 41 33 30 255
-168.78642273 49.74072647 -199.87112427 40 33 27 255
-168.61009216 44.69270325 -196.70535278 38 31 25 255
-172.40658569 55.04978180 -185.59143066 43 36 28 255
163.87588501 3.82132912 -208.80799866 26 25 21 255
163.87588501 3.82132912 -208.80799866 42 37 33 255
163.70323181 0.28829899 -187.24649048 27 24 19 255
163.70323181 0.28829899 -187.24649048 32 27 23 255
163.83172607 2.55538011 -165.43293762 27 24 19 255
163.83172607 2.55538011 -165.43293762 12 11 9 255
164.24171448 14.06612968 -146.68835449 8 7 5 255
164.24171448 14.06612968 -146.68835449 17 16 14 255
164.24171448 14.06612968 -146.68835449 12 11 9 255
164.87084961 32.08216476 -133.86643982 10 9 7 255
164.87084961 32.08216476 -133.86643982 16 15 11 255
165.62330627 53.63060760 -128.91918945 18 14 11 255
165.62330627 53.63060760 -128.91918945 23 20 15 255
166.38458252 75.43084717 -132.59976196 28 25 20 255
166.38458252 75.43084717 -132.59976196 20 17 12 255
167.03880310 94.16398621 -144.34783936 34 31 26 255
167.03880310 94.16398621 -144.34783936 39 36 31 255
167.48628235 106.97810364 -162.37484741 43 39 30 255
167.48628235 106.97810364 -162.37484741 36 31 27 255
167.65893555 111.92234802 -183.93646240 35 32 25 255
167.65893555 111.92234802 -183.93646240 35 30 26 255
167.53050232 108.24398804 -205.74998474 22 19 14 255
167.53050232 108.24398804 -205.74998474 23 20 15 255
167.12045288 96.50307465 -224.49456787 19 16 11 255
167.12045288 96.50307465 -224.49456787 15 14 10 255
166.49134827 78.48701477 -237.31645203 21 17 14 255
166.49134827 78.48701477 -237.31645203 18 17 13 255
165.73886108 56.93859863 -242.26367188 27 24 19 255
165.73886108 56.93859863 -242.26367188 26 23 18 255
164.97756958 35.13836288 -238.58311462 35 30 26 255
164.97756958 35.13836288 -238.58311462 32 28 25 255
164.32336426 16.40522003 -226.83503723 35 32 27 255
164.32336426 16.40522003 -226.83503723 49 44 40 255
128.95561218 5.04077196 -208.80799866 20 19 15 255
128.95561218 5.04077196 -208.80799866 0 0 0 255
128.78295898 1.50774097 -187.24649048 0 0 0 255
128.78295898 1.50774097 -187.24649048 11 10 8 255
128.91140747 3.77482510 -165.43293762 5 5 3 255
128.91140747 3.77482510 -165.43293762 0 0 0 255
129.32141113 15.28557205 -146.68835449 0 0 0 255
129.32141113 15.28557205 -146.68835449 0 0 0 255
129.32141113 15.28557205 -146.68835449 0 0 0 255
129.95054626 33.30163956 -133.86642456 2 2 2 255
129.95054626 33.30163956 -133.86642456 0 0 0 255
130.70303345 54.85005188 -128.91918945 0 0 0 255
130.70303345 54.85005188 -128.91918945 5 5 3 255
131.46430969 76.65027618 -132.59974670 16 15 11 255
131.46430969 76.65027618 -132.59974670 0 0 0 255
132.11849976 95.38342285 -144.34783936 5 5 3 255
132.11849976 95.38342285 -144.34783936 20 19 15 255
132.56596375 108.19753265 -162.37487793 8 7 5 255
132.56596375 108.19753265 -162.37487793 19 18 14 255
132.73863220 113.14178467 -183.93646240 23 22 18 255
132.73863220 113.14178467 -183.93646240 9 8 6 255
132.61018372 109.46343994 -205.74996948 8 8 8 255
132.61018372 109.46343994 -205.74996948 21 20 16 255
132.20018005 97.72251129 -224.49456787 7 7 7 255
132.20018005 97.72251129 -224.49456787 21 20 16 255
131.57104492 79.70645905 -237.31645203 10 10 10 255
131.57104492 79.70645905 -237.31645203 29 28 23 255
130.81855774 58.15804291 -242.26367188 34 31 26 255
130.81855774 58.15804291 -242.26367188 13 12 10 255
130.05726624 36.35780716 -238.58311462 32 29 24 255
130.05726624 36.35780716 -238.58311462 16 15 13 255
129.40309143 17.62466240 -226.83503723 6 6 6 255
129.40309143 17.62466240 -226.83503723 31 28 23 255
169.63394165 15.67719078 -203.35182190 36 34 39 255
169.50187683 12.61690140 -186.85749817 29 28 26 255
169.60014343 14.70875359 -170.17039490 25 25 25 255
169.91377258 23.56668854 -155.83103943 29 25 22 255
170.39506531 37.34872055 -146.02239990 30 26 23 255
170.97071838 53.83306122 -142.23779297 26 25 23 255
171.55308533 70.50998688 -145.05339050 26 22 19 255
172.05352783 84.84062195 -154.04057312 38 33 30 255
172.39584351 94.64327240 -167.83102417 46 41 35 255
172.52792358 98.42556763 -184.32536316 26 22 19 255
172.42965698 95.61166382 -201.01249695 8 5 0 255
172.11601257 86.62998962 -215.35185242 32 28 25 255
171.63473511 72.84794617 -225.16046143 22 21 16 255
171.05906677 56.36362839 -228.94503784 39 35 36 255
170.47669983 39.68667984 -226.12948608 37 31 33 255
169.97627258 25.35606194 -217.14231873 31 26 30 255
124.04602814 17.26915550 -203.35182190 0 0 0 255
123.91394806 14.20886707 -186.85749817 0 0 0 255
124.01221466 16.30075455 -170.17036438 0 0 0 255
124.32585907 25.15865326 -155.83103943 0 0 0 255
124.80713654 38.94068527 -146.02239990 0 0 0 255
125.38278198 55.42500305 -142.23783875 0 0 0 255
125.96515656 72.10195160 -145.05339050 0 0 0 255
126.46552277 86.43258667 -154.04057312 4 4 4 255
126.80791473 96.23523712 -167.83102417 7 7 5 255
126.93999481 100.01750183 -184.32540894 11 10 8 255
126.84172821 97.20365906 -201.01249695 11 10 8 255
126.52800751 88.22198486 -215.35182190 12 11 9 255
126.04679871 74.43991089 -225.16046143 12 11 9 255
125.47115326 57.95557404 -228.94506836 12 11 9 255
124.88878632 41.27864456 -226.12948608 11 10 8 255
124.38834381 26.94800949 -217.14230347 5 5 5 255
164.78762817 24.28842545 -199.51095581 27 22 18 255
164.68411255 21.51653671 -186.58369446 23 18 14 255
164.76112366 23.52939034 -173.50537109 23 18 14 255
165.00694275 30.56542015 -162.26705933 22 18 6 255
165.38414001 41.36694336 -154.57969666 20 16 13 255
165.83529663 54.28636169 -151.61352539 23 19 16 255
166.29171753 67.35668945 -153.82020569 28 27 25 255
166.68392944 78.58818817 -160.86378479 27 20 14 255
166.95222473 86.27087402 -171.67193604 28 24 21 255
167.05574036 89.23521423 -184.59916687 15 10 6 255
166.97872925 87.02987671 -197.67749023 21 17 16 255
166.73291016 79.99057770 -208.91581726 22 18 15 255
166.35571289 69.18903351 -216.60322571 22 20 21 255
165.90455627 56.26966095 -219.56933594 18 23 17 255
165.44812012 43.19930267 -217.36265564 29 22 16 255
165.05592346 31.96785355 -210.31903076 28 19 12 255
133.34201050 38.08455276 -193.81344604 2 2 2 255
133.28085327 36.33358383 -186.17753601 0 0 0 255
130.89179993 56.49946213 -185.59144592 4 4 4 255
133.32637024 37.63618851 -178.45237732 0 0 0 255
133.47154236 41.79421234 -171.81405640 0 0 0 255
133.69435120 48.17453766 -167.27322388 0 0 0 255
133.96084595 55.80585098 -165.52114868 0 0 0 255
134.23048401 63.52627563 -166.82461548 3 3 3 255
134.46212769 70.16056061 -170.98515320 4 4 4 255
134.62059021 74.69865417 -177.36935425 5 5 5 255
134.68174744 76.44964600 -185.00529480 6 6 4 255
134.63624573 75.14695740 -192.73048401 8 7 5 255
134.49104309 70.98896027 -199.36883545 7 7 7 255
134.26824951 64.60864258 -203.90963745 7 7 5 255
134.00175476 56.97735977 -205.66168213 6 6 4 255
133.73214722 49.25688934 -204.35818481 5 5 5 255
133.50047302 42.62257004 -200.19772339 4 4 4 255
146.38111877 15.73413467 -228.20988464 45 38 32 255
147.05709839 35.09175873 -240.34960938 40 33 25 255
147.84376526 57.61870956 -244.15283203 37 34 29 255
148.62133789 79.88541412 -239.04075623 14 13 11 255
149.27143860 98.50204468 -225.79136658 0 0 0 255
149.69511414 110.63436127 -206.42195129 14 13 11 255
149.82785034 114.43533325 -183.88127136 27 24 19 255
149.64942932 109.32627869 -161.60095215 36 31 27 255
149.18704224 96.08499908 -142.97299194 34 29 25 255
148.51104736 76.72737885 -130.83331299 23 20 15 255
147.72439575 54.20043564 -127.03003693 12 11 7 255
146.94682312 31.93369293 -132.14221191 1 1 0 255
146.29672241 13.31707191 -145.39158630 0 0 0 255
146.29672241 13.31707191 -145.39158630 1 1 1 255
145.87304688 1.37176299 -164.76095581 8 7 5 255
145.74031067 -0.97473401 -187.30163574 22 19 14 255
145.91873169 2.67989802 -209.58190918 38 31 25 255
168.43106079 25.38585854 -198.96012878 85 56 26 255
168.33164978 22.65107918 -186.54437256 104 59 20 255
168.40560913 24.65688896 -173.98367310 109 71 34 255
168.64169312 31.41764832 -163.19007874 107 75 26 255
169.00395203 41.79170609 -155.80690002 103 57 24 255
169.43727112 54.19987106 -152.95811462 95 52 17 255
169.87562561 66.75297546 -155.07748413 96 50 14 255
170.25231934 77.53999329 -161.84234619 91 50 18 255
170.50999451 84.91867828 -172.22273254 87 46 14 255
170.60940552 87.76571655 -184.63844299 92 46 10 255
170.53544617 85.64762878 -197.19921875 80 43 14 255
170.29936218 78.88690186 -207.99281311 87 45 20 255
169.93707275 68.51280212 -215.37596130 80 45 15 255
169.50378418 56.10472488 -218.22470093 95 56 17 255
169.06541443 43.55154419 -216.10540771 85 57 36 255
168.68872070 32.76458359 -209.34051514 99 56 22 255
163.50321960 32.16495895 -195.99642944 17 9 6 255
163.42582703 29.94910622 -186.33312988 10 8 11 255
163.48339844 31.59754753 -176.55700684 18 10 7 255
163.66714478 36.85955429 -168.15621948 33 19 10 255
163.94908142 44.93376923 -162.40985107 20 15 11 255
164.28634644 54.59114456 -160.19264221 30 20 21 255
164.62753296 64.36134338 -161.84214783 32 30 18 255
164.92071533 72.75696564 -167.10729980 32 27 23 255
165.12126160 78.49987793 -175.18647766 24 17 11 255
165.19863892 80.71574402 -184.84973145 24 23 21 255
165.14106750 79.06722260 -194.62588501 32 28 25 255
164.95732117 73.80531311 -203.02658081 37 30 37 255
164.67533875 65.73101807 -208.77305603 28 28 30 255
164.33811951 56.07369614 -210.99024963 30 23 17 255
163.99694824 46.30346298 -209.34069824 18 10 8 255
163.70373535 37.90786743 -204.07553101 13 12 10 255
168.48956299 41.23968124 -191.84759521 40 30 21 255
168.44299316 39.90739059 -186.03739929 43 34 27 255
168.47760010 40.89855576 -180.15930176 44 34 22 255
168.58808899 44.06241608 -175.10818481 45 37 26 255
168.75762939 48.91719818 -171.65304565 50 40 31 255
168.96038818 54.72380447 -170.31997681 58 48 39 255
169.16554260 60.59837341 -171.31170654 45 36 27 255
169.34181213 65.64639282 -174.47750854 48 38 29 255
169.46240234 69.09942627 -179.33523560 44 35 30 255
169.50892639 70.43171692 -185.14552307 42 34 31 255
169.47431946 69.44055176 -191.02354431 35 28 22 255
169.36383057 66.27673340 -196.07461548 30 22 19 255
169.19429016 61.42190933 -199.52978516 36 29 23 255
168.99153137 55.61527252 -200.86291504 41 33 30 255
168.78642273 49.74072647 -199.87112427 40 33 27 255
168.61009216 44.69270325 -196.70535278 38 31 25 255
172.40660095 55.04978180 -185.59141541 43 36 28 255
142.09521484 164.47579956 -345.09304810 177 66 11 255
148.87115479 169.92704773 -345.74548340 195 66 11 255
155.77177429 164.71763611 -345.12725830 179 84 18 255
158.75483704 156.72373962 -343.98397827 135 63 23 255
139.41322327 156.68069458 -343.97662354 152 74 28 255
149.03303528 153.60754395 -343.57797241 121 46 15 255
149.03303528 153.60754395 -343.57797241 119 48 20 255
149.06997681 180.70133972 -319.55661011 118 75 20 255
160.56263733 173.13912964 -319.52206421 73 57 67 255
137.23376465 172.66481018 -319.52691650 32 9 0 255
132.85858154 160.63624573 -319.48925781 34 15 0 255
160.80560303 134.04704285 -340.85931396 90 34 19 255
148.99963379 134.26380920 -340.90463257 92 30 17 255
148.99963379 134.26380920 -340.90463257 77 19 17 255
166.27844238 156.49079895 -319.46307373 11 9 12 255
137.35502625 134.47027588 -340.91702271 89 36 28 255
130.49476624 135.38572693 -319.42980957 29 33 36 255
167.22129822 134.85121155 -319.39233398 14 11 6 255
145.84216309 117.04145050 300.49053955 154 70 36 255
139.80783081 119.86426544 300.49053955 123 47 31 255
133.77351379 117.04145050 300.49053955 93 37 22 255
131.27407837 110.22655487 300.49053955 88 37 20 255
133.77351379 103.41171265 300.49053955 61 33 21 255
139.80783081 100.58890533 300.49053955 43 23 16 255
145.84216309 103.41169739 300.49053955 84 46 23 255
148.34161377 110.22655487 300.49053955 139 76 35 255
139.80783081 110.22659302 302.45434570 130 57 24 255
148.50477600 120.04843903 288.90560913 27 27 27 255
139.80783081 124.11680603 288.90560913 0 0 0 255
131.11094666 120.04843903 288.90560913 3 5 4 255
127.50856018 110.22659302 288.90560913 48 37 31 255
131.11094666 100.40472412 288.90557861 41 25 12 255
139.80783081 96.33636475 288.90560913 75 41 16 255
139.80783081 96.33636475 288.90560913 31 26 22 255
148.50477600 100.40472412 288.90557861 41 32 25 255
152.10714722 110.22659302 288.90560913 33 29 26 255
-145.84216309 117.04145050 300.49053955 151 76 37 255
-139.80783081 119.86426544 300.49053955 125 51 24 255
-133.77351379 117.04145050 300.49053955 93 42 23 255
-131.27407837 110.22655487 300.49053955 70 26 13 255
-133.77351379 103.41171265 300.49053955 64 26 17 255
-139.80783081 100.58890533 300.49053955 43 18 14 255
-145.84216309 103.41169739 300.49053955 88 38 11 255
-148.34161377 110.22655487 300.49053955 149 67 29 255
-139.80783081 110.22659302 302.45434570 142 70 32 255
-148.50477600 120.04843903 288.90560913 42 38 35 255
-139.80783081 124.11680603 288.90560913 0 0 0 255
-131.11094666 120.04843903 288.90560913 29 20 13 255
-127.50856018 110.22659302 288.90560913 12 4 1 255
-131.11094666 100.40472412 288.90557861 47 29 15 255
-139.80783081 96.33636475 288.90560913 51 50 48 255
-139.80783081 96.33636475 288.90560913 25 22 17 255
-148.50477600 100.40472412 288.90557861 41 32 23 255
-152.10714722 110.22659302 288.90560913 26 21 17 255
-142.09521484 164.47579956 -345.09304810 185 86 27 255
-148.87115479 169.92704773 -345.74548340 221 99 22 255
-155.77177429 164.71763611 -345.12725830 191 81 18 255
-158.75483704 156.72373962 -343.98397827 149 79 30 255
-139.41322327 156.68069458 -343.97662354 134 71 30 255
-149.03303528 153.60754395 -343.57797241 124 49 18 255
-149.03303528 153.60754395 -343.57797241 117 51 16 255
-160.56263733 173.13912964 -319.52206421 70 56 56 255
-149.06997681 180.70133972 -319.55661011 142 104 33 255
-137.23376465 172.66481018 -319.52691650 78 32 6 255
-132.85858154 160.63624573 -319.48925781 59 31 7 255
-137.66690063 133.49708557 -340.78295898 89 34 27 255
-148.99810791 133.37701416 -340.78207397 74 21 15 255
-148.99810791 133.37701416 -340.78207397 76 23 9 255
-130.53529358 136.27911377 -319.43182373 10 11 13 255
-160.72920227 133.65350342 -340.80505371 82 34 24 255
-166.27844238 156.49079895 -319.46307373 13 11 14 255
-167.14794922 136.53448486 -319.39782715 12 5 0 255
-177.86901855 87.35897827 -119.98193359 7 7 7 255
-176.59332275 84.71994781 -248.36224365 5 5 5 255
-184.90145874 115.55591583 -228.18031311 1 1 1 255
-188.26609802 118.79637146 -141.26922607 0 0 0 255
-188.57936096 129.73320007 -186.13429260 0 0 0 255
-158.48889160 52.17818451 264.18157959 8 8 6 255
-167.47076416 41.25501633 118.97046661 1 1 1 255
-149.66189575 44.69799805 -304.75738525 0 0 0 255
-167.58961487 41.26582336 -113.65810394 11 11 11 255
-165.78152466 50.25124741 -256.88955688 7 6 4 255
-183.86354065 104.91664124 139.72953796 2 2 2 255
-179.30474854 106.16123962 251.45486450 2 2 2 255
-188.21919250 128.03865051 175.77449036 1 1 1 255
-186.66831970 129.09387207 221.42959595 1 1 1 255
-176.55000305 75.05583954 127.01160431 7 6 4 255
-171.77552795 80.18429565 262.46157837 4 0 0 255
0.00000000 43.74164963 -113.65810394 2 2 2 255
0.00000000 43.74164963 -113.65810394 3 3 3 255
0.00000000 42.75547791 -256.93041992 3 3 3 255
0.00000000 42.75547791 -256.93041992 3 3 3 255
0.00000000 42.75547791 -256.93041992 3 3 3 255
0.00000000 42.75547791 -256.93041992 3 3 3 255
0.00000000 44.69799805 -321.16860962 0 0 0 255
0.00000000 44.69799805 -321.16860962 0 0 0 255
0.00000000 43.42691803 118.97046661 1 1 1 255
0.00000000 43.42691803 118.97046661 1 1 1 255
-96.66754150 44.06572342 266.04574585 4 4 2 255
-99.94705200 43.42691803 118.97046661 2 2 2 255
-102.06192017 43.74164963 -113.65810394 10 10 8 255
-100.27786255 42.75547791 -256.93045044 8 8 8 255
-97.91452789 43.42691803 198.58694458 0 0 0 255
-0.00000200 43.42691803 198.58694458 0 0 0 255
-0.00000200 43.42691803 198.58694458 0 0 0 255
0.00000000 46.17671204 273.08038330 0 0 0 255
0.00000000 46.17671204 273.08038330 0 0 0 255
-101.79347992 80.18429565 262.46157837 4 4 4 255
-109.35216522 106.16124725 251.45486450 2 2 2 255
-118.52455139 129.09387207 221.42959595 1 1 1 255
-121.71920776 128.03865051 175.77449036 1 1 1 255
-117.36352539 104.91664124 139.72953796 1 1 1 255
-110.04999542 75.05583954 127.01160431 1 1 1 255
-113.59128571 87.35897827 -119.98193359 7 7 5 255
-123.98838043 118.79637146 -141.26922607 2 2 2 255
-124.30164337 129.73320007 -186.13429260 1 1 1 255
-120.62375641 115.55591583 -228.18031311 3 3 3 255
-112.31561279 84.71994781 -248.36224365 7 7 7 255
-99.62738037 44.69799805 -308.31866455 0 0 0 255
-102.06192780 43.74164963 -185.13943481 7 7 5 255
0.00000000 43.74164963 -185.13943481 0 0 0 255
0.00000000 43.74164963 -185.13943481 0 0 0 255
-54.82205200 44.69799805 -318.64147949 0 0 0 255
-132.24659729 45.51522827 264.97290039 4 4 4 255
-132.24659729 45.51522827 264.97290039 4 4 4 255
177.86901855 87.35897827 -119.98193359 5 4 2 255
176.59332275 84.71994781 -248.36224365 4 4 4 255
184.90145874 115.55591583 -228.18031311 2 2 2 255
188.26609802 118.79637146 -141.26922607 0 0 0 255
188.57936096 129.73320007 -186.13429260 0 0 0 255
158.48889160 52.17818451 264.18157959 18 17 15 255
167.47076416 41.25501633 118.97046661 4 4 4 255
149.66189575 44.69799805 -304.75738525 0 0 0 255
167.58961487 41.26582336 -113.65810394 10 9 7 255
165.78152466 50.25124741 -256.88955688 11 10 6 255
183.86354065 104.91664124 139.72953796 2 2 2 255
179.30474854 106.16123962 251.45486450 1 1 1 255
188.21919250 128.03865051 175.77449036 0 0 0 255
186.66831970 129.09387207 221.42959595 0 0 0 255
176.55000305 75.05583954 127.01160431 5 4 0 255
171.77552795 80.18429565 262.46157837 5 4 2 255
96.66754150 44.06572342 266.04574585 22 21 19 255
99.94705200 43.42691803 118.97046661 6 6 6 255
102.06192017 43.74164963 -113.65810394 11 11 9 255
100.27786255 42.75547791 -256.93045044 9 9 9 255
97.91452789 43.42691803 198.58694458 9 9 9 255
101.79347992 80.18429565 262.46157837 15 15 15 255
109.35216522 106.16124725 251.45486450 5 5 5 255
118.52455139 129.09387207 221.42959595 1 1 1 255
121.71920776 128.03865051 175.77449036 1 1 1 255
117.36352539 104.91664124 139.72953796 3 3 3 255
110.04999542 75.05583954 127.01160431 7 7 7 255
113.59128571 87.35897827 -119.98193359 6 6 6 255
123.98838043 118.79637146 -141.26922607 1 1 1 255
124.30164337 129.73320007 -186.13429260 1 1 1 255
120.62375641 115.55591583 -228.18031311 3 3 3 255
112.31561279 84.71994781 -248.36224365 6 6 6 255
99.62738037 44.69799805 -308.31866455 0 0 0 255
102.06192780 43.74164963 -185.13943481 9 9 9 255
54.82205200 44.69799805 -318.64147949 0 0 0 255
132.24659729 45.51522827 264.97290039 18 18 16 255
132.24659729 45.51522827 264.97290039 18 18 16 255
134.78436279 319.68841553 64.00981903 104 87 80 255
-0.00000000 325.58618164 -180.14788818 87 82 79 255
32.29203415 325.27203369 -178.51788330 51 37 37 255
65.99098206 323.71737671 -175.70524597 99 80 74 255
90.95112610 322.00280762 -170.85452271 193 173 104 255
-0.00000000 223.32621765 147.03292847 172 148 100 255
-0.00000000 359.67840576 67.48866272 222 194 121 255
-0.00000000 362.41278076 -121.21324158 228 204 134 255
-0.00000000 353.41738892 -145.17309570 229 205 133 255
-0.00000000 343.85140991 -162.60760498 226 202 130 255
-0.00000000 191.70585632 -257.23132324 119 112 106 255
152.93438721 209.30413818 120.66766357 148 132 98 255
142.17387390 190.65689087 -222.22427368 74 69 66 255
128.85314941 350.50247192 33.23030853 215 193 135 255
127.32423401 335.17053223 -131.35922241 216 191 124 255
130.27589417 294.89859009 -169.01838684 199 175 113 255
107.18024445 358.98574829 38.39440155 228 205 151 255
135.09712219 208.21318054 130.42329407 66 60 70 255
102.31497955 184.26518250 -247.14196777 96 91 87 255
90.83042908 347.53393555 -137.84443665 223 199 129 255
146.01315308 209.33811951 125.07638550 154 138 102 255
158.85102844 207.43432617 114.84311676 170 152 116 255
153.66081238 191.67874146 -202.23088074 71 71 63 255
126.41394806 344.87030029 -108.98062134 221 196 129 255
127.40993500 324.24624634 -147.16801453 204 180 116 255
135.21986389 327.68679810 -127.32113647 198 176 116 255
139.84956360 288.28021240 -158.11964417 183 163 104 255
128.50088501 355.16833496 6.55681801 223 202 139 255
130.40084839 342.86401367 49.03133392 203 177 120 255
135.14212036 344.45648193 29.39816284 189 167 109 255
140.84741211 315.74844360 61.94664383 170 153 97 255
124.67951965 184.17909241 -239.12451172 66 61 57 255
112.46218872 301.94601440 -175.39657593 205 181 117 255
111.70967102 342.24508667 -134.47979736 223 199 129 255
120.30640411 355.07406616 35.82623291 225 203 146 255
111.12148285 348.96371460 56.47518539 213 191 134 255
102.76449585 364.44580078 9.46581078 227 206 143 255
92.06976318 355.08477783 -113.51764679 226 201 134 255
90.04860687 339.53994751 -153.61091614 222 198 128 255
136.83149719 315.80737305 -140.61544800 192 170 110 255
134.40803528 337.73660278 -106.35661316 197 173 111 255
134.86001587 348.93106079 4.29065180 197 173 111 255
136.58067322 337.21221924 44.64845657 189 169 110 255
112.28658295 350.59750366 -110.70127869 226 201 134 255
111.29911041 332.80603027 -151.34638977 207 182 116 255
122.69356537 345.90768433 53.11759949 206 184 127 255
117.68528748 360.11920166 8.02309990 231 211 152 255
111.42838287 316.58825684 -165.65400696 209 186 119 255
97.09835815 215.70506287 138.54034424 169 148 101 255
81.63874817 353.74359131 62.17445755 214 189 123 255
79.30928040 363.33197021 43.78439331 223 202 139 255
76.07338715 369.12704468 12.63167477 224 203 138 255
67.69159698 358.82278442 -117.74000549 223 198 131 255
66.90666962 350.37237549 -141.31835938 222 197 130 255
66.09647369 342.15335083 -158.02697754 220 195 128 255
73.22377014 191.13932800 -251.00572205 27 23 20 255
48.24313736 220.68165588 144.02734375 178 156 107 255
41.20305634 357.35186768 65.76506805 225 201 127 255
40.20915604 365.99404907 48.43089294 224 199 132 255
38.57818604 371.95578003 15.33263874 227 202 135 255
34.16662598 361.21997070 -120.02407074 227 203 133 255
33.81064987 352.32150269 -143.57702637 227 202 135 255
32.81497192 343.50149536 -160.89552307 221 196 129 255
36.58772278 191.58222961 -254.72058105 97 96 94 255
128.83757019 309.20785522 -159.42930603 199 178 113 255
138.34184265 302.01306152 -150.36906433 187 167 106 255
-0.00000000 367.53762817 49.93902588 229 206 138 255
-0.00000000 373.18099976 15.44328308 224 199 132 255
134.80506897 348.72656250 -30.59222603 199 178 115 255
128.20303345 355.00747681 -29.85690117 230 209 142 255
115.84796906 360.08862305 -29.52672577 229 209 148 255
99.31751251 364.58419800 -29.17872429 227 206 143 255
73.06843567 369.46255493 -27.96691132 222 197 133 255
36.90014267 372.39678955 -26.87331772 224 200 130 255
-0.00000000 373.66162109 -26.79528236 223 199 127 255
-0.00000000 369.93313599 -78.44200134 228 204 132 255
35.18289948 368.67504883 -77.27562714 223 199 129 255
69.79653168 365.87686157 -76.29080200 224 199 132 255
95.12125397 361.29977417 -75.68803406 227 204 137 255
113.53891754 356.72976685 -74.56675720 229 206 139 255
127.50548553 351.36727905 -73.67327118 226 202 132 255
134.50022888 344.77371216 -72.55523682 201 177 115 255
135.29028320 330.91384888 0.23786400 43 40 31 255
135.02220154 330.68554688 -31.43419266 39 32 24 255
140.23780823 334.26089478 -31.32990837 30 25 21 255
140.51017761 334.49743652 1.19619799 42 35 29 255
134.53935242 326.81900024 -69.73207855 47 40 32 255
135.00090027 320.14456177 -100.00837708 32 25 19 255
140.21920776 323.36654663 -101.76359558 42 37 33 255
139.74761963 330.26565552 -70.66362000 18 14 11 255
136.11602783 311.90676880 -114.20001221 40 35 31 255
141.38192749 314.85440063 -116.35584259 48 39 32 255
136.75427246 321.54046631 33.73009872 38 33 29 255
140.17402649 303.13024902 49.29590988 32 25 19 255
140.17402649 303.13024902 49.29590988 21 20 16 255
142.00460815 324.82617188 35.64919662 47 40 34 255
145.48506165 305.90869141 50.94771194 61 51 42 255
135.87454224 326.90606689 21.97433472 54 45 38 255
141.10632324 330.36569214 23.53568268 49 42 36 255
163.31388855 200.31282043 101.64019775 3 0 0 255
157.74078369 200.19842529 97.97294617 177 161 99 255
157.74078369 200.19842529 97.97294617 150 137 103 255
146.76506042 278.16207886 -139.29568481 72 63 56 255
141.37672424 276.07656860 -136.59260559 63 54 49 255
141.37672424 276.07656860 -136.59260559 57 50 44 255
154.98742676 189.94473267 -169.59957886 190 170 109 255
154.98742676 189.94473267 -169.59957886 173 134 91 255
160.66993713 189.64691162 -173.20613098 143 123 88 255
137.50500488 301.92230225 -122.93665314 50 45 41 255
142.82290649 304.55187988 -125.34249878 53 45 34 255
144.96197510 289.99237061 -133.89959717 58 49 42 255
139.61288452 287.59634399 -131.36358643 63 52 46 255
139.61288452 287.59634399 -131.36358643 54 47 41 255
155.29531860 191.09361267 -139.61891174 182 162 109 255
156.55104065 195.77330017 -17.50152779 176 153 111 255
157.18359375 198.12705994 43.92053223 154 141 89 255
136.28221130 322.86032104 15.95532799 28 27 25 255
155.72604370 192.69882202 -97.73088074 179 163 112 255
155.87129211 193.24009705 -83.60586548 177 162 119 255
141.03175354 283.88772583 -82.92173004 57 50 44 255
138.77764893 297.57754517 -82.81808472 56 52 51 255
134.73599243 323.97525024 -82.63182068 25 20 16 255
155.03065491 190.10601807 -165.39038086 163 140 90 255
141.35971069 276.46325684 -133.93562317 15 14 9 255
139.55790710 288.25625610 -128.15409851 10 9 5 255
137.87640381 299.74017334 -120.84808350 16 11 7 255
136.64505005 308.58181763 -112.76445007 6 2 0 255
135.75965881 315.06652832 -102.27964783 1 0 0 255
135.88385010 325.56826782 0.27893201 15 11 8 255
135.76445007 324.74707031 -32.95264053 0 0 2 255
135.39596558 321.88098145 -61.74952698 9 4 8 255
135.57345581 318.50540161 -82.67041016 53 44 37 255
157.69302368 200.02088928 93.33965302 139 126 84 255
140.20819092 302.36901855 44.06552887 26 21 17 255
137.37121582 316.88253784 30.02925682 14 10 9 255
150.85403442 216.48904419 -155.78062439 67 60 54 255
151.12841797 217.19306946 -132.54516602 100 91 84 255
151.67601013 218.86706543 -83.41245270 52 47 41 255
152.28820801 221.49957275 -21.11121559 94 88 76 255
153.28758240 225.80833435 80.92463684 6 0 0 255
152.84387207 223.89424133 35.59120560 92 84 81 255
138.99244690 295.01730347 -95.27034760 13 12 8 255
135.48793030 317.66522217 -94.73150635 46 37 30 255
151.54434204 218.26628113 -97.11603546 38 28 19 255
141.11334229 282.04510498 -95.58228302 71 63 60 255
150.95541382 216.74917603 -147.19544983 97 81 84 255
150.36318970 219.99481201 -150.68388367 85 76 69 255
148.61497498 230.63281250 -150.62890625 58 47 43 255
42.96275711 343.14306641 76.84503174 29 28 24 255
-0.00000000 344.95806885 79.27377319 2 3 5 255
84.01537323 339.62207031 72.17942047 4 3 0 255
113.55088043 334.58401489 65.88714600 1 0 0 255
131.08166504 321.98800659 65.64045715 22 19 14 255
150.71772766 209.31501770 122.07963562 141 127 82 255
47.39977264 242.53411865 132.32229614 21 20 16 255
-0.00000000 246.03245544 134.83203125 0 1 0 255
94.97727203 236.51696777 127.60514832 20 19 15 255
131.62641907 228.55825806 120.20663452 40 35 29 255
123.60379028 332.42010498 62.87681580 12 7 3 255
128.36820984 328.58950806 62.63926697 53 45 42 255
140.77244568 226.95214844 117.23362732 113 106 100 255
144.33044434 227.99653625 114.53956604 115 97 83 255
146.16880798 235.41706848 109.00481415 109 99 89 255
32.44287491 320.29302979 -182.20675659 18 11 3 255
-0.00000000 321.22961426 -183.41006470 20 19 15 255
66.29319000 319.04943848 -179.13652039 3 0 0 255
97.83625793 304.93096924 -180.43075562 132 118 109 255
118.57085419 243.06256104 -207.26052856 190 166 102 255
34.90674591 243.48840332 -226.35696411 32 18 7 255
-0.00000000 244.42729187 -228.13853455 1 4 0 255
70.44317627 243.41065979 -222.48286438 62 48 37 255
80.99699402 318.33306885 -176.02853394 105 101 98 255
91.56470490 315.43981934 -175.55221558 99 92 84 255
96.93682861 309.93243408 -177.28688049 92 74 60 255
100.26837921 259.52603149 -205.32597351 42 32 23 255
98.55092621 247.77745056 -212.72305298 3 0 0 255
90.60096741 243.31546021 -217.44117737 12 7 1 255
-134.78436279 319.68841553 64.00981903 107 91 78 255
-32.29203415 325.27203369 -178.51788330 125 117 130 255
-65.99098206 323.71737671 -175.70524597 87 71 58 255
-90.95112610 322.00280762 -170.85452271 193 174 108 255
-152.93438721 209.30413818 120.66766357 152 130 83 255
-142.17387390 190.65689087 -222.22427368 75 67 64 255
-128.85314941 350.50247192 33.23030853 221 199 139 255
-127.32423401 335.17053223 -131.35922241 220 196 132 255
-130.27589417 294.89859009 -169.01838684 181 158 104 255
-107.18024445 358.98574829 38.39440155 229 208 151 255
-135.09712219 208.21318054 130.42329407 89 73 76 255
-102.31497955 184.26518250 -247.14196777 93 89 88 255
-90.83042908 347.53393555 -137.84443665 223 199 135 255
-146.01315308 209.33811951 125.07638550 155 132 90 255
-158.85102844 207.43432617 114.84311676 152 131 76 255
-153.66081238 191.67874146 -202.23088074 76 67 62 255
-126.41394806 344.87030029 -108.98062134 223 202 147 255
-127.40993500 324.24624634 -147.16801453 201 177 117 255
-135.21986389 327.68679810 -127.32113647 201 178 111 255
-139.84956360 288.28021240 -158.11964417 178 157 102 255
-128.50088501 355.16833496 6.55681801 215 194 139 255
-130.40084839 342.86401367 49.03133392 211 187 123 255
-135.14212036 344.45648193 29.39816284 199 177 117 255
-140.84741211 315.74844360 61.94664383 173 154 98 255
-124.67951965 184.17909241 -239.12451172 77 72 69 255
-112.46218872 301.94601440 -175.39657593 203 179 117 255
-111.70967102 342.24508667 -134.47979736 228 207 144 255
-120.30640411 355.07406616 35.82623291 223 202 147 255
-111.12148285 348.96371460 56.47518539 223 198 134 255
-102.76449585 364.44580078 9.46581078 233 212 155 255
-92.06976318 355.08477783 -113.51764679 220 198 138 255
-90.04860687 339.53994751 -153.61091614 224 200 130 255
-136.83149719 315.80737305 -140.61544800 190 168 108 255
-134.40803528 337.73660278 -106.35661316 207 186 129 255
-134.86001587 348.93106079 4.29065180 203 180 126 255
-136.58067322 337.21221924 44.64845657 199 178 115 255
-112.28658295 350.59750366 -110.70127869 229 208 153 255
-111.29911041 332.80603027 -151.34638977 214 189 122 255
-122.69356537 345.90768433 53.11759949 219 195 131 255
-117.68528748 360.11920166 8.02309990 228 208 155 255
-111.42838287 316.58825684 -165.65400696 207 183 119 255
-97.09835815 215.70506287 138.54034424 187 158 118 255
-81.63874817 353.74359131 62.17445755 216 191 127 255
-79.30928040 363.33197021 43.78439331 231 210 145 255
-76.07338715 369.12704468 12.63167477 231 210 145 255
-67.69159698 358.82278442 -117.74000549 226 201 134 255
-66.90666962 350.37237549 -141.31835938 225 200 133 255
-66.09647369 342.15335083 -158.02697754 226 202 130 255
-73.22377014 191.13932800 -251.00572205 59 58 56 255
-48.24313736 220.68165588 144.02734375 181 156 115 255
-41.20305634 357.35186768 65.76506805 228 204 132 255
-40.20915604 365.99404907 48.43089294 229 204 137 255
-38.57818604 371.95578003 15.33263874 229 206 138 255
-34.16662598 361.21997070 -120.02407074 228 204 134 255
-33.81064987 352.32150269 -143.57702637 228 204 132 255
-32.81497192 343.50149536 -160.89552307 225 201 129 255
-36.58772278 191.58222961 -254.72058105 99 94 90 255
-128.83757019 309.20785522 -159.42930603 189 166 112 255
-138.34184265 302.01306152 -150.36906433 180 159 104 255
-134.80506897 348.72656250 -30.59222603 194 172 123 255
-128.20303345 355.00747681 -29.85690117 214 196 148 255
-115.84796906 360.08862305 -29.52672577 226 208 158 255
-99.31751251 364.58419800 -29.17872429 233 214 158 255
-73.06843567 369.46255493 -27.96691132 230 209 142 255
-36.90014267 372.39678955 -26.87331772 230 206 134 255
-35.18289948 368.67504883 -77.27562714 227 203 131 255
-69.79653168 365.87686157 -76.29080200 231 208 141 255
-95.12125397 361.29977417 -75.68803406 229 208 151 255
-113.53891754 356.72976685 -74.56675720 230 213 161 255
-127.50548553 351.36727905 -73.67327118 221 204 152 255
-134.50022888 344.77371216 -72.55523682 207 187 136 255
-135.29028320 330.91384888 0.23786400 44 37 31 255
-135.02220154 330.68554688 -31.43419266 54 41 32 255
-140.23780823 334.26089478 -31.32990837 44 37 31 255
-140.51017761 334.49743652 1.19619799 36 31 27 255
-134.53935242 326.81900024 -69.73207855 41 34 28 255
-135.00090027 320.14456177 -100.00837708 10 10 10 255
-140.21920776 323.36654663 -101.76359558 43 38 32 255
-139.74761963 330.26565552 -70.66362000 44 39 35 255
-136.11602783 311.90676880 -114.20001221 32 25 19 255
-141.38192749 314.85440063 -116.35584259 46 39 33 255
-136.75427246 321.54046631 33.73009872 37 30 24 255
-140.17402649 303.13024902 49.29590988 46 39 33 255
-140.17402649 303.13024902 49.29590988 29 28 23 255
-142.00460815 324.82617188 35.64919662 46 37 30 255
-145.48506165 305.90869141 50.94771194 68 57 53 255
-135.87454224 326.90606689 21.97433472 39 34 30 255
-141.10632324 330.36569214 23.53568268 44 37 31 255
-163.31388855 200.31282043 101.64019775 40 37 20 255
-157.74078369 200.19842529 97.97294617 154 140 79 255
-157.74078369 200.19842529 97.97294617 149 137 87 255
-146.76506042 278.16207886 -139.29568481 71 61 52 255
-141.37672424 276.07656860 -136.59260559 54 46 43 255
-141.37672424 276.07656860 -136.59260559 62 53 46 255
-154.98742676 189.94473267 -169.59957886 160 137 96 255
-154.98742676 189.94473267 -169.59957886 164 132 71 255
-160.66993713 189.64691162 -173.20613098 101 93 80 255
-137.50500488 301.92230225 -122.93665314 43 38 34 255
-142.82290649 304.55187988 -125.34249878 56 47 38 255
-144.96197510 289.99237061 -133.89959717 56 51 47 255
-139.61288452 287.59634399 -131.36358643 55 50 46 255
-139.61288452 287.59634399 -131.36358643 58 48 39 255
-155.29531860 191.09361267 -139.61891174 167 156 100 255
-156.55104065 195.77330017 -17.50152779 160 138 89 255
-157.18359375 198.12705994 43.92053223 163 147 95 255
-136.28221130 322.86032104 15.95532799 26 23 16 255
-155.72604370 192.69882202 -97.73088074 145 124 81 255
-155.87129211 193.24009705 -83.60586548 146 124 85 255
-141.03175354 283.88772583 -82.92173004 56 47 38 255
-138.77764893 297.57754517 -82.81808472 61 56 52 255
-134.73599243 323.97525024 -82.63182068 33 29 26 255
-155.03065491 190.10601807 -165.39038086 160 138 88 255
-141.35971069 276.46325684 -133.93562317 23 20 15 255
-139.55790710 288.25625610 -128.15409851 5 2 0 255
-137.87640381 299.74017334 -120.84808350 43 35 32 255
-136.64505005 308.58181763 -112.76445007 33 29 26 255
-135.75965881 315.06652832 -102.27964783 50 49 47 255
-135.88385010 325.56826782 0.27893201 31 21 12 255
-135.76445007 324.74707031 -32.95264053 6 2 0 255
-135.39596558 321.88098145 -61.74952698 12 8 5 255
-135.57345581 318.50540161 -82.67041016 32 23 16 255
-157.69302368 200.02088928 93.33965302 154 135 102 255
-140.20819092 302.36901855 44.06552887 35 30 26 255
-137.37121582 316.88253784 30.02925682 19 16 9 255
-150.85403442 216.48904419 -155.78062439 68 61 55 255
-151.12841797 217.19306946 -132.54516602 59 55 52 255
-151.67601013 218.86706543 -83.41245270 40 36 27 255
-152.28820801 221.49957275 -21.11121559 76 68 65 255
-153.28758240 225.80833435 80.92463684 7 0 0 255
-152.84387207 223.89424133 35.59120560 17 19 14 255
-138.99244690 295.01730347 -95.27034760 6 5 3 255
-135.48793030 317.66522217 -94.73150635 35 26 21 255
-151.54434204 218.26628113 -97.11603546 52 39 30 255
-141.11334229 282.04510498 -95.58228302 50 41 34 255
-150.95541382 216.74917603 -147.19544983 30 21 16 255
-150.36318970 219.99481201 -150.68388367 80 66 57 255
-148.61497498 230.63281250 -150.62890625 47 47 47 255
-42.96275711 343.14306641 76.84503174 7 9 8 255
-84.01537323 339.62207031 72.17942047 1 0 0 255
-113.55088043 334.58401489 65.88714600 21 18 13 255
-131.08166504 321.98800659 65.64045715 10 11 5 255
-150.71772766 209.31501770 122.07963562 154 122 81 255
-47.39977264 242.53411865 132.32229614 28 21 13 255
-94.97727203 236.51696777 127.60514832 34 27 17 255
-131.62641907 228.55825806 120.20663452 5 2 0 255
-123.60379028 332.42010498 62.87681580 26 19 13 255
-128.36820984 328.58950806 62.63926697 14 11 4 255
-140.77244568 226.95214844 117.23362732 68 67 65 255
-144.33044434 227.99653625 114.53956604 13 5 0 255
-146.16880798 235.41706848 109.00481415 0 0 0 255
-32.44287491 320.29302979 -182.20675659 13 10 3 255
-66.29319000 319.04943848 -179.13652039 16 15 11 255
-97.83625793 304.93096924 -180.43075562 4 3 0 255
-118.57085419 243.06256104 -207.26052856 197 176 113 255
-34.90674591 243.48840332 -226.35696411 13 9 0 255
-70.44317627 243.41065979 -222.48286438 36 26 16 255
-80.99699402 318.33306885 -176.02853394 104 101 94 255
-91.56470490 315.43981934 -175.55221558 62 61 57 255
-96.93682861 309.93243408 -177.28688049 56 52 53 255
-100.26837921 259.52603149 -205.32597351 3 0 0 255
-98.55092621 247.77745056 -212.72305298 4 0 0 255
-90.60096741 243.31546021 -217.44117737 3 0 0 255
-133.43652344 318.77255249 61.15533829 107 91 78 255
-0.00000000 324.44924927 -178.56282043 87 82 79 255
-31.96911240 324.13510132 -176.94911194 125 117 130 255
-65.33106995 322.58044434 -174.16459656 87 71 58 255
-90.04161072 320.86587524 -169.36238098 193 174 108 255
-0.00000000 222.41033936 143.34822083 172 148 100 255
-0.00000000 355.02142334 64.59939575 222 194 121 255
-0.00000000 358.08953857 -120.55209351 228 204 134 255
-0.00000000 350.63772583 -144.27235413 229 205 133 255
-0.00000000 340.16796875 -160.93835449 226 202 130 255
-0.00000000 190.56895447 -254.87542725 119 112 106 255
-151.40502930 208.38825989 117.24661255 152 130 83 255
-140.75212097 190.65689087 -220.55300903 75 67 64 255
-127.56460571 349.87475586 32.34701538 221 199 139 255
-126.05099487 335.38735962 -130.59661865 220 196 132 255
-128.97312927 294.89859009 -167.87921143 181 158 104 255
-106.10843658 355.25054932 37.45946503 229 208 151 255
-133.74613953 207.29730225 126.90467834 89 73 76 255
-101.29183197 183.12826538 -244.88694763 93 89 88 255
-89.92211914 345.76391602 -137.01698303 223 199 135 255
-144.55300903 208.42225647 121.61125183 155 132 90 255
-125.14980316 344.55282593 -108.44181061 223 202 147 255
-126.13584137 325.62631226 -145.65315247 201 177 117 255
-127.21588135 354.28363037 5.94025993 215 194 139 255
-129.09683228 341.74121094 46.32664871 211 187 123 255
-123.43272400 183.04217529 -236.94964600 71 66 63 255
-111.33757019 300.80908203 -173.85902405 203 179 117 255
-110.59257507 341.38262939 -133.68598938 228 207 144 255
-119.10334015 352.01013184 34.91697693 223 202 147 255
-110.01026154 346.14538574 53.69606018 223 198 134 255
-101.73684692 359.77368164 8.82016087 233 212 155 255
-91.14906311 352.01901245 -112.93345642 220 198 138 255
-89.14812469 337.22512817 -152.03163147 224 200 130 255
-111.16371918 348.30175781 -110.14526367 229 208 153 255
-110.18611908 332.62875366 -149.78974915 214 189 122 255
-121.46663666 343.61376953 50.37205124 219 195 131 255
-116.50843811 356.18948364 7.39187622 228 208 155 255
-110.31409454 315.45132446 -164.21388245 207 183 119 255
-96.12738037 214.78919983 134.94055176 187 158 118 255
-80.82235718 350.10507202 59.33833313 216 191 127 255
-78.51618958 358.85098267 42.79555511 231 210 145 255
-75.31266022 363.65161133 11.95436382 231 210 145 255
-67.01468658 355.11557007 -117.11360168 226 201 134 255
-66.23760223 348.11529541 -140.45616150 225 200 133 255
-65.43550873 339.00894165 -156.40351868 226 202 130 255
-72.49153137 190.00241089 -248.71208191 59 58 56 255
-47.76070786 219.76577759 140.37269592 181 156 115 255
-40.79102325 353.09414673 62.89304733 228 204 132 255
-39.80706406 361.05618286 47.39558792 229 204 137 255
-38.19240570 365.99487305 14.62832165 229 206 138 255
-33.82495880 357.10140991 -119.37482452 228 204 134 255
-33.47254562 349.72991943 -142.69226074 228 204 132 255
-32.48682404 339.92910767 -159.24337769 225 201 129 255
-36.22184753 190.44532776 -252.38978577 99 94 90 255
-127.54920959 309.20785522 -158.38600159 189 166 112 255
-0.00000000 362.33493042 48.88864517 229 206 138 255
-0.00000000 367.00991821 14.73786068 224 199 132 255
-126.92100525 354.13165283 -30.10932541 214 196 148 255
-114.68949127 356.16415405 -29.78244781 226 208 158 255
-98.32433319 359.88830566 -29.43792915 233 214 158 255
-72.33775330 363.92956543 -28.23823357 230 209 142 255
-36.53113937 366.36022949 -27.15557671 230 206 134 255
-0.00000000 367.40798950 -27.07832146 223 199 127 255
-0.00000000 364.31936646 -78.20857239 228 204 132 255
-34.83106995 363.27719116 -77.05386353 227 203 131 255
-69.09856415 360.95913696 -76.07888794 231 208 141 255
-94.17003632 357.16751099 -75.48213959 229 208 151 255
-112.40352631 353.38174438 -74.37208557 230 213 161 255
-126.23043060 350.69195557 -73.48752594 221 204 152 255
-132.33100891 330.91384888 -0.31550601 10 10 10 255
-132.06561279 330.68554688 -31.67084122 54 41 32 255
-131.58758545 326.81900024 -69.58574677 41 34 28 255
-132.04452515 320.14456177 -100.77935028 10 10 10 255
-133.14848328 311.90676880 -114.82906342 32 25 19 255
-133.78034973 321.54046631 34.51048279 37 30 24 255
-137.16589355 303.13024902 49.92063904 46 39 33 255
-137.16589355 303.13024902 49.92063904 29 28 23 255
-132.90940857 326.90606689 21.20359993 45 38 32 255
-154.55699158 200.19842529 98.11089325 149 137 87 255
-154.55699158 200.19842529 98.11089325 154 140 79 255
-138.35656738 276.07656860 -136.99772644 52 44 41 255
-138.35656738 276.07656860 -136.99772644 62 53 46 255
-151.83116150 189.94473267 -169.67463684 164 132 71 255
-151.83116150 189.94473267 -169.67463684 160 137 96 255
-134.52357483 301.92230225 -123.47834015 43 38 34 255
-136.61036682 287.59634399 -131.82099915 55 50 46 255
-136.61036682 287.59634399 -131.82099915 58 48 39 255
-152.13600159 191.09361267 -138.77369690 167 156 100 255
-153.37915039 195.77330017 -17.87750626 160 138 89 255
-154.00538635 198.12705994 42.93033600 163 147 95 255
-136.28221130 322.86032104 15.95533466 26 23 16 255
-152.56239319 192.69882202 -97.30455780 145 124 81 255
-152.70620728 193.24009705 -83.32080078 145 123 84 255
-141.03175354 283.88772583 -82.92173004 56 47 38 255
-138.77764893 297.57754517 -82.81808472 61 56 52 255
-131.78224182 323.97525024 -82.35649109 33 29 26 255
-151.87396240 190.10601807 -164.28747559 160 138 88 255
-141.35969543 276.46325684 -133.93562317 23 20 15 255
-139.55792236 288.25625610 -128.15409851 5 2 0 255
-137.87638855 299.74017334 -120.84808350 43 35 32 255
-136.64505005 308.58181763 -112.76445007 33 29 26 255
-135.75965881 315.06652832 -102.27964783 50 49 47 255
-135.88386536 325.56826782 0.27893201 31 21 12 255
-135.76443481 324.74707031 -32.95264053 6 2 0 255
-135.39595032 321.88098145 -61.74952698 12 8 5 255
-135.57347107 318.50540161 -82.67041016 32 23 16 255
-140.20820618 302.36901855 44.06552887 35 30 26 255
-137.37123108 317.52151489 30.02925682 19 16 9 255
-151.12841797 217.19306946 -132.54516602 59 55 52 255
-151.67601013 218.86706543 -83.41245270 40 36 27 255
-152.28820801 221.49957275 -21.11121559 76 68 65 255
-153.28756714 225.80833435 80.92463684 7 0 0 255
-152.84387207 223.89424133 35.59120560 17 19 14 255
-138.99244690 295.01730347 -95.27034760 6 5 3 255
-135.48793030 317.66522217 -94.73150635 35 26 21 255
-151.54432678 218.26628113 -97.11603546 52 39 30 255
-141.11334229 282.04510498 -95.58228302 50 41 34 255
-150.95539856 216.74917603 -147.19544983 30 21 16 255
-150.36317444 219.99481201 -150.68388367 80 66 57 255
-148.61497498 230.63281250 -150.62890625 47 47 47 255
-42.96275711 343.14306641 76.84503174 7 9 8 255
-0.00000000 344.95806885 79.27377319 2 3 5 255
-84.01538086 339.62207031 72.17942047 1 0 0 255
-113.55088806 334.58401489 65.88714600 21 18 13 255
-131.08164978 321.98800659 65.64045715 10 11 5 255
-149.21055603 208.39915466 118.64447021 154 122 81 255
-47.39977646 242.53411865 132.32229614 28 21 13 255
-0.00000000 246.03245544 134.83203125 0 1 0 255
-94.97727203 236.51696777 127.60514832 34 27 17 255
-131.62641907 228.55825806 120.20663452 5 2 0 255
-123.60379028 332.42010498 62.87681580 26 19 13 255
-128.36819458 328.58950806 62.63926697 14 11 4 255
-140.77246094 226.95214844 117.23362732 68 67 65 255
-144.33044434 227.99653625 114.53956604 13 5 0 255
-146.16882324 235.41706848 109.00481415 0 0 0 255
-32.44287491 320.29302979 -182.20675659 13 10 3 255
-0.00000000 321.22961426 -183.41006470 20 19 15 255
-66.29319000 319.04943848 -179.13652039 16 15 11 255
-97.83625031 304.93096924 -180.43075562 4 3 0 255
-117.38513947 241.92564392 -205.40434265 197 176 113 255
-34.90674591 243.48840332 -226.35696411 13 9 0 255
-0.00000000 244.42729187 -228.13853455 1 4 0 255
-70.44317627 243.41065979 -222.48286438 36 26 16 255
-80.99700165 318.33306885 -176.02853394 104 101 94 255
-91.56470490 315.43981934 -175.55221558 62 61 57 255
-96.93682861 309.93243408 -177.28688049 56 52 53 255
-100.26837158 259.52603149 -205.32597351 3 0 0 255
-98.55091858 247.77745056 -212.72305298 4 0 0 255
-90.60096741 243.31546021 -217.44117737 3 0 0 255
-0.00000000 345.82971191 75.32969666 42 35 29 255
-42.39068222 343.30679321 72.96530151 72 67 63 255
-82.97410583 339.84439087 68.39659882 43 38 32 255
-112.20806885 334.86083984 62.21073914 119 112 106 255
-122.28840637 332.65893555 59.18292236 30 34 43 255
-127.22651672 328.66622925 58.84796906 44 37 31 255
-130.86502075 320.38574219 62.28781891 108 94 83 255
-145.05422974 233.14799500 106.29872894 17 19 16 255
-143.34414673 225.73054504 111.71928406 110 98 86 255
-139.75942993 224.69624329 114.43759918 50 40 31 255
-130.53567505 226.30702209 117.45407104 103 90 74 255
-94.16153717 234.27265930 124.80573273 67 50 34 255
-46.97642136 240.29266357 129.48762512 83 69 58 255
-0.00000000 243.79148865 131.97422791 188 185 178 255
-150.04415894 221.88449097 35.32746124 104 94 82 255
-149.51127625 219.35173035 -21.15274429 105 91 88 255
-148.33641052 215.13270569 -132.32354736 100 86 77 255
-148.08627319 215.11940002 -147.37634277 87 73 64 255
-132.30093384 322.66534424 -62.93833160 20 15 11 255
-132.58311462 326.50314331 -32.72957230 39 32 26 255
-132.71440125 327.42617798 -0.28897700 61 45 32 255
-133.22912598 323.70132446 16.48345375 23 21 9 255
-134.25810242 317.89703369 30.33942413 49 47 35 255
-137.19290161 302.52288818 44.45774841 56 49 43 255
-150.37654114 224.48271179 80.52440643 22 13 8 255
-133.55789185 309.30770874 -112.76443481 60 55 51 255
-134.79911804 300.28710938 -121.01461029 69 60 55 255
-132.63920593 316.12445068 -101.59357452 58 51 45 255
-136.56896973 288.09841919 -128.47525024 45 46 41 255
-138.34411621 276.36318970 -134.14361572 63 54 47 255
-147.37297058 219.13061523 -150.97184753 81 68 60 255
-132.39871216 318.74975586 -92.27629089 45 36 31 255
-145.09385681 233.01065063 -153.33618164 58 49 42 255
-145.09385681 233.01065063 -153.33618164 61 51 42 255
-145.38008118 231.42272949 -150.89031982 89 75 66 255
-148.79016113 216.14682007 -95.28814697 80 66 55 255
-148.89219666 216.61465454 -84.68019867 85 75 66 255
-135.96232605 295.42453003 -92.90772247 85 76 69 255
-138.08375549 282.32089233 -93.30155945 82 68 57 255
-132.34304810 320.08255005 -84.02944946 52 39 30 255
-135.80931091 297.26651001 -84.03848267 78 69 62 255
-138.02474976 283.66635132 -84.14932251 86 77 68 255
-89.84835052 241.39744568 -215.87213135 137 135 123 255
-69.77951050 241.49955750 -220.89266968 158 148 138 255
-34.58250809 241.57704163 -224.72875977 186 182 170 255
-0.00000000 242.51820374 -226.49540710 174 174 166 255
-0.00000000 320.76235962 -181.29594421 73 68 64 255
-32.09825897 319.82910156 -180.10745239 76 69 63 255
-65.58701324 318.58731079 -177.07049561 97 96 92 255
-80.83970642 317.43917847 -174.14538574 123 116 108 255
-90.55025482 315.37048340 -173.25657654 68 61 55 255
-96.92651367 309.24041748 -174.96057129 44 30 21 255
-98.12020111 303.53381348 -178.40838623 97 88 83 255
-100.64988708 257.13140869 -203.63543701 37 29 18 255
-99.05468750 246.28623962 -210.40586853 114 102 90 255
133.43652344 318.77255249 61.15533829 104 87 80 255
31.96911430 324.13510132 -176.94911194 51 37 37 255
65.33106995 322.58044434 -174.16459656 99 80 74 255
90.04161835 320.86587524 -169.36238098 193 173 104 255
151.40504456 208.38825989 117.24661255 148 132 98 255
140.75213623 190.65689087 -220.55300903 74 69 66 255
127.56462097 349.87475586 32.34701538 215 193 135 255
126.05099487 335.38735962 -130.59661865 216 191 124 255
128.97312927 294.89859009 -167.87921143 199 175 113 255
106.10844421 355.25054932 37.45946503 228 205 151 255
133.74615479 207.29730225 126.90467834 66 60 70 255
101.29183197 183.12826538 -244.88694763 96 91 87 255
89.92212677 345.76391602 -137.01698303 223 199 129 255
144.55302429 208.42225647 121.61125183 154 138 102 255
125.14981079 344.55282593 -108.44181061 221 196 129 255
126.13583374 325.62631226 -145.65315247 204 180 116 255
127.21587372 354.28363037 5.94025993 223 202 139 255
129.09683228 341.74121094 46.32664871 203 177 120 255
123.43272400 183.04217529 -236.94964600 66 61 57 255
111.33757019 300.80908203 -173.85902405 205 181 117 255
110.59257507 341.38262939 -133.68598938 223 199 129 255
119.10334015 352.01013184 34.91697693 225 203 146 255
110.01026917 346.14538574 53.69606018 213 191 134 255
101.73685455 359.77368164 8.82016087 227 206 143 255
91.14906311 352.01901245 -112.93345642 226 201 134 255
89.14811707 337.22512817 -152.03163147 222 198 128 255
111.16371918 348.30175781 -110.14526367 226 201 134 255
110.18611908 332.62875366 -149.78974915 207 182 116 255
121.46662903 343.61376953 50.37205124 206 184 127 255
116.50843811 356.18948364 7.39187622 231 211 152 255
110.31410217 315.45132446 -164.21388245 209 186 119 255
96.12737274 214.78919983 134.94055176 169 148 101 255
80.82235718 350.10507202 59.33833313 214 189 123 255
78.51618958 358.85098267 42.79555511 223 202 139 255
75.31265259 363.65161133 11.95436382 224 203 138 255
67.01467896 355.11557007 -117.11360168 223 198 131 255
66.23760223 348.11529541 -140.45616150 222 197 130 255
65.43550873 339.00894165 -156.40351868 220 195 128 255
72.49153137 190.00241089 -248.71208191 27 23 20 255
47.76070786 219.76577759 140.37269592 178 156 107 255
40.79102707 353.09414673 62.89304733 225 201 127 255
39.80706406 361.05618286 47.39558792 224 199 132 255
38.19240570 365.99487305 14.62832165 227 202 135 255
33.82495880 357.10140991 -119.37482452 227 203 133 255
33.47254181 349.72991943 -142.69226074 227 202 135 255
32.48682404 339.92910767 -159.24337769 221 196 129 255
36.22184372 190.44532776 -252.38978577 97 96 94 255
127.54919434 309.20785522 -158.38600159 199 178 113 255
126.92100525 354.13165283 -30.10932541 230 209 142 255
114.68949127 356.16415405 -29.78244781 229 209 148 255
98.32434082 359.88830566 -29.43792915 227 206 143 255
72.33775330 363.92956543 -28.23823357 222 197 133 255
36.53113937 366.36022949 -27.15557671 224 200 130 255
34.83106995 363.27719116 -77.05386353 223 199 129 255
69.09856415 360.95913696 -76.07888794 224 199 132 255
94.17004395 357.16751099 -75.48213959 227 204 137 255
112.40352631 353.38174438 -74.37208557 229 206 139 255
126.23043060 350.69195557 -73.48752594 226 202 132 255
132.33100891 330.91384888 -0.31550601 43 40 31 255
132.06559753 330.68554688 -31.67084122 39 32 24 255
131.58758545 326.81900024 -69.58574677 47 40 32 255
132.04450989 320.14456177 -100.77935028 32 25 19 255
133.14848328 311.90676880 -114.82906342 40 35 31 255
133.78034973 321.54046631 34.51048279 38 33 29 255
137.16590881 303.13024902 49.92063904 21 20 16 255
137.16590881 303.13024902 49.92063904 32 25 19 255
132.90942383 326.90606689 21.20359993 49 44 40 255
154.55699158 200.19842529 98.11089325 177 161 99 255
154.55699158 200.19842529 98.11089325 150 137 103 255
138.35658264 276.07656860 -136.99772644 63 54 49 255
138.35658264 276.07656860 -136.99772644 57 50 44 255
151.83117676 189.94473267 -169.67463684 173 134 91 255
151.83117676 189.94473267 -169.67463684 190 170 109 255
134.52357483 301.92230225 -123.47834015 50 45 41 255
136.61038208 287.59634399 -131.82099915 63 52 46 255
136.61038208 287.59634399 -131.82099915 54 47 41 255
152.13598633 191.09361267 -138.77369690 182 162 109 255
153.37915039 195.77330017 -17.87750626 176 153 111 255
154.00538635 198.12705994 42.93033600 162 149 94 255
136.28221130 322.86032104 15.95533466 28 27 25 255
152.56240845 192.69882202 -97.30455780 179 163 112 255
152.70620728 193.24009705 -83.32080078 173 158 115 255
141.03175354 283.88772583 -82.92173004 57 50 44 255
138.77764893 297.57754517 -82.81808472 56 52 51 255
131.78225708 323.97525024 -82.35649109 25 20 16 255
151.87396240 190.10601807 -164.28747559 163 140 90 255
141.35971069 276.46325684 -133.93562317 15 14 9 255
139.55790710 288.25625610 -128.15409851 10 9 5 255
137.87640381 299.74017334 -120.84808350 16 11 7 255
136.64505005 308.58181763 -112.76445007 6 2 0 255
135.75965881 315.06652832 -102.27964783 1 0 0 255
135.88386536 325.56826782 0.27893201 15 11 8 255
135.76445007 324.74707031 -32.95264053 0 0 2 255
135.39596558 321.88098145 -61.74952698 9 4 8 255
135.57345581 318.50540161 -82.67041016 53 44 37 255
140.20819092 302.36901855 44.06552887 26 21 17 255
137.37121582 317.52151489 30.02925682 14 10 9 255
151.12841797 217.19306946 -132.54516602 100 91 84 255
151.67601013 218.86706543 -83.41245270 52 47 41 255
152.28820801 221.49957275 -21.11121559 94 88 76 255
153.28758240 225.80833435 80.92463684 6 0 0 255
152.84387207 223.89424133 35.59120560 92 84 81 255
138.99244690 295.01730347 -95.27034760 13 12 8 255
135.48793030 317.66522217 -94.73150635 46 37 30 255
151.54434204 218.26628113 -97.11603546 38 28 19 255
141.11334229 282.04510498 -95.58228302 71 63 60 255
150.95541382 216.74917603 -147.19544983 97 81 84 255
150.36318970 219.99481201 -150.68388367 85 76 69 255
148.61497498 230.63281250 -150.62890625 58 47 43 255
42.96275711 343.14306641 76.84503174 29 28 24 255
84.01537323 339.62207031 72.17942047 4 3 0 255
113.55088043 334.58401489 65.88714600 1 0 0 255
131.08166504 321.98800659 65.64045715 22 19 14 255
149.21055603 208.39915466 118.64447021 141 127 82 255
47.39977264 242.53411865 132.32229614 21 20 16 255
94.97727203 236.51696777 127.60514832 20 19 15 255
131.62641907 228.55825806 120.20663452 40 35 29 255
123.60379028 332.42010498 62.87681580 12 7 3 255
128.36820984 328.58950806 62.63926697 53 45 42 255
140.77244568 226.95214844 117.23362732 113 106 100 255
144.33044434 227.99653625 114.53956604 115 97 83 255
146.16880798 235.41706848 109.00481415 109 99 89 255
32.44287491 320.29302979 -182.20675659 18 11 3 255
66.29319000 319.04943848 -179.13652039 3 0 0 255
97.83625793 304.93096924 -180.43075562 132 118 109 255
117.38514709 241.92564392 -205.40434265 190 166 102 255
34.90674591 243.48840332 -226.35696411 32 18 7 255
70.44317627 243.41065979 -222.48286438 62 48 37 255
80.99699402 318.33306885 -176.02853394 105 101 98 255
91.56470490 315.43981934 -175.55221558 99 92 84 255
96.93682861 309.93243408 -177.28688049 92 74 60 255
100.26837921 259.52603149 -205.32597351 42 32 23 255
98.55092621 247.77745056 -212.72305298 3 0 0 255
90.60096741 243.31546021 -217.44117737 12 7 1 255
42.39068604 343.30679321 72.96530151 54 45 38 255
82.97410583 339.84439087 68.39659882 39 34 28 255
112.20806122 334.86083984 62.21073914 90 85 81 255
122.28839874 332.65893555 59.18292236 44 33 31 255
127.22650909 328.66622925 58.84796906 45 28 20 255
130.86502075 320.38574219 62.28781891 43 41 29 255
145.05421448 233.14799500 106.29872894 139 125 112 255
143.34413147 225.73054504 111.71928406 39 22 12 255
139.75942993 224.69624329 114.43759918 63 54 47 255
130.53567505 226.30702209 117.45407104 62 46 33 255
94.16153717 234.27265930 124.80573273 81 67 54 255
46.97642136 240.29266357 129.48762512 31 24 18 255
150.04415894 221.88449097 35.32746124 98 87 85 255
149.51129150 219.35173035 -21.15274429 97 87 78 255
148.33641052 215.13270569 -132.32354736 90 86 83 255
148.08627319 215.11940002 -147.37634277 80 74 62 255
132.30091858 322.66534424 -62.93833160 18 12 14 255
132.58312988 326.50314331 -32.72957230 31 26 23 255
132.71440125 327.42617798 -0.28897700 60 53 47 255
133.22911072 323.70132446 16.48345375 32 31 29 255
134.25810242 317.89703369 30.33942413 31 27 26 255
137.19288635 302.52288818 44.45774841 46 39 29 255
150.37654114 224.48271179 80.52440643 63 63 51 255
133.55787659 309.30770874 -112.76443481 28 23 19 255
134.79911804 300.28710938 -121.01461029 51 44 38 255
132.63920593 316.12445068 -101.59357452 31 27 24 255
136.56896973 288.09841919 -128.47525024 41 40 38 255
138.34410095 276.36318970 -134.14361572 33 24 19 255
147.37297058 219.13061523 -150.97184753 75 66 59 255
132.39872742 318.74975586 -92.27629089 49 42 36 255
145.09387207 233.01065063 -153.33618164 62 52 43 255
145.09387207 233.01065063 -153.33618164 58 48 39 255
145.38006592 231.42272949 -150.89031982 90 76 67 255
148.79016113 216.14682007 -95.28814697 93 83 74 255
148.89219666 216.61465454 -84.68019867 85 76 69 255
135.96232605 295.42453003 -92.90772247 74 65 56 255
138.08374023 282.32089233 -93.30155945 78 65 56 255
132.34304810 320.08255005 -84.02944946 41 31 22 255
135.80932617 297.26651001 -84.03848267 87 78 71 255
138.02474976 283.66635132 -84.14932251 93 86 80 255
89.84835052 241.39744568 -215.87213135 90 73 63 255
69.77951813 241.49955750 -220.89266968 164 150 139 255
34.58250809 241.57704163 -224.72875977 165 151 140 255
32.09825897 319.82910156 -180.10745239 122 115 105 255
65.58700562 318.58731079 -177.07049561 93 87 75 255
80.83970642 317.43917847 -174.14538574 61 56 52 255
90.55024719 315.37048340 -173.25657654 43 30 21 255
96.92650604 309.24041748 -174.96057129 16 0 0 255
98.12020874 303.53381348 -178.40838623 54 32 18 255
100.64988708 257.13140869 -203.63543701 32 15 5 255
99.05468750 246.28623962 -210.40586853 53 45 42 255
0.00000000 109.93724823 -324.20175171 108 53 14 255
0.00000000 97.41664124 -325.34698486 71 35 9 255
0.00000000 199.21739197 -265.80316162 149 95 23 255
0.00000000 195.09840393 -286.60995483 185 113 28 255
0.00000000 184.77877808 -311.99990845 194 118 22 255
0.00000000 174.10662842 -321.87432861 141 82 26 255
0.00000000 131.59922791 -322.17880249 113 54 12 255
0.00000000 39.68439484 -325.53598022 58 30 9 255
0.00000000 90.89511108 -325.94342041 96 51 12 255
0.00000000 48.42671967 290.84854126 37 18 4 255
0.00000000 88.24921417 302.04083252 72 35 9 255
0.00000000 172.39285278 303.30276489 109 61 25 255
0.00000000 41.15579224 268.80462646 8 4 1 255
0.00000000 43.41097260 268.05422974 13 5 2 255
0.00000000 37.93119049 -319.78570557 0 0 0 255
0.00000000 58.81151581 -326.85931396 3 0 0 255
0.00000000 56.72311401 295.64703369 28 14 5 255
0.00000000 183.55842590 299.76684570 130 79 32 255
0.00000000 75.80622101 300.39556885 0 0 0 255
0.00000000 40.62450409 275.75976562 1 1 1 255
0.00000000 51.31755829 -326.80532837 52 25 6 255
0.00000000 164.36334229 304.81063843 61 38 22 255
0.00000000 94.93869019 302.90484619 78 38 12 255
0.00000000 135.47338867 302.85293579 96 45 14 255
0.00000000 161.39886475 301.39379883 14 10 7 255
0.00000000 97.91490936 299.48794556 96 47 17 255
0.00000000 221.60971069 198.20762634 176 111 29 255
0.00000000 213.71644592 240.01792908 195 124 34 255
0.00000000 203.66642761 275.70138550 195 133 48 255
0.00000000 226.87780762 161.12780762 169 100 23 255
0.00000000 230.06365967 138.09628296 142 69 16 255
0.00000000 204.18083191 -244.05836487 198 177 120 255
0.00000000 196.57293701 288.17904663 100 65 33 255
162.10937500 187.70935059 313.21813965 94 87 81 255
143.21746826 196.22438049 315.07891846 93 86 80 255
124.08595276 187.75088501 313.23260498 82 72 63 255
116.06318665 167.12734985 309.92919922 49 42 36 255
123.85868835 146.31704712 307.41555786 23 16 10 255
142.99929810 137.67483521 306.42114258 18 15 10 255
142.99929810 137.67483521 306.42114258 18 14 11 255
162.09722900 146.28952026 307.37429810 26 23 18 255
169.96060181 167.07698059 309.88818359 56 46 37 255
164.99731445 191.79350281 301.89981079 100 68 47 255
144.42727661 201.75221252 301.94445801 64 57 47 255
121.95986938 192.13627625 302.00408936 72 58 58 255
111.87545013 167.97952271 302.05752563 47 43 42 255
120.16013336 142.58862305 302.29025269 15 6 0 255
142.69970703 131.90689087 302.35195923 26 15 9 255
142.69970703 131.90689087 302.35195923 10 5 1 255
164.90115356 142.35015869 301.97061157 19 9 7 255
173.72308350 167.55555725 301.74523926 40 33 27 255
159.07687378 184.39146423 312.75772095 33 26 20 255
143.04257202 191.55943298 314.70318604 17 16 14 255
127.00825500 184.39146423 312.75772095 31 24 18 255
120.36663818 167.02629089 309.42578125 31 24 16 255
127.00825500 149.62138367 306.99468994 35 29 17 255
143.04257202 142.40934753 306.04818726 70 61 54 255
143.04257202 142.40934753 306.04818726 50 40 31 255
159.07687378 149.62138367 306.99468994 47 40 32 255
165.71850586 167.02629089 309.42578125 51 42 35 255
158.15661621 184.06237793 306.22113037 64 60 51 255
143.05096436 191.12869263 306.22113037 61 57 45 255
143.05096436 191.12869263 306.22113037 59 58 53 255
127.94530487 184.06237793 306.22113037 75 66 59 255
121.68833923 167.00279236 306.22113037 99 89 77 255
127.94530487 149.94314575 306.22113037 70 64 52 255
143.05096436 142.87683105 306.22113037 69 60 53 255
143.05096436 142.87683105 306.22113037 44 43 41 255
158.15661621 149.94314575 306.22113037 68 61 53 255
164.41354370 167.00279236 306.22113037 87 79 66 255
153.58459473 178.89900208 310.90747070 152 144 123 255
143.05096436 183.82650757 310.90747070 165 158 142 255
143.05096436 183.82650757 310.90747070 157 152 133 255
132.51730347 178.89900208 310.90747070 138 132 110 255
128.15411377 167.00279236 310.90747070 152 144 125 255
132.51730347 155.10653687 310.90747070 106 101 82 255
143.05096436 150.17898560 310.90747070 98 92 78 255
143.05096436 150.17898560 310.90747070 105 101 89 255
153.58459473 155.10653687 310.90747070 108 101 83 255
157.94778442 167.00279236 310.90747070 113 103 78 255
143.05093384 167.00274658 314.11230469 156 154 141 255
143.05093384 167.00274658 314.11230469 145 138 119 255
68.22501373 177.53550720 -306.29241943 178 99 20 255
66.19876099 130.52708435 -318.23254395 18 15 10 255
41.82683945 179.58129883 -308.44070435 142 81 18 255
39.98804092 130.40797424 -320.70797729 79 43 21 255
69.63526154 188.00302124 -281.78366089 193 122 32 255
65.79186249 109.52923584 -319.97064209 95 36 4 255
40.05625153 190.39418030 -283.49850464 183 112 22 255
35.44665146 109.88298035 -322.64807129 108 65 31 255
106.41916656 108.03958130 -313.73571777 83 35 0 255
106.44721222 128.88764954 -312.46997070 73 35 14 255
106.56665802 171.73414612 -302.40872192 132 80 22 255
106.61298370 182.24272156 -277.85855103 153 98 31 255
65.51721191 97.39974976 -320.95819092 95 51 22 255
34.52606964 97.40984344 -323.78030396 73 41 18 255
104.14678192 99.84632874 -314.32299805 46 29 13 255
38.70024109 198.03942871 -264.16662598 151 97 25 255
71.58188629 195.18241882 -261.30877686 165 101 27 255
106.67394257 188.95103455 -256.09963989 131 86 29 255
36.15687180 171.27436829 -321.87707520 139 77 20 255
36.85778046 182.33583069 -309.41195679 174 108 24 255
37.56858826 193.08265686 -284.14056396 185 116 25 255
168.11212158 185.85348511 -249.96598816 178 99 22 255
168.40216064 200.72332764 258.43289185 177 98 21 255
171.95353699 204.28013611 196.10652161 176 94 18 255
171.28582764 192.24082947 -186.34739685 177 94 18 255
173.56282043 87.85485840 -259.39447021 94 44 11 255
177.25788879 91.28473663 120.87326050 75 38 12 255
174.03512573 90.53430939 265.15219116 87 42 9 255
177.36877441 165.65985107 -242.63661194 101 43 3 255
180.18716431 171.22062683 -186.55603027 87 46 16 255
181.87953186 173.67643738 -129.16824341 92 53 22 255
183.55827332 181.51113892 137.14103699 95 54 22 255
183.29884338 182.13044739 196.39732361 94 50 21 255
180.47369385 177.78170776 251.41236877 123 116 106 255
177.43125916 130.30534363 -237.05679321 115 61 14 255
180.11032104 147.65406799 -186.56347656 96 50 17 255
181.31680298 135.95446777 -133.90844727 88 43 12 255
181.75392151 136.11805725 143.44584656 96 46 11 255
182.60345459 152.08370972 196.88269043 93 47 14 255
179.18385315 134.90179443 247.89564514 91 45 12 255
152.84379578 54.79228592 278.93820190 36 17 3 255
162.81997681 88.82268524 284.74365234 86 42 7 255
168.36831665 128.11979675 287.85916138 83 38 7 255
175.89277649 170.47372437 288.92495728 64 55 48 255
166.85452271 197.25170898 285.19323730 166 86 17 255
80.98078918 48.44377136 284.73376465 35 16 2 255
120.12157440 198.84822083 285.89764404 169 82 13 255
123.85076904 205.40419006 259.22424316 178 97 18 255
134.02432251 212.26055908 195.73809814 184 117 30 255
136.13308716 193.36300659 -250.64311218 168 99 22 255
114.27736664 170.58146667 -302.85946655 157 85 13 255
86.03679657 88.41358185 296.02490234 39 17 3 255
105.45483398 129.35945129 295.63476562 96 46 13 255
103.33475494 169.04006958 289.77252197 109 50 8 255
114.40445709 189.03663635 -250.43333435 172 104 31 255
106.76810455 196.65048218 262.67086792 182 92 16 255
182.51440430 82.93056488 135.05230713 61 34 13 255
160.96043396 49.27330017 260.59753418 22 9 0 255
176.24293518 84.64864349 255.46127319 61 30 9 255
188.91636658 112.89789581 156.92678833 61 32 18 255
185.68336487 114.46885681 234.92588806 54 28 11 255
189.68392944 125.87144470 196.58398438 63 34 16 255
181.11825562 81.18344879 -123.83819580 52 30 16 255
165.51504517 40.44491959 -256.78814697 53 30 14 255
185.27047729 109.50505066 -224.11541748 71 37 10 255
188.30671692 112.82529449 -145.45860291 57 32 12 255
188.83415222 123.79898834 -186.16938782 80 44 18 255
137.23376465 172.66481018 -319.52691650 32 9 0 255
160.56263733 173.13912964 -319.52206421 73 57 67 255
166.27844238 156.49079895 -319.46307373 11 9 12 255
134.51017761 100.41925812 -319.39382935 23 13 4 255
161.61512756 39.06797028 -273.10168457 58 26 5 255
170.77291870 92.41349030 -281.71286011 89 40 7 255
173.59815979 160.27719116 -283.23364258 115 48 0 255
165.26669312 180.63626099 -291.56991577 167 103 29 255
135.39602661 184.65173340 -292.43328857 183 109 24 255
65.36936188 90.87106323 -321.48977661 100 46 12 255
65.48757172 39.73526764 -320.26062012 64 32 11 255
132.10531616 49.28652573 282.50494385 43 17 0 255
132.10531616 49.28652573 282.50494385 33 15 1 255
144.95123291 206.29032898 285.33593750 192 111 20 255
146.60295105 210.66535950 258.90383911 188 111 21 255
152.41716003 215.26362610 195.21466064 182 114 29 255
158.80462646 205.92378235 -120.65342712 135 81 17 255
156.71122742 201.83930969 -186.31958008 154 87 19 255
154.35530090 195.11752319 -250.71463013 187 115 30 255
151.99455261 189.27975464 -291.80108643 199 131 30 255
149.06997681 180.70133972 -319.55661011 118 75 20 255
134.43066406 87.48334503 294.13333130 90 46 11 255
134.43066406 87.48334503 294.13333130 82 36 2 255
137.29072571 114.88758850 296.16433716 89 45 10 255
137.29072571 114.88758850 296.16433716 110 57 25 255
175.81898499 80.61438751 -124.49206543 20 13 7 255
163.83244324 39.45855713 -256.21755981 9 5 2 255
174.63462830 77.97535706 -243.85305786 19 8 2 255
181.99392700 108.81133270 -223.67112732 16 9 3 255
184.66114807 112.05175781 -145.77934265 14 9 5 255
185.50802612 122.98862457 -186.13429260 0 0 0 255
169.16294861 40.45840836 122.85760498 42 22 13 255
169.56002808 44.89161682 -117.14242554 55 34 17 255
164.97587585 43.85367203 -117.77030945 18 9 2 255
178.89964294 82.53363800 135.80883789 20 11 4 255
158.48889160 51.15660858 259.67147827 28 14 5 255
171.38824463 84.31628418 254.65397644 18 9 2 255
185.20738220 112.12576294 157.37306213 7 3 0 255
182.04777527 113.75593567 234.48086548 9 4 0 255
186.01252747 124.94563293 196.57824707 0 0 0 255
165.21197510 39.43214035 123.47966003 11 1 0 255
174.91995239 69.70620728 -106.71528625 66 35 14 255
159.32214355 214.69364929 97.12619781 43 12 0 255
183.48370361 181.23141479 102.13862610 69 48 21 255
181.19537354 135.15649414 102.25697327 53 31 7 255
177.12847900 93.17036438 102.25382996 14 5 0 255
168.76127625 38.31450653 104.08983612 35 22 14 255
164.86706543 37.22850037 104.08897400 0 0 0 255
167.09164429 52.54623795 -264.66955566 75 35 9 255
159.57182312 38.08694458 -272.53378296 0 0 0 255
167.45706177 66.77821350 -277.93804932 72 40 17 255
170.18922424 62.42063522 -260.09481812 78 37 9 255
170.28091431 51.91209412 -251.06628418 66 39 18 255
165.92657471 51.10308075 -250.39611816 27 13 2 255
81.49575806 41.15530396 266.44702148 7 0 0 255
133.61306763 42.01276398 261.64843750 5 1 0 255
133.61306763 42.01276398 261.64843750 7 3 0 255
81.46987152 43.40688324 265.69641113 5 1 0 255
133.13305664 44.23523712 260.86996460 10 10 10 255
133.13305664 44.23523712 260.86996460 23 9 0 255
127.16966248 96.89768982 -315.23321533 64 32 7 255
123.96401978 154.21966553 -312.99691772 122 54 9 255
136.25213623 178.87100220 -311.42584229 170 101 23 255
150.35876465 185.94152832 -311.14001465 200 133 26 255
162.48350525 177.44416809 -311.07458496 171 99 23 255
168.51046753 156.21769714 -310.23962402 130 68 21 255
167.19651794 94.17949677 -307.65237427 80 36 7 255
155.93536377 38.91670990 -300.68075562 61 31 7 255
151.37655640 37.95343781 -297.47702026 1 1 1 255
177.52537537 92.35721588 -111.36273193 72 40 17 255
146.84188843 91.86957550 -319.45886230 36 19 1 255
146.84188843 91.86957550 -319.45886230 27 18 3 255
143.68290710 84.46041870 -316.51168823 41 32 17 255
143.68290710 84.46041870 -316.51168823 15 8 2 255
138.32438660 39.00801849 -310.17645264 39 26 9 255
138.32438660 39.00801849 -310.17645264 52 27 7 255
64.72283173 37.93119049 -314.92993164 3 0 0 255
135.58883667 37.93115616 -304.53909302 0 0 0 255
135.58883667 37.93115616 -304.53909302 0 0 0 255
109.53295135 94.09516907 -313.14743042 67 31 5 255
161.93832397 67.61647034 -304.52722168 0 0 0 255
142.95428467 68.61552429 -314.45083618 0 0 0 255
142.95428467 68.61552429 -314.45083618 0 0 0 255
111.51422882 37.93116379 -304.77160645 0 0 0 255
112.69046783 39.66147614 -310.11761475 53 28 6 255
164.58691406 52.73238373 -277.02865601 73 36 9 255
158.94776917 53.03739929 -302.63641357 61 27 2 255
140.47334290 54.26578903 -312.97283936 30 11 0 255
140.47334290 54.26578903 -312.97283936 24 17 0 255
65.56831360 59.48247910 -322.07537842 0 1 0 255
112.95036316 59.53149414 -312.12783813 0 0 0 255
167.73182678 123.13397980 -319.35403442 35 21 10 255
169.77316284 121.02436066 -309.00656128 104 48 11 255
172.63157654 122.95329285 -285.26272583 115 57 9 255
177.80340576 78.47956085 -244.56652832 67 41 14 255
37.83034134 39.71104431 -323.43963623 65 34 13 255
37.83224106 59.08176422 -325.24993896 4 2 7 255
37.82954025 90.88812256 -324.37219238 104 52 15 255
37.82675171 37.93119049 -318.03540039 0 0 0 255
172.31301880 193.16438293 -151.09518433 166 96 26 255
181.23637390 172.56462097 -156.15965271 92 49 17 255
183.71311951 182.54876709 164.61795044 87 44 2 255
155.52676392 60.80634689 281.29949951 8 4 1 255
166.71455383 56.43078613 260.28167725 50 25 3 255
180.68275452 99.93353271 247.59915161 58 32 15 255
189.98709106 122.19264984 175.54852295 60 32 8 255
188.66641235 123.20584106 217.14866638 63 36 17 255
187.74794006 119.48431396 -206.65951538 71 39 16 255
189.52993774 121.52172852 -164.64210510 68 40 19 255
169.83921814 189.12031555 -220.05981445 179 97 21 255
178.96427917 168.92085266 -215.82989502 88 47 17 255
135.45596313 189.21179199 -274.65600586 174 101 24 255
137.07577515 198.10925293 -213.85125732 174 154 103 255
125.77452850 189.15246582 -250.42749023 167 97 27 255
132.85858154 160.63624573 -319.48925781 34 15 0 255
130.36877441 112.66377258 -319.36312866 10 1 0 255
62.59054184 48.43298721 286.06149292 36 17 3 255
157.88200378 204.24182129 -150.48937988 134 76 12 255
155.54219055 198.60714722 -220.55442810 182 105 25 255
153.13104248 191.94236755 -274.32089233 191 122 31 255
81.14620972 56.84568024 289.35131836 19 8 4 255
132.31222534 57.58232880 287.44345093 20 7 0 255
132.31222534 57.58232880 287.44345093 11 6 2 255
132.31222534 57.58232880 287.44345093 17 8 1 255
178.79605103 94.22283936 -235.92736816 19 10 5 255
184.43472290 118.71242523 -206.41769409 2 1 0 255
186.19395447 120.70249176 -164.78811646 5 2 0 255
185.34664917 97.88231659 -131.99984741 48 27 10 255
169.08433533 38.28998184 35.77450180 38 24 13 255
169.68089294 89.16175079 274.92153931 89 44 11 255
182.96023560 148.27403259 170.28773499 99 46 12 255
163.09347534 57.43745422 259.37393188 27 13 4 255
182.38577271 98.17206573 144.23870850 17 10 4 255
177.11717224 99.41664886 246.94470215 15 8 2 255
186.28881836 121.29404449 175.77449036 7 1 3 255
185.00572205 122.34928131 216.91952515 3 2 0 255
170.17642212 56.70021439 129.80613708 29 16 8 255
186.05696106 98.71545410 143.60321045 59 32 13 255
165.33245850 37.20265961 35.77411652 4 0 0 255
178.84996033 110.95378876 102.32352448 27 14 5 255
68.20989990 88.46067047 297.65582275 72 38 13 255
168.29345703 73.43972778 257.95150757 22 8 0 255
173.09872437 73.66300964 258.80523682 62 31 3 255
160.74778748 77.57105255 284.42120361 0 0 0 255
133.51498413 76.72695160 292.88827515 0 0 0 255
133.51498413 76.72695160 292.88827515 0 0 0 255
83.20346832 76.20307159 294.95993042 0 0 0 255
63.05619812 41.15579224 266.84649658 13 4 0 255
63.06005096 43.41096497 266.09609985 13 6 0 255
179.37548828 110.84394836 127.57605743 86 41 8 255
176.08662415 81.16259766 119.44240570 73 36 9 255
173.14430237 205.29400635 159.78234863 160 82 18 255
167.39677429 199.09011841 275.23709106 165 89 31 255
170.13607788 203.14932251 230.52310181 170 92 20 255
175.69531250 130.81875610 269.91970825 81 43 20 255
181.64421082 147.54145813 223.06257629 96 51 18 255
182.20822144 180.32543945 226.85066223 10 5 1 255
129.76870728 168.45138550 -312.14517212 130 67 13 255
166.78959656 183.14987183 -273.79934692 177 105 31 255
175.39967346 162.80107117 -266.62197876 119 60 20 255
168.18661499 38.25390625 -110.47868347 42 26 13 255
167.66992188 37.17869568 -110.90663147 2 0 1 255
175.13865662 57.21733856 129.03393555 60 33 14 255
180.78883362 97.23429871 -132.50808716 18 9 2 255
179.53529358 111.96456909 -119.66653442 79 42 16 255
161.70268250 96.44016266 -319.36050415 64 32 7 255
144.83894348 37.93116379 -302.94445801 1 1 1 255
123.31894684 109.46063232 -314.66473389 95 45 8 255
114.37448120 181.45455933 -276.98101807 190 114 28 255
125.34033966 176.54985046 -294.59423828 177 98 19 255
157.96391296 86.03023529 -313.62438965 27 12 0 255
148.57141113 38.89545822 -307.61187744 50 25 5 255
154.04446411 66.99298096 -311.63317871 0 0 0 255
139.86506653 49.54085541 -312.44799805 44 26 14 255
139.86506653 49.54085541 -312.44799805 45 19 2 255
151.35983276 53.17990494 -310.21319580 50 24 7 255
178.59677124 142.72581482 -211.12356567 102 50 13 255
167.38360596 112.30921173 -319.28173828 66 37 3 255
181.15480042 145.61488342 -160.78450012 92 47 14 255
169.20266724 107.89088440 -307.68249512 90 41 8 255
172.25769043 107.48918915 -283.42687988 97 45 5 255
174.88375854 125.70536804 -262.02883911 93 49 12 255
181.99169922 94.78833008 -236.54006958 78 43 13 255
163.83891296 39.10476685 -264.44784546 53 27 10 255
166.12448120 52.60769272 -269.49737549 76 36 10 255
169.02204895 64.47607422 -267.22457886 80 35 4 255
172.33335876 89.94245911 -268.01797485 94 45 12 255
161.94454956 38.10919952 -264.05773926 1 1 1 255
176.08500671 107.26728058 -251.61242676 95 45 12 255
81.49690247 40.62450409 273.40225220 2 1 0 255
133.35969543 41.61495972 268.61694336 6 2 0 255
133.35969543 41.61495972 268.61694336 7 3 0 255
159.21908569 49.75270844 267.65591431 26 12 1 255
175.42657471 87.52362823 262.40255737 78 39 10 255
185.69412231 115.55541992 -227.97593689 103 51 14 255
170.78135681 59.35510254 -257.16824341 71 34 8 255
112.82321930 51.97680283 -311.78729248 29 15 4 255
158.12156677 48.56300354 -302.11642456 71 32 3 255
163.64421082 48.00764847 -275.95935059 74 34 8 255
166.71604919 49.03161240 -262.09243774 69 33 9 255
178.03480530 82.79162598 -250.68502808 78 34 5 255
189.49876404 130.93078613 -186.47280884 97 52 19 255
189.16601562 119.65663910 -142.64262390 94 51 19 255
182.41264343 86.15090942 -118.17668915 76 45 24 255
183.20161438 86.40287018 128.57717896 74 37 11 255
190.24050903 119.84212494 152.96929932 94 50 15 255
190.67700195 134.27899170 196.62501526 86 45 15 255
186.34281921 120.77291870 238.82029724 91 46 15 255
145.76770020 208.38265991 275.58923340 193 114 22 255
148.75416565 213.17344666 230.82934570 193 118 25 255
155.94271851 215.81312561 155.90872192 181 109 24 255
128.64256287 209.62672424 230.98649597 179 103 25 255
120.73941040 201.80932617 276.08529663 175 89 16 255
83.98407745 167.45236206 294.48327637 104 60 25 255
101.84797668 180.45277405 283.70910645 145 72 17 255
112.73000336 204.68977356 232.86430359 178 95 17 255
125.00618744 214.85581970 157.72003174 185 121 31 255
113.25737762 107.91613770 -312.64550781 95 45 12 255
65.57331085 51.82618713 -321.97787476 48 25 9 255
37.83261108 51.53479004 -325.19131470 51 25 8 255
62.82123947 56.78234100 290.77160645 26 12 3 255
160.85650635 59.76696396 275.57348633 37 19 5 255
167.19677734 76.96323395 276.39743042 101 49 12 255
65.23606110 76.00399017 296.28076172 0 0 0 255
178.96728516 175.63890076 265.38961792 51 42 35 255
125.01287842 182.40563965 -275.65704346 169 97 25 255
174.33000183 107.57483673 -264.75280762 104 59 17 255
150.62176514 48.98211288 -309.67819214 60 29 8 255
165.21514893 47.40660858 -267.88745117 73 36 10 255
182.29492188 99.64046478 -241.79489136 85 44 12 255
188.29730225 126.25793457 -208.77551270 97 52 19 255
190.28356934 128.75677490 -163.34695435 93 48 19 255
186.37132263 103.55112457 -127.60452271 84 48 22 255
176.45640564 61.84869385 122.26473999 58 29 11 255
187.03427124 103.52969360 138.11503601 84 41 9 255
191.22099304 130.34205627 173.51618958 92 49 15 255
189.55445862 130.90225220 219.16517639 83 51 30 255
180.73056030 104.45195770 253.27395630 86 45 15 255
171.86708069 75.57211304 266.08245850 73 32 10 255
164.96401978 57.32852173 267.38586426 55 27 6 255
63.05601883 40.62450409 273.80163574 2 1 0 255
82.53353882 178.53367615 291.02490234 115 62 22 255
173.88853455 204.96966553 131.36550903 115 68 26 255
157.94721985 215.64967346 131.05905151 164 98 22 255
139.02650452 213.80264282 156.17999268 182 116 29 255
119.59516907 210.64665222 195.84971619 181 121 35 255
85.01808167 156.70953369 296.84329224 74 42 21 255
97.22187042 130.67121887 296.92947388 91 46 17 255
97.30670929 149.36090088 294.28637695 87 41 8 255
73.28573608 101.42475891 298.55258179 83 44 13 255
82.94515991 105.95536804 297.93072510 86 43 11 255
82.36912537 132.75895691 295.94216919 69 33 11 255
84.60656738 153.74501038 293.42642212 127 118 111 255
94.13996887 130.92662048 293.51257324 30 21 14 255
72.87419891 104.40098572 295.13565063 92 43 10 255
94.22481537 146.39640808 290.86950684 35 26 19 255
79.86325836 108.93157959 294.51376343 78 38 12 255
170.90447998 47.64469910 118.78115082 55 29 12 255
170.48777771 45.82567215 -107.21401215 54 28 11 255
171.01284790 45.08077240 35.71726990 51 28 12 255
170.58798218 45.08200455 103.94153595 52 27 7 255
172.23558044 52.59788895 -112.54151154 53 30 14 255
89.96372986 207.67839050 236.29977417 182 103 26 255
94.88601685 214.96388245 196.47528076 183 112 32 255
85.91658783 198.41035461 268.32614136 179 93 20 255
99.95008850 219.27484131 158.78573608 176 113 36 255
103.93782043 222.39749146 126.25892639 162 151 129 255
176.86083984 109.29059601 258.51870728 92 46 13 255
159.90090942 213.78402710 35.58203125 137 82 15 255
183.57969666 179.03482056 35.56189728 98 50 14 255
182.21704102 135.12814331 35.61656189 81 40 12 255
178.10165405 94.16860199 35.61499786 67 35 14 255
179.72091675 110.28500366 35.61560822 74 38 14 255
165.23631287 37.18286133 -52.32131577 0 0 0 255
168.88557434 38.26708984 -52.19002533 42 24 10 255
170.98104858 45.31002426 -51.14203644 54 29 9 255
178.32281494 93.90908813 -51.31919861 69 37 14 255
179.98262024 110.82894897 -52.92384720 80 40 14 255
182.21151733 134.63591003 -54.09860992 79 42 15 255
183.06159973 176.51037598 -52.92556763 107 49 3 255
160.29791260 210.06439209 -51.17536163 139 84 19 255
130.09477234 126.56790161 -319.40985107 50 45 41 255
122.65191650 130.64328003 -313.87539673 105 47 7 255
113.74008942 129.71383667 -311.94543457 98 46 9 255
160.29736328 115.19996643 -338.26235962 90 40 29 255
156.98045349 105.67054749 -336.95520020 35 20 13 255
148.97285461 100.41577148 -336.24926758 15 8 0 255
148.97285461 100.41577148 -336.24926758 13 3 1 255
140.96522522 105.67054749 -336.95520020 56 25 22 255
137.88737488 115.19996643 -338.26235962 80 31 26 255
137.32438660 124.70979309 -339.57241821 103 47 34 255
160.87059021 124.71392822 -339.57327271 108 48 37 255
148.97288513 118.72779083 -338.75756836 90 27 10 255
148.97288513 118.72779083 -338.75756836 76 16 6 255
148.98666382 126.73463440 -339.86410522 101 38 33 255
148.98666382 126.73463440 -339.86410522 99 29 19 255
67.44252014 161.34764099 -314.26565552 135 69 19 255
106.51131439 153.84736633 -310.43273926 89 52 23 255
114.02100372 153.04699707 -310.55712891 125 52 0 255
41.23030090 165.59437561 -315.78265381 113 52 8 255
49.18331146 225.13494873 159.97531128 166 100 40 255
46.69139099 220.33784485 197.35517883 185 109 21 255
44.26923752 212.74365234 240.03643799 195 116 23 255
42.27772522 203.07841492 273.92031860 191 107 21 255
40.61299896 183.08424377 297.31326294 125 67 27 255
39.86776733 171.96012878 300.81103516 104 55 22 255
41.83559036 160.59706116 302.73825073 119 105 94 255
41.63309097 157.63255310 299.32138062 4 0 0 255
40.53209305 134.13768005 300.08282471 88 43 12 255
153.42517090 193.92683411 314.51547241 87 80 74 255
155.64718628 199.03889465 301.93289185 128 136 121 255
132.92175293 193.94995117 314.52142334 60 53 47 255
132.51062012 199.22892761 301.97396851 80 75 71 255
118.25790405 178.27456665 311.60198975 46 36 27 255
114.83777618 181.14141846 302.01751709 85 78 70 255
118.12735748 155.91560364 308.51385498 35 27 24 255
113.80402374 154.38574219 302.16735840 16 3 0 255
132.66540527 140.00938416 306.69381714 32 25 17 255
130.48043823 134.81668091 302.36947632 29 13 0 255
153.31222534 139.99560547 306.67004395 24 19 15 255
154.75274658 134.69619751 302.18478394 26 12 1 255
167.84744263 155.87438965 308.46774292 44 35 26 255
171.40658569 154.03436279 301.81213379 41 24 8 255
167.83453369 178.22402954 311.57369995 79 72 66 255
171.30462646 180.72048950 301.80587769 58 44 35 255
151.69314575 189.62902832 314.10671997 12 8 5 255
134.39199829 189.62902832 314.10671997 20 16 13 255
122.15822601 176.40046692 311.09671021 44 40 31 255
122.15822601 157.63923645 308.04690552 53 46 38 255
134.39199829 144.35481262 306.30352783 22 15 5 255
151.69314575 144.35481262 306.30352783 41 32 25 255
163.92694092 157.63923645 308.04690552 47 38 29 255
163.92694092 176.40046692 311.09671021 27 20 12 255
106.67786407 194.13534546 -233.24813843 156 138 102 255
71.69573975 199.90830994 -240.51161194 207 180 135 255
114.41237640 193.62248230 -230.14898682 217 196 143 255
38.70034409 202.87927246 -242.94430542 192 171 116 255
126.29606628 193.86552429 -224.01078796 195 174 119 255
151.53498840 205.24761963 -120.65305328 134 85 18 255
142.01737976 213.85200500 112.53450775 159 144 101 255
152.65994263 214.06835938 98.53627777 139 123 87 255
127.71047974 217.61334229 120.09145355 188 167 120 255
152.48741150 212.59004211 35.59460831 132 88 27 255
152.06216431 209.23899841 -51.17481995 134 70 6 255
151.32339478 203.63734436 -150.48937988 143 80 29 255
149.96926880 201.14042664 -186.03912354 183 161 103 255
50.97175217 228.01022339 134.72561646 165 150 119 255
103.67191315 189.65159607 273.82031250 169 86 16 255
41.54647827 195.95909119 286.05352783 189 102 22 255
84.43054962 191.26435852 280.10375977 173 87 12 255
101.58683014 197.15005493 264.27624512 90 53 27 255
96.66616058 190.30769348 276.37649536 126 69 26 255
91.14999390 179.29734802 288.11370850 126 63 19 255
106.53898621 163.95541382 -307.49957275 114 66 30 255
114.14020538 162.36476135 -308.05676270 136 66 7 255
174.84313965 68.39877319 35.49887085 89 54 26 255
174.86047363 67.68576813 -49.49462509 83 46 19 255
174.08004761 68.58586884 102.82325745 65 37 16 255
176.57296753 187.85586548 -124.78787994 159 84 19 255
178.87483215 194.61192322 100.52529144 26 4 7 255
179.08528137 192.82737732 35.57197189 156 82 19 255
178.49177551 189.80093384 -52.13497162 75 41 4 255
169.84892273 197.93400574 -122.02619934 169 93 17 255
171.15794373 202.08146667 -51.45755005 171 95 19 255
170.81877136 207.63769531 98.67375183 20 0 0 255
171.44502258 205.80853271 35.58023071 169 93 17 255
-162.10937500 187.70935059 313.21813965 69 62 56 255
-143.21746826 196.22438049 315.07891846 54 47 39 255
-124.08595276 187.75088501 313.23260498 41 32 25 255
-116.06318665 167.12734985 309.92919922 51 38 32 255
-123.85868835 146.31704712 307.41555786 26 21 17 255
-142.99929810 137.67483521 306.42114258 24 19 15 255
-142.99929810 137.67483521 306.42114258 26 16 14 255
-162.09722900 146.28952026 307.37429810 24 23 21 255
-169.96060181 167.07698059 309.88818359 40 31 24 255
-164.99731445 191.79350281 301.89981079 82 56 41 255
-144.42727661 201.75221252 301.94445801 114 104 94 255
-121.95986938 192.13627625 302.00408936 83 55 43 255
-111.87545013 167.97952271 302.05752563 41 22 8 255
-120.16013336 142.58862305 302.29025269 37 15 2 255
-142.69970703 131.90689087 302.35195923 25 14 8 255
-142.69970703 131.90689087 302.35195923 28 16 4 255
-164.90115356 142.35015869 301.97061157 30 26 23 255
-173.72308350 167.55555725 301.74523926 40 32 29 255
-159.07687378 184.39146423 312.75772095 27 20 14 255
-143.04257202 191.55943298 314.70318604 14 13 8 255
-127.00825500 184.39146423 312.75772095 24 21 16 255
-120.36663818 167.02629089 309.42578125 53 46 36 255
-127.00825500 149.62138367 306.99468994 41 32 25 255
-143.04257202 142.40934753 306.04818726 120 114 100 255
-143.04257202 142.40934753 306.04818726 44 35 28 255
-159.07687378 149.62138367 306.99468994 70 62 51 255
-165.71850586 167.02629089 309.42578125 50 41 32 255
-158.15661621 184.06237793 306.22113037 63 57 45 255
-143.05096436 191.12869263 306.22113037 61 55 41 255
-143.05096436 191.12869263 306.22113037 59 54 48 255
-127.94530487 184.06237793 306.22113037 66 57 48 255
-121.68833923 167.00279236 306.22113037 82 74 63 255
-127.94530487 149.94314575 306.22113037 42 35 29 255
-143.05096436 142.87683105 306.22113037 24 17 7 255
-143.05096436 142.87683105 306.22113037 43 38 34 255
-158.15661621 149.94314575 306.22113037 59 53 41 255
-164.41354370 167.00279236 306.22113037 78 70 57 255
-153.58459473 178.89900208 310.90747070 153 146 127 255
-143.05096436 183.82650757 310.90747070 158 151 135 255
-143.05096436 183.82650757 310.90747070 155 150 130 255
-132.51730347 178.89900208 310.90747070 149 141 120 255
-128.15411377 167.00279236 310.90747070 144 137 118 255
-132.51730347 155.10653687 310.90747070 116 109 93 255
-143.05096436 150.17898560 310.90747070 85 79 67 255
-143.05096436 150.17898560 310.90747070 107 99 86 255
-153.58459473 155.10653687 310.90747070 110 103 87 255
-157.94778442 167.00279236 310.90747070 140 133 115 255
-143.05093384 167.00274658 314.11230469 137 130 124 255
-143.05093384 167.00274658 314.11230469 151 148 141 255
-68.22501373 177.53550720 -306.29241943 176 97 20 255
-66.19876099 130.52708435 -318.23254395 95 88 82 255
-41.82683945 179.58129883 -308.44070435 139 78 23 255
-39.98804092 130.40797424 -320.70797729 73 39 12 255
-69.63526154 188.00302124 -281.78366089 188 113 22 255
-65.79186249 109.52923584 -319.97064209 116 52 6 255
-40.05625153 190.39418030 -283.49850464 177 105 21 255
-35.44665146 109.88298035 -322.64807129 102 59 24 255
-106.41916656 108.03958130 -313.73571777 75 40 12 255
-106.44721222 128.88764954 -312.46997070 81 42 13 255
-106.56665802 171.73414612 -302.40872192 162 85 15 255
-106.61298370 182.24272156 -277.85855103 184 108 20 255
-65.51721191 97.39974976 -320.95819092 100 51 18 255
-34.52606964 97.40984344 -323.78030396 74 38 12 255
-104.14678192 99.84632874 -314.32299805 56 37 20 255
-38.70024109 198.03942871 -264.16662598 148 92 35 255
-71.58188629 195.18241882 -261.30877686 169 99 29 255
-106.67394257 188.95103455 -256.09963989 147 86 29 255
-36.15687180 171.27436829 -321.87707520 137 70 17 255
-36.85778046 182.33583069 -309.41195679 166 100 26 255
-37.56858826 193.08265686 -284.14056396 181 105 19 255
-168.11212158 185.85348511 -249.96598816 183 108 17 255
-168.40216064 200.72332764 258.43289185 181 101 16 255
-171.95353699 204.28013611 196.10652161 185 104 22 255
-171.28582764 192.24082947 -186.34739685 176 97 18 255
-173.56282043 87.85485840 -259.39447021 96 47 14 255
-177.25788879 91.28473663 120.87326050 74 38 14 255
-174.03512573 90.53430939 265.15219116 89 44 13 255
-177.36877441 165.65985107 -242.63661194 95 46 6 255
-180.18716431 171.22062683 -186.55603027 95 49 15 255
-181.87953186 173.67643738 -129.16824341 111 59 19 255
-183.55827332 181.51113892 137.14103699 97 54 20 255
-183.29884338 182.13044739 196.39732361 94 50 15 255
-180.47369385 177.78170776 251.41236877 64 60 57 255
-177.43125916 130.30534363 -237.05679321 107 59 23 255
-180.11032104 147.65406799 -186.56347656 95 46 13 255
-181.31680298 135.95446777 -133.90844727 91 46 15 255
-181.75392151 136.11805725 143.44584656 103 51 14 255
-182.60345459 152.08370972 196.88269043 96 46 11 255
-179.18385315 134.90179443 247.89564514 90 45 16 255
-152.84379578 54.79228592 278.93820190 36 17 3 255
-162.81997681 88.82268524 284.74365234 91 41 6 255
-168.36831665 128.11979675 287.85916138 85 42 10 255
-175.89277649 170.47372437 288.92495728 63 58 54 255
-166.85452271 197.25170898 285.19323730 160 81 14 255
-80.98078918 48.44377136 284.73376465 35 16 2 255
-120.12157440 198.84822083 285.89764404 166 82 10 255
-123.85076904 205.40419006 259.22424316 179 96 18 255
-134.02432251 212.26055908 195.73809814 181 103 20 255
-136.13308716 193.36300659 -250.64311218 176 104 20 255
-114.27736664 170.58146667 -302.85946655 157 83 18 255
-86.03679657 88.41358185 296.02490234 40 18 4 255
-105.45483398 129.35945129 295.63476562 94 45 12 255
-103.33475494 169.04006958 289.77252197 109 52 9 255
-114.40445709 189.03663635 -250.43333435 147 92 28 255
-106.76810455 196.65048218 262.67086792 157 87 25 255
-182.51440430 82.93056488 135.05230713 58 31 12 255
-160.96043396 49.27330017 260.59753418 20 7 0 255
-176.24293518 84.64864349 255.46127319 56 25 4 255
-188.91636658 112.89789581 156.92678833 53 26 7 255
-185.68336487 114.46885681 234.92588806 56 27 13 255
-189.68392944 125.87144470 196.58398438 66 33 14 255
-181.11825562 81.18344879 -123.83819580 52 31 14 255
-165.51504517 40.44491959 -256.78814697 63 33 9 255
-185.27047729 109.50505066 -224.11541748 72 36 12 255
-188.30671692 112.82529449 -145.45860291 51 32 17 255
-188.83415222 123.79898834 -186.16938782 73 36 10 255
-137.23376465 172.66481018 -319.52691650 78 32 6 255
-160.56263733 173.13912964 -319.52206421 70 56 56 255
-166.27844238 156.49079895 -319.46307373 13 11 14 255
-134.51017761 100.41925812 -319.39382935 47 28 11 255
-161.61512756 39.06797028 -273.10168457 67 32 10 255
-170.77291870 92.41349030 -281.71286011 97 48 16 255
-173.59815979 160.27719116 -283.23364258 109 55 17 255
-165.26669312 180.63626099 -291.56991577 176 106 18 255
-135.39602661 184.65173340 -292.43328857 177 99 17 255
-65.36936188 90.87106323 -321.48977661 97 47 22 255
-65.48757172 39.73526764 -320.26062012 66 35 14 255
-132.10531616 49.28652573 282.50494385 38 15 0 255
-132.10531616 49.28652573 282.50494385 37 14 0 255
-144.95123291 206.29032898 285.33593750 194 113 21 255
-146.60295105 210.66535950 258.90383911 188 117 29 255
-152.41716003 215.26362610 195.21466064 181 114 33 255
-158.80462646 205.92378235 -120.65342712 134 79 14 255
-156.71122742 201.83930969 -186.31958008 132 79 25 255
-154.35530090 195.11752319 -250.71463013 192 120 20 255
-151.99455261 189.27975464 -291.80108643 198 126 24 255
-149.06997681 180.70133972 -319.55661011 142 104 33 255
-134.43066406 87.48334503 294.13333130 86 40 4 255
-134.43066406 87.48334503 294.13333130 80 39 9 255
-137.29072571 114.88758850 296.16433716 91 41 4 255
-137.29072571 114.88758850 296.16433716 78 43 23 255
-175.81898499 80.61438751 -124.49206543 20 11 4 255
-163.83244324 39.45855713 -256.21755981 5 4 2 255
-174.63462830 77.97535706 -243.85305786 21 11 2 255
-181.99392700 108.81133270 -223.67112732 14 10 7 255
-184.66114807 112.05175781 -145.77934265 9 5 2 255
-185.50802612 122.98862457 -186.13429260 0 1 0 255
-169.16294861 40.45840836 122.85760498 50 30 19 255
-169.56002808 44.89161682 -117.14242554 60 29 8 255
-164.97587585 43.85367203 -117.77030945 23 13 4 255
-178.89964294 82.53363800 135.80883789 23 14 7 255
-158.48889160 51.15660858 259.67147827 18 11 5 255
-171.38824463 84.31628418 254.65397644 20 10 1 255
-185.20738220 112.12576294 157.37306213 12 4 1 255
-182.04777527 113.75593567 234.48086548 8 3 0 255
-186.01252747 124.94563293 196.57824707 1 3 0 255
-165.21197510 39.43214035 123.47966003 4 0 0 255
-174.91995239 69.70620728 -106.71528625 65 34 13 255
-159.32214355 214.69364929 97.12619781 43 18 11 255
-183.48370361 181.23141479 102.13862610 86 53 20 255
-181.19537354 135.15649414 102.25697327 66 35 14 255
-177.12847900 93.17036438 102.25382996 23 10 2 255
-168.76127625 38.31450653 104.08983612 45 22 8 255
-164.86706543 37.22850037 104.08897400 0 1 0 255
-167.09164429 52.54623795 -264.66955566 79 39 13 255
-159.57182312 38.08694458 -272.53378296 0 0 0 255
-167.45706177 66.77821350 -277.93804932 79 40 11 255
-170.18922424 62.42063522 -260.09481812 75 38 12 255
-170.28091431 51.91209412 -251.06628418 74 36 13 255
-165.92657471 51.10308075 -250.39611816 18 11 5 255
-81.49575806 41.15530396 266.44702148 5 0 0 255
-133.61306763 42.01276398 261.64843750 2 1 0 255
-133.61306763 42.01276398 261.64843750 2 1 0 255
-81.46987152 43.40688324 265.69641113 6 2 0 255
-133.13305664 44.23523712 260.86996460 4 4 4 255
-133.13305664 44.23523712 260.86996460 7 3 0 255
-127.16966248 96.89768982 -315.23321533 65 33 12 255
-123.96401978 154.21966553 -312.99691772 123 55 8 255
-136.25213623 178.87100220 -311.42584229 169 93 18 255
-150.35876465 185.94152832 -311.14001465 195 126 22 255
-162.48350525 177.44416809 -311.07458496 163 96 15 255
-168.51046753 156.21769714 -310.23962402 131 57 12 255
-167.19651794 94.17949677 -307.65237427 79 35 8 255
-155.93536377 38.91670990 -300.68075562 70 33 6 255
-151.37655640 37.95343781 -297.47702026 0 0 0 255
-177.52537537 92.35721588 -111.36273193 75 41 16 255
-146.84188843 91.86957550 -319.45886230 34 17 7 255
-146.84188843 91.86957550 -319.45886230 39 22 12 255
-143.68290710 84.46041870 -316.51168823 41 23 9 255
-143.68290710 84.46041870 -316.51168823 11 7 4 255
-138.32438660 39.00801849 -310.17645264 48 21 2 255
-138.32438660 39.00801849 -310.17645264 61 27 2 255
-64.72283173 37.93119049 -314.92993164 3 0 0 255
-135.58883667 37.93115616 -304.53909302 0 0 0 255
-135.58883667 37.93115616 -304.53909302 0 0 0 255
-109.53295135 94.09516907 -313.14743042 62 34 12 255
-161.93832397 67.61647034 -304.52722168 0 0 0 255
-142.95428467 68.61552429 -314.45083618 0 0 0 255
-142.95428467 68.61552429 -314.45083618 0 0 0 255
-111.51422882 37.93116379 -304.77160645 0 0 0 255
-112.69046783 39.66147614 -310.11761475 54 27 8 255
-164.58691406 52.73238373 -277.02865601 83 37 11 255
-158.94776917 53.03739929 -302.63641357 58 27 6 255
-140.47334290 54.26578903 -312.97283936 36 18 6 255
-140.47334290 54.26578903 -312.97283936 32 16 3 255
-65.56831360 59.48247910 -322.07537842 1 1 3 255
-112.95036316 59.53149414 -312.12783813 0 0 2 255
-167.73182678 123.13397980 -319.35403442 19 10 11 255
-169.77316284 121.02436066 -309.00656128 106 48 10 255
-172.63157654 122.95329285 -285.26272583 110 53 0 255
-177.80340576 78.47956085 -244.56652832 65 31 4 255
-37.83034134 39.71104431 -323.43963623 64 32 9 255
-37.83224106 59.08176422 -325.24993896 1 5 6 255
-37.82954025 90.88812256 -324.37219238 105 55 18 255
-37.82675171 37.93119049 -318.03540039 0 0 0 255
-172.31301880 193.16438293 -151.09518433 175 99 23 255
-181.23637390 172.56462097 -156.15965271 99 56 14 255
-183.71311951 182.54876709 164.61795044 103 54 14 255
-155.52676392 60.80634689 281.29949951 7 3 0 255
-166.71455383 56.43078613 260.28167725 49 27 6 255
-180.68275452 99.93353271 247.59915161 55 27 6 255
-189.98709106 122.19264984 175.54852295 59 32 11 255
-188.66641235 123.20584106 217.14866638 62 30 5 255
-187.74794006 119.48431396 -206.65951538 71 40 19 255
-189.52993774 121.52172852 -164.64210510 68 36 13 255
-169.83921814 189.12031555 -220.05981445 182 105 15 255
-178.96427917 168.92085266 -215.82989502 103 52 23 255
-135.45596313 189.21179199 -274.65600586 178 100 17 255
-137.07577515 198.10925293 -213.85125732 191 169 122 255
-125.77452850 189.15246582 -250.42749023 175 99 21 255
-132.85858154 160.63624573 -319.48925781 59 31 7 255
-130.36877441 112.66377258 -319.36312866 38 14 4 255
-62.59054184 48.43298721 286.06149292 37 18 4 255
-157.88200378 204.24182129 -150.48937988 130 78 21 255
-155.54219055 198.60714722 -220.55442810 186 111 20 255
-153.13104248 191.94236755 -274.32089233 199 128 24 255
-81.14620972 56.84568024 289.35131836 22 9 1 255
-132.31222534 57.58232880 287.44345093 24 7 0 255
-132.31222534 57.58232880 287.44345093 10 5 1 255
-132.31222534 57.58232880 287.44345093 15 7 4 255
-178.79605103 94.22283936 -235.92736816 19 10 3 255
-184.43472290 118.71242523 -206.41769409 4 3 1 255
-186.19395447 120.70249176 -164.78811646 0 1 3 255
-185.34664917 97.88231659 -131.99984741 51 28 10 255
-169.08433533 38.28998184 35.77450180 50 31 16 255
-169.68089294 89.16175079 274.92153931 88 43 10 255
-182.96023560 148.27403259 170.28773499 94 48 15 255
-163.09347534 57.43745422 259.37393188 18 8 6 255
-182.38577271 98.17206573 144.23870850 18 9 2 255
-177.11717224 99.41664886 246.94470215 15 7 4 255
-186.28881836 121.29404449 175.77449036 2 6 9 255
-185.00572205 122.34928131 216.91952515 2 1 0 255
-170.17642212 56.70021439 129.80613708 24 14 5 255
-186.05696106 98.71545410 143.60321045 61 34 13 255
-165.33245850 37.20265961 35.77411652 0 0 0 255
-178.84996033 110.95378876 102.32352448 52 30 16 255
-68.20989990 88.46067047 297.65582275 72 38 13 255
-168.29345703 73.43972778 257.95150757 20 7 0 255
-173.09872437 73.66300964 258.80523682 61 31 7 255
-160.74778748 77.57105255 284.42120361 0 1 0 255
-133.51498413 76.72695160 292.88827515 1 1 1 255
-133.51498413 76.72695160 292.88827515 0 0 0 255
-83.20346832 76.20307159 294.95993042 0 0 0 255
-63.05619812 41.15579224 266.84649658 7 3 0 255
-63.06005096 43.41096497 266.09609985 8 4 1 255
-179.37548828 110.84394836 127.57605743 88 44 15 255
-176.08662415 81.16259766 119.44240570 74 39 17 255
-173.14430237 205.29400635 159.78234863 173 96 24 255
-167.39677429 199.09011841 275.23709106 175 92 16 255
-170.13607788 203.14932251 230.52310181 173 100 23 255
-175.69531250 130.81875610 269.91970825 89 44 13 255
-181.64421082 147.54145813 223.06257629 95 46 13 255
-182.20822144 180.32543945 226.85066223 101 73 52 255
-129.76870728 168.45138550 -312.14517212 132 63 6 255
-166.78959656 183.14987183 -273.79934692 191 116 23 255
-175.39967346 162.80107117 -266.62197876 108 59 18 255
-168.18661499 38.25390625 -110.47868347 46 24 10 255
-167.66992188 37.17869568 -110.90663147 2 1 0 255
-175.13865662 57.21733856 129.03393555 54 31 15 255
-180.78883362 97.23429871 -132.50808716 18 9 2 255
-179.53529358 111.96456909 -119.66653442 82 41 13 255
-161.70268250 96.44016266 -319.36050415 64 33 12 255
-144.83894348 37.93116379 -302.94445801 0 0 0 255
-123.31894684 109.46063232 -314.66473389 94 45 12 255
-114.37448120 181.45455933 -276.98101807 158 90 29 255
-125.34033966 176.54985046 -294.59423828 175 89 14 255
-157.96391296 86.03023529 -313.62438965 53 21 0 255
-148.57141113 38.89545822 -307.61187744 60 28 5 255
-154.04446411 66.99298096 -311.63317871 0 0 0 255
-139.86506653 49.54085541 -312.44799805 50 22 1 255
-139.86506653 49.54085541 -312.44799805 57 23 0 255
-151.35983276 53.17990494 -310.21319580 49 24 4 255
-178.59677124 142.72581482 -211.12356567 96 46 11 255
-167.38360596 112.30921173 -319.28173828 44 32 18 255
-181.15480042 145.61488342 -160.78450012 91 45 12 255
-169.20266724 107.89088440 -307.68249512 91 43 7 255
-172.25769043 107.48918915 -283.42687988 95 41 5 255
-174.88375854 125.70536804 -262.02883911 108 54 8 255
-181.99169922 94.78833008 -236.54006958 75 40 20 255
-163.83891296 39.10476685 -264.44784546 65 31 6 255
-166.12448120 52.60769272 -269.49737549 81 42 13 255
-169.02204895 64.47607422 -267.22457886 80 41 12 255
-172.33335876 89.94245911 -268.01797485 92 43 11 255
-161.94454956 38.10919952 -264.05773926 3 2 0 255
-176.08500671 107.26728058 -251.61242676 92 51 21 255
-81.49690247 40.62450409 273.40225220 2 1 0 255
-133.35969543 41.61495972 268.61694336 4 3 1 255
-133.35969543 41.61495972 268.61694336 5 4 2 255
-159.21908569 49.75270844 267.65591431 31 14 4 255
-175.42657471 87.52362823 262.40255737 79 40 11 255
-185.69412231 115.55541992 -227.97593689 113 66 24 255
-170.78135681 59.35510254 -257.16824341 74 37 11 255
-112.82321930 51.97680283 -311.78729248 30 13 3 255
-158.12156677 48.56300354 -302.11642456 71 35 9 255
-163.64421082 48.00764847 -275.95935059 79 38 10 255
-166.71604919 49.03161240 -262.09243774 78 39 10 255
-178.03480530 82.79162598 -250.68502808 87 43 14 255
-189.49876404 130.93078613 -186.47280884 115 62 22 255
-189.16601562 119.65663910 -142.64262390 100 55 22 255
-182.41264343 86.15090942 -118.17668915 81 47 22 255
-183.20161438 86.40287018 128.57717896 75 41 16 255
-190.24050903 119.84212494 152.96929932 104 50 14 255
-190.67700195 134.27899170 196.62501526 101 52 19 255
-186.34281921 120.77291870 238.82029724 101 52 19 255
-145.76770020 208.38265991 275.58923340 197 121 25 255
-148.75416565 213.17344666 230.82934570 193 120 28 255
-155.94271851 215.81312561 155.90872192 185 119 32 255
-128.64256287 209.62672424 230.98649597 183 101 19 255
-120.73941040 201.80932617 276.08529663 170 86 14 255
-83.98407745 167.45236206 294.48327637 101 55 19 255
-101.84797668 180.45277405 283.70910645 152 75 29 255
-112.73000336 204.68977356 232.86430359 154 83 27 255
-125.00618744 214.85581970 157.72003174 156 97 29 255
-113.25737762 107.91613770 -312.64550781 85 48 19 255
-65.57331085 51.82618713 -321.97787476 47 24 8 255
-37.83261108 51.53479004 -325.19131470 51 24 5 255
-62.82123947 56.78234100 290.77160645 27 13 2 255
-160.85650635 59.76696396 275.57348633 38 16 2 255
-167.19677734 76.96323395 276.39743042 96 51 18 255
-65.23606110 76.00399017 296.28076172 0 0 0 255
-178.96728516 175.63890076 265.38961792 37 27 26 255
-125.01287842 182.40563965 -275.65704346 175 96 17 255
-174.33000183 107.57483673 -264.75280762 105 55 22 255
-150.62176514 48.98211288 -309.67819214 59 28 7 255
-165.21514893 47.40660858 -267.88745117 80 41 12 255
-182.29492188 99.64046478 -241.79489136 105 57 21 255
-188.29730225 126.25793457 -208.77551270 116 57 15 255
-190.28356934 128.75677490 -163.34695435 106 50 13 255
-186.37132263 103.55112457 -127.60452271 94 53 23 255
-176.45640564 61.84869385 122.26473999 56 29 10 255
-187.03427124 103.52969360 138.11503601 82 42 16 255
-191.22099304 130.34205627 173.51618958 106 56 19 255
-189.55445862 130.90225220 219.16517639 103 57 23 255
-180.73056030 104.45195770 253.27395630 89 46 11 255
-171.86708069 75.57211304 266.08245850 75 36 7 255
-164.96401978 57.32852173 267.38586426 61 29 8 255
-63.05601883 40.62450409 273.80163574 2 1 0 255
-82.53353882 178.53367615 291.02490234 114 61 21 255
-173.88853455 204.96966553 131.36550903 183 175 154 255
-157.94721985 215.64967346 131.05905151 177 115 32 255
-139.02650452 213.80264282 156.17999268 177 112 30 255
-119.59516907 210.64665222 195.84971619 159 91 30 255
-85.01808167 156.70953369 296.84329224 80 43 16 255
-97.22187042 130.67121887 296.92947388 91 50 18 255
-97.30670929 149.36090088 294.28637695 76 44 21 255
-73.28573608 101.42475891 298.55258179 86 41 8 255
-82.94515991 105.95536804 297.93072510 91 45 11 255
-82.36912537 132.75895691 295.94216919 75 39 15 255
-84.60656738 153.74501038 293.42642212 144 137 131 255
-94.13996887 130.92662048 293.51257324 37 32 29 255
-72.87419891 104.40098572 295.13565063 85 39 6 255
-94.22481537 146.39640808 290.86950684 38 34 31 255
-79.86325836 108.93157959 294.51376343 74 35 6 255
-170.90447998 47.64469910 118.78115082 57 30 11 255
-170.48777771 45.82567215 -107.21401215 56 29 10 255
-171.01284790 45.08077240 35.71726990 59 30 12 255
-170.58798218 45.08200455 103.94153595 60 32 11 255
-172.23558044 52.59788895 -112.54151154 56 29 12 255
-89.96372986 207.67839050 236.29977417 191 105 18 255
-94.88601685 214.96388245 196.47528076 187 110 30 255
-85.91658783 198.41035461 268.32614136 185 99 16 255
-99.95008850 219.27484131 158.78573608 177 100 22 255
-103.93782043 222.39749146 126.25892639 171 167 130 255
-176.86083984 109.29059601 258.51870728 95 49 16 255
-159.90090942 213.78402710 35.58203125 137 79 16 255
-183.57969666 179.03482056 35.56189728 90 43 15 255
-182.21704102 135.12814331 35.61656189 93 44 11 255
-178.10165405 94.16860199 35.61499786 76 39 13 255
-179.72091675 110.28500366 35.61560822 85 41 12 255
-165.23631287 37.18286133 -52.32131577 0 0 0 255
-168.88557434 38.26708984 -52.19002533 44 21 7 255
-170.98104858 45.31002426 -51.14203644 55 28 9 255
-178.32281494 93.90908813 -51.31919861 77 37 12 255
-179.98262024 110.82894897 -52.92384720 86 41 10 255
-182.21151733 134.63591003 -54.09860992 76 41 19 255
-183.06159973 176.51037598 -52.92556763 104 50 6 255
-160.29791260 210.06439209 -51.17536163 136 78 15 255
-130.09477234 126.56790161 -319.40985107 10 10 8 255
-122.65191650 130.64328003 -313.87539673 104 49 10 255
-113.74008942 129.71383667 -311.94543457 88 45 13 255
-160.29736328 115.19996643 -338.26235962 80 27 19 255
-156.98045349 105.67054749 -336.95520020 38 9 5 255
-148.97285461 100.41577148 -336.24926758 20 6 5 255
-148.97285461 100.41577148 -336.24926758 24 9 2 255
-140.96522522 105.67054749 -336.95520020 36 14 3 255
-137.64834595 115.19996643 -338.26235962 69 25 16 255
-137.29302979 124.70979309 -339.57241821 97 40 29 255
-161.05256653 124.71392822 -339.57327271 100 43 32 255
-148.97288513 118.72779083 -338.75756836 96 34 21 255
-148.97288513 118.72779083 -338.75756836 97 35 24 255
-148.98666382 126.73463440 -339.86410522 92 32 24 255
-148.98666382 126.73463440 -339.86410522 97 30 21 255
-67.44252014 161.34764099 -314.26565552 138 73 31 255
-106.51131439 153.84736633 -310.43273926 103 53 18 255
-114.02100372 153.04699707 -310.55712891 102 52 17 255
-41.23030090 165.59437561 -315.78265381 111 54 9 255
-49.18331146 225.13494873 159.97531128 171 97 22 255
-46.69139099 220.33784485 197.35517883 188 111 21 255
-44.26923752 212.74365234 240.03643799 193 117 29 255
-42.27772522 203.07841492 273.92031860 194 117 27 255
-40.61299896 183.08424377 297.31326294 139 78 34 255
-39.86776733 171.96012878 300.81103516 108 56 17 255
-41.83559036 160.59706116 302.73825073 116 104 104 255
-41.63309097 157.63255310 299.32138062 3 0 2 255
-40.53209305 134.13768005 300.08282471 84 41 9 255
-153.42517090 193.92683411 314.51547241 117 107 95 255
-155.64718628 199.03889465 301.93289185 46 42 31 255
-132.92175293 193.94995117 314.52142334 64 57 51 255
-132.51062012 199.22892761 301.97396851 128 130 119 255
-118.25790405 178.27456665 311.60198975 69 60 51 255
-114.83777618 181.14141846 302.01751709 60 56 53 255
-118.12735748 155.91560364 308.51385498 33 26 20 255
-113.80402374 154.38574219 302.16735840 48 27 10 255
-132.66540527 140.00938416 306.69381714 20 17 12 255
-130.48043823 134.81668091 302.36947632 28 14 1 255
-153.31222534 139.99560547 306.67004395 23 18 14 255
-154.75274658 134.69619751 302.18478394 10 3 0 255
-167.84744263 155.87438965 308.46774292 44 35 28 255
-171.40658569 154.03436279 301.81213379 41 22 8 255
-167.83453369 178.22402954 311.57369995 84 75 66 255
-171.30462646 180.72048950 301.80587769 61 56 62 255
-151.69314575 189.62902832 314.10671997 30 29 25 255
-134.39199829 189.62902832 314.10671997 20 16 13 255
-122.15822601 176.40046692 311.09671021 35 27 25 255
-122.15822601 157.63923645 308.04690552 54 43 39 255
-134.39199829 144.35481262 306.30352783 62 55 47 255
-151.69314575 144.35481262 306.30352783 19 14 10 255
-163.92694092 157.63923645 308.04690552 44 36 25 255
-163.92694092 176.40046692 311.09671021 32 27 24 255
-106.67786407 194.13534546 -233.24813843 0 0 0 255
-71.69573975 199.90830994 -240.51161194 55 44 16 255
-114.41237640 193.62248230 -230.14898682 54 47 21 255
-38.70034409 202.87927246 -242.94430542 209 184 128 255
-126.29606628 193.86552429 -224.01078796 197 181 122 255
-151.53498840 205.24761963 -120.65305328 125 86 31 255
-142.01737976 213.85200500 112.53450775 178 160 114 255
-152.65994263 214.06835938 98.53627777 159 134 94 255
-127.71047974 217.61334229 120.09145355 173 151 101 255
-152.48741150 212.59004211 35.59460831 134 84 25 255
-152.06216431 209.23899841 -51.17481995 100 55 14 255
-151.32339478 203.63734436 -150.48937988 140 92 44 255
-149.96926880 201.14042664 -186.03912354 167 147 96 255
-50.97175217 228.01022339 134.72561646 148 137 92 255
-103.67191315 189.65159607 273.82031250 156 82 21 255
-41.54647827 195.95909119 286.05352783 187 105 21 255
-84.43054962 191.26435852 280.10375977 175 92 14 255
-101.58683014 197.15005493 264.27624512 106 55 10 255
-96.66616058 190.30769348 276.37649536 132 72 22 255
-91.14999390 179.29734802 288.11370850 133 76 23 255
-106.53898621 163.95541382 -307.49957275 131 64 9 255
-114.14020538 162.36476135 -308.05676270 125 63 14 255
-174.84313965 68.39877319 35.49887085 18 8 0 255
-174.86047363 67.68576813 -49.49462509 27 22 18 255
-174.08004761 68.58586884 102.82325745 69 37 16 255
-176.57296753 187.85586548 -124.78787994 156 85 21 255
-178.87483215 194.61192322 100.52529144 13 2 6 255
-179.08528137 192.82737732 35.57197189 147 79 18 255
-178.49177551 189.80093384 -52.13497162 75 39 7 255
-169.84892273 197.93400574 -122.02619934 170 98 22 255
-171.15794373 202.08146667 -51.45755005 167 90 18 255
-170.81877136 207.63769531 98.67375183 34 9 0 255
-171.44502258 205.80853271 35.58023071 167 90 22 255
5.77943277 209.26734924 289.82931519 68 55 39 255
-5.77943277 209.26734924 289.82931519 89 79 70 255
4.63385677 210.11521912 258.67810059 51 44 36 255
-4.63385677 210.11521912 258.67810059 98 93 89 255
7.72526121 208.87402344 270.05169678 69 59 49 255
-7.72526121 208.87402344 270.05169678 61 56 50 255
-0.00000000 211.69651794 270.05169678 106 101 97 255
0.00000000 209.43736267 290.87329102 97 87 78 255
-0.00000000 211.48751831 256.24407959 64 55 46 255
0.00000000 211.69651794 284.62066650 96 89 83 255
-8.04859924 208.87402344 284.62066650 82 75 69 255
8.04859924 208.87402344 284.62066650 81 76 72 255
1.95107806 211.06088257 256.82995605 59 51 40 255
-2.01400900 211.04035950 256.85925293 65 58 50 255
-5.77943277 203.63478088 289.82931519 56 49 41 255
0.00000000 203.80480957 290.87329102 59 54 50 255
5.77943277 203.63478088 289.82931519 44 37 29 255
8.04859924 203.01033020 284.84371948 58 54 51 255
8.04859924 203.01033020 284.84371948 51 48 43 255
7.72526121 204.88134766 270.05169678 38 31 25 255
4.63385677 206.12258911 258.67810059 15 14 12 255
1.95118904 207.06822205 256.83004761 12 11 9 255
-0.00000000 207.49487305 256.24407959 14 13 11 255
-0.00000000 207.49487305 256.24407959 15 14 12 255
-2.01412392 207.04772949 256.85928345 15 14 12 255
-4.63385677 206.12258911 258.67810059 14 13 11 255
-7.72526121 204.88134766 270.05169678 50 45 41 255
-8.04859924 203.01033020 284.84371948 49 46 41 255
-8.04859924 203.01033020 284.84371948 43 36 30 255
-8.04859924 197.42868042 282.06088257 34 29 23 255
-8.04859924 197.42868042 282.06088257 24 11 2 255
8.04859924 197.42868042 282.06088257 32 31 29 255
8.04859924 197.42868042 282.06088257 47 40 34 255
-4.44840002 201.84471130 286.63851929 26 25 23 255
0.00000100 202.01472473 287.91232300 26 25 23 255
0.00000100 193.95829773 289.63494873 48 40 29 255
-4.44840002 194.99385071 288.20971680 47 32 27 255
4.44840097 194.99385071 288.20971680 27 22 18 255
4.44840097 201.84471130 286.63851929 24 23 21 255
-6.01259899 197.42868042 283.23724365 30 19 13 255
-6.01259899 201.63479614 285.47171021 26 21 17 255
6.01259899 197.42868042 283.23724365 43 30 21 255
6.01259899 201.63479614 285.47171021 18 18 18 255
8.04859924 201.32072449 283.67538452 48 43 39 255
8.04859924 201.32072449 283.67538452 45 42 37 255
7.72526121 202.90936279 270.05169678 38 34 31 255
-7.72526121 202.90936279 270.05169678 40 35 31 255
-8.04859924 201.32072449 283.67538452 39 34 28 255
-8.04859924 201.32072449 283.67538452 47 42 38 255
-6.01259899 200.62196350 284.30337524 37 32 26 255
-4.44840002 199.70681763 286.63851929 63 56 50 255
0.00000100 199.84443665 287.91232300 61 54 48 255
4.44840097 199.70681763 286.63851929 56 48 45 255
6.01259899 200.62196350 284.30337524 32 27 23 255
71.61158752 189.60095215 -277.83456421 43 36 30 255
67.10273743 189.60092163 -277.83456421 36 32 21 255
76.23285675 197.38203430 -254.64059448 33 28 24 255
62.46088791 197.38198853 -254.64059448 69 52 45 255
62.48138046 197.70487976 -257.02502441 31 27 24 255
76.22176361 197.70491028 -257.02505493 32 27 23 255
65.06262207 201.00921631 -257.43560791 54 47 39 255
64.17974854 200.20991516 -253.72795105 57 47 38 255
73.70964050 201.01583862 -257.43322754 80 72 69 255
74.60186005 200.22264099 -253.70298767 52 43 36 255
71.47238159 188.15669250 -277.41406250 22 21 17 255
67.24025726 188.15739441 -277.41186523 3 3 5 255
76.27364349 194.82698059 -253.77172852 44 32 20 255
75.72319031 193.48660278 -269.52783203 30 25 21 255
62.43311691 194.82608032 -253.77439880 1 1 1 255
62.98817062 193.48664856 -269.52774048 19 16 1 255
62.46842957 194.01745605 -256.35671997 4 4 4 255
76.24887848 194.01753235 -256.35644531 47 40 30 255
65.57831573 196.23136902 -270.24874878 64 55 46 255
64.41320801 195.29570007 -252.31430054 4 3 1 255
73.18682098 196.23541260 -270.24081421 90 83 77 255
74.35804749 195.30128479 -252.29832458 8 1 0 255
64.54135895 190.57263184 -275.85241699 54 42 30 255
72.10112762 192.97178650 -275.97363281 53 43 33 255
74.17295837 190.57263184 -275.85241699 44 35 28 255
66.65337372 192.97923279 -275.98696899 86 70 57 255
73.88351440 188.74259949 -275.48010254 36 27 18 255
64.82955933 188.74317932 -275.47836304 0 0 2 255
75.48489380 190.54966736 -269.02587891 61 47 36 255
63.23088837 190.54966736 -269.02590942 22 18 15 255
-71.61158752 189.60095215 -277.83456421 43 36 30 255
-67.10273743 189.60092163 -277.83456421 36 32 21 255
-76.23285675 197.38203430 -254.64059448 33 28 24 255
-62.46088791 197.38198853 -254.64059448 69 52 45 255
-62.48138046 197.70487976 -257.02502441 31 27 24 255
-76.22176361 197.70491028 -257.02505493 32 27 23 255
-65.06262207 201.00921631 -257.43560791 54 47 39 255
-64.17974854 200.20991516 -253.72795105 57 47 38 255
-73.70964050 201.01583862 -257.43322754 80 72 69 255
-74.60186005 200.22264099 -253.70298767 52 43 36 255
-71.47238159 188.15669250 -277.41406250 22 21 17 255
-67.24025726 188.15739441 -277.41186523 3 3 5 255
-76.27364349 194.82698059 -253.77172852 44 32 20 255
-75.72319031 193.48660278 -269.52783203 30 25 21 255
-62.43311691 194.82608032 -253.77439880 1 1 1 255
-62.98817062 193.48664856 -269.52774048 19 16 1 255
-62.46842957 194.01745605 -256.35671997 4 4 4 255
-76.24887848 194.01753235 -256.35644531 47 40 30 255
-65.57831573 196.23136902 -270.24874878 64 55 46 255
-64.41320801 195.29570007 -252.31430054 4 3 1 255
-73.18682098 196.23541260 -270.24081421 90 83 77 255
-74.35804749 195.30128479 -252.29832458 8 1 0 255
-64.54135895 190.57263184 -275.85241699 54 42 30 255
-72.10112762 192.97178650 -275.97363281 53 43 33 255
-74.17295837 190.57263184 -275.85241699 44 35 28 255
-66.65337372 192.97923279 -275.98696899 86 70 57 255
-73.88351440 188.74259949 -275.48010254 36 27 18 255
-64.82955933 188.74317932 -275.47836304 0 0 2 255
-75.48489380 190.54966736 -269.02587891 61 47 36 255
-63.23088837 190.54966736 -269.02590942 22 18 15 255
-30.02260971 165.53782654 -328.62460327 76 69 63 255
30.02259064 165.53785706 -328.62460327 44 39 35 255
-36.29439163 152.07051086 -326.25805664 35 31 28 255
36.29436874 152.07051086 -326.25805664 26 21 17 255
-30.42487907 169.52278137 -321.62963867 42 37 33 255
-36.78068161 151.58218384 -321.04553223 40 27 18 255
36.78070068 151.58224487 -321.04553223 43 36 30 255
30.42486954 169.52278137 -321.62963867 54 41 32 255
0.00316000 171.25640869 -321.62963867 65 58 50 255
-0.00399000 167.27140808 -328.62460327 61 54 46 255
-24.33144951 160.76039124 -321.50140381 17 13 10 255
-24.00966072 159.04876709 -327.65469360 10 10 8 255
24.34429932 160.76039124 -321.50140381 6 5 3 255
24.02251053 159.04876709 -327.65469360 2 2 2 255
0.01029000 162.49400330 -321.50140381 22 21 19 255
0.00459000 160.78233337 -327.63845825 21 17 14 255
29.42988968 151.87013245 -321.02685547 10 9 7 255
29.42988968 151.87013245 -321.02685547 7 6 4 255
29.04087067 152.08506775 -326.24343872 42 35 29 255
-29.02532959 152.08506775 -326.24343872 25 22 17 255
-29.41433907 151.87013245 -321.02685547 8 7 5 255
-29.41433907 151.87013245 -321.02685547 14 13 11 255
0.00000000 86.13321686 -324.06616211 48 35 26 255
0.00000000 56.78765106 -324.06616211 43 42 38 255
0.00000000 56.78765106 -324.06616211 40 39 37 255
-152.00953674 86.13770294 -310.01202393 26 22 19 255
-152.00953674 56.78315735 -310.01202393 7 6 4 255
-164.11233521 61.42527008 -269.15499878 44 39 35 255
-164.11233521 61.42527008 -269.15499878 41 37 34 255
-164.11219788 81.49632263 -269.15585327 46 39 33 255
-164.11219788 81.49632263 -269.15585327 53 48 44 255
-139.42918396 86.13131714 -315.97622681 31 27 24 255
-139.42918396 56.78954315 -315.97622681 1 1 1 255
-139.42918396 56.78954315 -315.97622681 1 1 1 255
-112.87946320 86.13240814 -311.61193848 51 44 38 255
-112.87946320 56.78845978 -311.61193848 12 11 9 255
-60.80023956 86.13417053 -319.81219482 77 68 61 255
-60.80023956 56.78671265 -319.81219482 46 45 41 255
-158.21682739 83.48435974 -299.03320312 8 8 8 255
-158.21682739 59.43648529 -299.03320312 31 27 24 255
-124.88198853 86.13439941 -314.72357178 10 9 7 255
-124.88198853 56.78647614 -314.72357178 0 0 0 255
-116.65444946 86.13293457 -311.92321777 48 40 37 255
-116.65444946 56.78792953 -311.92321777 13 12 10 255
-107.49375916 86.13467407 -312.00701904 55 46 37 255
-107.49375916 56.78619003 -312.00701904 17 17 15 255
0.00000000 83.77796173 -340.29977417 85 78 70 255
-63.24346924 83.77944183 -336.00027466 92 85 79 255
-109.78375244 83.77304840 -328.16278076 1 1 0 255
-115.42449188 83.72243500 -327.78247070 2 2 0 255
-119.77967072 83.72644043 -328.68472290 2 2 2 255
-128.37620544 83.63130188 -329.88842773 18 8 6 255
-146.72714233 83.66030884 -333.28021240 85 78 70 255
-163.50366211 83.74279785 -324.73681641 72 63 56 255
-172.72195435 82.71132660 -304.80157471 87 69 55 255
-172.35766602 81.74932098 -273.59970093 49 46 41 255
-172.36128235 61.17929840 -273.59674072 23 18 14 255
-172.72998047 60.22010803 -304.80249023 33 30 25 255
-163.51293945 59.19122314 -324.74597168 24 20 17 255
-146.72941589 59.27479935 -333.29571533 17 16 12 255
-146.72941589 59.27479935 -333.29571533 18 17 15 255
-128.37207031 59.30132294 -329.90109253 18 15 10 255
-119.77551270 59.20516205 -328.69366455 2 2 2 255
-115.42344666 59.20621872 -327.78878784 1 1 1 255
-109.78515625 59.15666962 -328.16967773 3 3 3 255
-63.24468994 59.15143585 -336.00830078 20 19 17 255
0.00000000 59.15302277 -340.30798340 19 18 16 255
0.00000000 59.15302277 -340.30798340 19 18 16 255
0.00000000 71.29093170 -345.43508911 51 44 34 255
-63.14654160 71.29093170 -341.09814453 40 33 27 255
-107.90487671 71.29090118 -333.23236084 0 0 0 255
-114.48822021 71.29300690 -332.05612183 0 0 0 255
-119.10597992 71.29150391 -334.08224487 0 0 0 255
-127.66652679 71.29126740 -337.21258545 47 29 15 255
-146.94233704 71.29062653 -339.97750854 79 76 71 255
-167.20805359 71.29062653 -329.41891479 86 79 73 255
-175.85227966 71.29111481 -305.92858887 72 65 59 255
-172.26841736 71.32534790 -270.16238403 40 32 29 255
-164.10081482 71.34478760 -265.80981445 37 36 34 255
152.00953674 86.13770294 -310.01202393 29 26 21 255
152.00953674 56.78315735 -310.01202393 4 4 4 255
166.48002625 61.42527008 -269.15499878 31 30 28 255
166.48002625 61.42527008 -269.15499878 39 36 31 255
166.47988892 81.49632263 -269.15585327 47 43 40 255
166.47988892 81.49632263 -269.15585327 48 44 41 255
139.42918396 86.13131714 -315.97622681 17 12 8 255
139.42918396 56.78954315 -315.97622681 0 0 0 255
139.42918396 56.78954315 -315.97622681 0 0 0 255
112.87946320 86.13240814 -311.61193848 44 39 33 255
112.87946320 56.78845978 -311.61193848 13 12 10 255
60.80023956 86.13417053 -319.81219482 65 55 45 255
60.80023956 56.78671265 -319.81219482 53 49 46 255
158.21682739 83.48435974 -299.03320312 0 0 0 255
158.21682739 59.43648529 -299.03320312 27 26 24 255
124.88198853 86.13439941 -314.72357178 2 1 0 255
124.88198853 56.78647614 -314.72357178 1 1 1 255
116.65444946 86.13293457 -311.92321777 38 33 27 255
116.65444946 56.78792953 -311.92321777 8 7 5 255
107.49375916 86.13467407 -312.00701904 60 51 44 255
107.49375916 56.78619003 -312.00701904 24 23 21 255
63.24346924 83.77944183 -336.00027466 91 82 75 255
109.78375244 83.77304840 -328.16278076 1 1 1 255
115.42449188 83.72243500 -327.78247070 3 3 3 255
119.77967072 83.72644043 -328.68472290 2 2 2 255
128.37620544 83.63130188 -329.88842773 8 0 0 255
146.72714233 83.66030884 -333.28021240 88 79 72 255
163.50366211 83.74279785 -324.73681641 89 82 74 255
172.72195435 82.71132660 -304.80157471 60 48 36 255
174.72535706 81.74932098 -273.59970093 49 48 43 255
174.72895813 61.17929840 -273.59674072 4 0 0 255
172.72998047 60.22010803 -304.80249023 21 20 18 255
163.51293945 59.19122314 -324.74597168 21 20 18 255
146.72941589 59.27479935 -333.29571533 22 21 19 255
146.72941589 59.27479935 -333.29571533 17 16 14 255
128.37207031 59.30132294 -329.90109253 9 8 6 255
119.77551270 59.20516205 -328.69366455 1 1 1 255
115.42344666 59.20621872 -327.78878784 0 0 0 255
109.78515625 59.15666962 -328.16967773 5 4 2 255
63.24468994 59.15143585 -336.00830078 21 20 18 255
63.14654160 71.29093170 -341.09814453 55 46 37 255
107.90487671 71.29090118 -333.23236084 1 0 0 255
114.48822021 71.29300690 -332.05612183 0 0 0 255
119.10597992 71.29150391 -334.08224487 0 0 0 255
127.66652679 71.29126740 -337.21258545 62 53 46 255
146.94233704 71.29062653 -339.97750854 84 75 66 255
167.20805359 71.29062653 -329.41891479 53 37 22 255
175.85227966 71.29111481 -305.92858887 56 49 43 255
174.63609314 71.32534790 -270.16238403 42 33 26 255
166.46850586 71.34478760 -265.80981445 39 36 31 255
-146.23582458 56.78608704 -312.74926758 1 1 1 255
-156.18115234 59.22957611 -330.94799805 16 15 13 255
-158.27812195 71.29062653 -336.54287720 46 39 33 255
-156.17507935 83.70494080 -330.93588257 86 79 73 255
-146.23582458 86.13477325 -312.74926758 20 16 13 255
145.74461365 56.78634262 -312.98217773 0 0 0 255
156.42118835 59.23284912 -330.80090332 16 15 13 255
158.38218689 71.29062653 -336.47421265 75 66 59 255
156.41539001 83.70171356 -330.78857422 87 80 74 255
145.74459839 86.13452148 -312.98211670 26 23 18 255
175.51568604 203.44624329 151.62635803 79 63 50 255
176.98147583 199.73168945 153.07551575 50 43 37 255
171.11022949 201.16322327 152.13917542 6 6 6 255
172.54965210 197.51571655 153.80072021 12 12 10 255
178.44380188 196.02587891 151.62635803 29 22 16 255
174.01361084 193.80558777 152.13917542 2 2 2 255
175.00621033 204.88616943 146.92251587 94 81 72 255
177.98657227 200.23368835 146.65580750 75 68 62 255
179.06823730 194.59236145 146.92251587 25 20 16 255
174.40965271 192.25347900 146.86734009 32 32 32 255
170.38491821 202.45256042 146.86734009 17 12 6 255
175.85493469 203.80937195 136.59695435 58 45 36 255
175.85493469 203.80937195 136.59695435 41 32 25 255
177.47113037 200.00802612 135.00439453 37 27 18 255
178.96002197 195.94026184 136.59695435 20 13 7 255
173.82968140 193.40170288 136.81600952 20 20 20 255
170.74108887 201.22912598 136.81600952 0 0 0 255
170.74108887 201.22912598 136.81600952 0 0 2 255
172.26412964 197.49118042 135.00439453 0 0 0 255
170.40707397 202.37655640 141.18002319 2 3 8 255
175.05676270 204.82199097 141.23641968 78 66 54 255
179.06178284 194.67283630 141.23571777 40 32 29 255
174.37362671 192.32476807 141.18026733 0 0 0 255
188.50585938 235.40641785 131.81190491 3 2 0 255
188.50585938 235.40641785 131.81190491 12 8 5 255
190.27897644 234.65844727 131.22308350 1 1 1 255
187.97052002 235.66279602 133.52723694 35 27 24 255
192.13508606 233.89546204 131.81190491 5 4 2 255
192.65133667 233.71406555 133.52699280 20 16 13 255
188.46978760 235.45707703 135.08831787 32 27 23 255
190.27806091 234.62322998 135.60504150 29 28 26 255
192.15092468 233.92451477 135.08831787 19 18 13 255
181.08004761 199.80142212 143.44338989 55 50 46 255
179.93170166 202.42942810 144.31643677 66 58 55 255
178.96841431 205.13485718 143.35473633 40 33 27 255
178.69848633 205.87869263 140.58512878 46 41 37 255
178.99386597 205.09382629 137.57270813 27 20 14 255
178.99386597 205.09382629 137.57270813 27 23 20 255
180.00363159 202.52026367 136.56887817 28 25 20 255
181.06881714 199.82850647 137.64225769 34 30 27 255
181.37916565 199.09248352 140.68724060 44 41 36 255
176.65750122 203.52537537 145.06028748 76 69 63 255
176.06199646 204.09133911 141.46490479 59 50 43 255
176.51469421 203.26792908 137.68275452 59 46 40 255
176.51469421 203.26792908 137.68275452 29 24 20 255
177.80102539 200.14923096 136.36486816 43 36 30 255
179.04629517 196.83853149 137.67773438 54 43 37 255
179.25799561 195.96408081 141.46478271 47 34 26 255
179.29071045 196.84233093 145.06651306 65 60 56 255
177.33767700 199.90121460 151.40298462 76 60 47 255
178.24705505 197.34385681 150.51008606 79 61 47 255
176.23297119 202.44105530 150.48423767 81 63 49 255
195.38311768 242.07191467 131.25556946 29 26 21 255
191.16465759 244.04527283 131.25556946 63 54 47 255
186.94619751 242.07191467 131.25556946 56 48 45 255
185.19883728 237.30775452 131.25556946 49 40 33 255
186.94619751 232.54364014 131.25556946 27 22 18 255
186.94619751 232.54364014 131.25556946 29 26 21 255
191.16465759 230.57025146 131.25556946 8 9 4 255
195.38311768 232.54364014 131.25556946 31 23 20 255
197.13047791 237.30775452 131.25556946 41 36 32 255
205.83103943 253.87133789 120.45355988 86 79 71 255
191.16462708 260.73214722 120.45355988 71 62 53 255
176.49824524 253.87133789 120.45355988 63 56 50 255
176.49824524 253.87133789 120.45355988 67 63 60 255
170.42324829 237.30775452 120.45355988 32 28 25 255
170.42324829 237.30775452 120.45355988 26 25 23 255
176.49824524 220.74423218 120.45355988 4 4 4 255
176.49824524 220.74423218 120.45355988 5 4 2 255
176.49824524 220.74423218 120.45355988 4 4 4 255
191.16462708 213.88340759 120.45355988 1 1 1 255
191.16462708 213.88340759 120.45355988 2 2 0 255
205.83103943 220.74423218 120.45355988 22 21 17 255
205.83103943 220.74423218 120.45355988 17 16 14 255
211.90605164 237.30775452 120.45355988 33 23 14 255
211.90605164 237.30775452 120.45355988 47 46 44 255
205.83103943 253.87133789 123.90508270 102 93 84 255
191.16462708 260.73214722 123.90508270 109 101 90 255
176.49824524 253.87133789 123.90508270 63 59 48 255
170.42324829 237.30775452 123.90508270 36 35 33 255
176.49824524 220.74423218 123.90508270 13 9 6 255
176.49824524 220.74423218 123.90508270 8 6 7 255
191.16462708 213.88340759 123.90508270 4 4 4 255
205.83103943 220.74423218 123.90508270 30 26 23 255
211.90605164 237.30775452 123.90508270 40 33 25 255
191.16462708 237.30775452 120.37451172 6 10 9 255
193.96311951 240.46818542 135.71763611 69 62 56 255
191.16465759 241.77731323 135.71763611 96 89 83 255
191.16462708 237.30775452 137.07896423 45 31 20 255
188.36616516 240.46818542 135.71763611 76 66 56 255
187.20700073 237.30775452 135.71763611 44 34 24 255
188.36616516 234.14730835 135.71763611 66 57 50 255
188.36616516 234.14730835 135.71763611 19 9 0 255
191.16465759 232.83821106 135.71763611 48 39 32 255
193.96311951 234.14730835 135.71763611 30 21 14 255
195.12226868 237.30775452 135.71763611 50 37 28 255
199.07722473 258.88143921 123.90508270 70 63 55 255
199.07722473 258.88143921 120.45355988 131 122 113 255
183.25205994 258.88143921 123.90508270 59 49 39 255
183.25205994 258.88143921 120.45355988 0 0 0 255
183.25205994 258.88143921 120.45355988 46 40 28 255
172.06199646 246.24386597 123.90508270 63 60 53 255
172.06199646 246.24386597 120.45355988 48 44 41 255
172.06199646 246.24386597 120.45355988 4 4 4 255
172.06199646 228.37164307 123.90508270 26 25 23 255
172.06199646 228.37164307 120.45355988 23 22 18 255
172.06199646 228.37164307 120.45355988 11 10 8 255
183.25205994 215.73413086 123.90508270 7 6 4 255
183.25205994 215.73413086 120.45355988 8 7 5 255
183.25205994 215.73413086 120.45355988 12 12 12 255
199.07722473 215.73413086 123.90508270 16 15 13 255
199.07722473 215.73413086 120.45355988 22 21 19 255
199.07722473 215.73413086 120.45355988 16 15 13 255
210.26731873 228.37164307 123.90508270 55 51 48 255
210.26731873 228.37164307 120.45355988 3 0 0 255
210.26731873 228.37164307 120.45355988 50 47 42 255
210.26731873 246.24386597 123.90508270 55 46 37 255
210.26731873 246.24386597 120.45355988 53 43 34 255
210.26731873 246.24386597 120.45355988 7 4 0 255
-0.00004000 87.31855774 298.75439453 32 29 24 255
-0.00004000 57.96696472 298.75439453 0 0 0 255
-0.00004000 57.96696472 298.75439453 0 0 0 255
144.18928528 87.31903076 286.55517578 0 0 0 255
144.18928528 57.96651077 286.55517578 0 0 0 255
158.93608093 64.21221924 270.29519653 12 9 4 255
158.93608093 64.21221924 270.29519653 22 18 15 255
158.93408203 81.08235168 270.31130981 4 4 2 255
158.93408203 81.08235168 270.31130981 0 0 0 255
131.55657959 87.31072998 290.14483643 0 0 0 255
131.55657959 57.97478485 290.14483643 0 0 0 255
131.55657959 57.97478485 290.14483643 0 0 0 255
103.59516144 87.31762695 290.50564575 0 0 0 255
103.59516144 57.96791077 290.50564575 0 0 0 255
60.28377151 87.31916046 294.50094604 56 52 49 255
60.28377151 57.96637726 294.50094604 0 0 0 255
153.17999268 84.67948151 279.08901978 5 5 5 255
153.17999268 60.60604858 279.08901978 19 18 16 255
118.20281219 87.31123352 290.84951782 6 5 3 255
118.20281219 57.97431183 290.84951782 0 0 0 255
107.33149719 87.31526947 289.70431519 9 5 2 255
107.33149719 57.97027588 289.70431519 0 0 0 255
98.26152039 87.31987762 290.90057373 41 38 29 255
98.26152802 57.96566010 290.90057373 0 0 0 255
0.00000000 84.50878906 314.22290039 62 55 47 255
63.28276825 84.49897003 309.93157959 80 73 67 255
101.08384705 84.50853729 306.28198242 0 0 0 255
106.68630219 84.45519257 305.91046143 6 5 3 255
111.01248932 84.47436523 305.66192627 32 23 16 255
122.45841980 84.45642853 308.27423096 77 70 64 255
139.66268921 84.48784637 308.69152832 87 80 72 255
156.95991516 84.51920319 300.03173828 91 84 78 255
166.56733704 83.39788818 285.17767334 88 74 61 255
169.71702576 81.04681396 274.60809326 22 15 9 255
169.71989441 63.38829041 274.58984375 28 25 20 255
166.57408142 61.03274536 285.17730713 25 21 18 255
156.96638489 59.91306305 300.03750610 23 19 16 255
139.66423035 59.94452286 308.70013428 16 15 13 255
139.66423035 59.94452286 308.70013428 18 17 15 255
122.45642853 59.97509003 308.28240967 16 15 13 255
111.00969696 59.95634460 305.66870117 7 6 4 255
106.68534088 59.97418976 305.91619873 9 8 6 255
101.08490753 59.92194366 306.28842163 3 3 3 255
63.28366089 59.93230438 309.93899536 18 17 15 255
0.00000000 59.92272949 314.23040771 21 20 18 255
0.00000000 59.92272949 314.23040771 21 20 18 255
0.00000000 72.04235840 319.24136353 40 35 31 255
63.19990158 72.04248810 314.89877319 76 69 63 255
99.23300171 72.04222870 311.23321533 0 0 0 255
105.29505920 72.04440308 310.06790161 0 0 0 255
109.72868347 72.04266357 310.89733887 53 39 30 255
121.09040070 72.04312134 314.03274536 85 76 69 255
139.86282349 72.04248810 315.34274292 82 75 67 255
160.37440491 72.04237366 304.84713745 74 65 56 255
170.45718384 72.04148865 286.24212646 74 67 61 255
169.65582275 72.07716370 271.65005493 9 7 8 255
160.23536682 72.52813721 267.53894043 8 7 5 255
-144.18937683 87.31903076 286.55517578 0 0 0 255
-144.18937683 57.96651077 286.55517578 0 0 0 255
-158.93617249 64.21221924 270.29519653 19 15 12 255
-158.93617249 64.21221924 270.29519653 21 20 16 255
-158.93417358 81.08235168 270.31130981 0 0 0 255
-158.93417358 81.08235168 270.31130981 0 0 0 255
-131.55667114 87.31072998 290.14483643 1 1 1 255
-131.55667114 57.97478485 290.14483643 0 0 0 255
-131.55667114 57.97478485 290.14483643 0 0 0 255
-103.59523773 87.31762695 290.50564575 20 10 0 255
-103.59523773 57.96791077 290.50564575 0 0 0 255
-60.28385925 87.31916046 294.50094604 49 46 41 255
-60.28385925 57.96637726 294.50094604 0 0 0 255
-153.18008423 84.67948151 279.08901978 4 4 4 255
-153.18008423 60.60604858 279.08901978 19 18 16 255
-118.20291138 87.31123352 290.84951782 4 3 1 255
-118.20291138 57.97431183 290.84951782 0 0 0 255
-107.33158875 87.31526947 289.70431519 8 4 3 255
-107.33158875 57.97027588 289.70431519 1 1 1 255
-98.26159668 87.31987762 290.90057373 39 31 18 255
-98.26161957 57.96566010 290.90057373 0 0 0 255
-63.28276825 84.49897003 309.93157959 77 72 68 255
-101.08384705 84.50853729 306.28198242 0 0 0 255
-106.68630219 84.45519257 305.91046143 6 6 6 255
-111.01248932 84.47436523 305.66192627 40 31 22 255
-122.45841980 84.45642853 308.27423096 81 74 68 255
-139.66268921 84.48784637 308.69152832 84 77 71 255
-156.95991516 84.51920319 300.03173828 85 78 70 255
-166.56733704 83.39788818 285.17767334 93 75 61 255
-169.71702576 81.04681396 274.60809326 33 19 10 255
-169.71989441 63.38829041 274.58984375 6 5 3 255
-166.57408142 61.03274536 285.17730713 28 24 21 255
-156.96638489 59.91306305 300.03750610 19 18 14 255
-139.66423035 59.94452286 308.70013428 13 13 11 255
-139.66423035 59.94452286 308.70013428 14 13 11 255
-122.45642853 59.97509003 308.28240967 16 15 13 255
-111.00969696 59.95634460 305.66870117 9 8 6 255
-106.68534088 59.97418976 305.91619873 9 8 6 255
-101.08490753 59.92194366 306.28842163 3 3 1 255
-63.28366089 59.93230438 309.93899536 19 18 16 255
-63.19990158 72.04248810 314.89877319 50 44 32 255
-99.23300171 72.04222870 311.23321533 0 0 0 255
-105.29505920 72.04440308 310.06790161 0 0 0 255
-109.72868347 72.04266357 310.89733887 71 55 42 255
-121.09040070 72.04312134 314.03274536 48 39 30 255
-139.86282349 72.04248810 315.34274292 43 38 34 255
-160.37440491 72.04237366 304.84713745 51 44 36 255
-170.45718384 72.04148865 286.24212646 69 62 54 255
-169.65582275 72.07716370 271.65005493 9 4 0 255
-160.23547363 72.52813721 267.53894043 7 7 5 255
-138.09970093 57.97049713 288.28561401 0 0 0 255
-149.53207397 59.92822647 305.65875244 15 14 12 255
-151.39297485 72.04242706 311.35198975 83 76 68 255
-149.52798462 84.50409698 305.65164185 84 76 73 255
-138.09970093 87.31503296 288.28561401 2 2 2 255
138.68875122 57.97010803 288.11816406 0 0 0 255
149.43267822 59.92675781 305.64654541 17 16 12 255
151.44325256 72.04242706 311.71557617 27 18 13 255
149.42835999 84.50554657 305.63949585 67 60 54 255
138.68875122 87.31541443 288.11816406 0 0 0 255
-34.83003998 151.28828430 -319.21002197 84 76 65 255
-34.83003998 99.32773590 -321.83737183 9 4 0 255
35.06010818 151.28828430 -319.21002197 89 73 58 255
35.06010818 99.32773590 -321.83737183 14 13 11 255
35.06010818 99.78990936 -328.90881348 69 61 58 255
-34.83003998 99.78990936 -328.90881348 75 66 59 255
-34.83003998 151.75045776 -326.28143311 83 69 60 255
35.06010818 151.75045776 -326.28143311 63 50 41 255
36.88619995 147.52999878 -319.40005493 77 74 67 255
36.88619995 147.99217224 -326.47146606 62 55 47 255
-36.65613174 147.99217224 -326.47146606 61 53 42 255
-36.65613174 147.52999878 -319.40005493 59 46 37 255
36.88619995 103.45103455 -321.62893677 48 38 29 255
36.88619995 103.91320801 -328.70031738 70 63 55 255
-36.65613174 103.91320801 -328.70031738 44 35 28 255
-36.65613174 103.45103455 -321.62893677 71 57 44 255
0.32505801 129.71647644 305.29342651 29 30 22 255
-22.93531799 148.81063843 303.58813477 1 0 0 255
0.16252901 149.59866333 304.87341309 1 0 0 255
23.32780457 148.81063843 303.52590942 3 0 0 255
-22.10377121 121.59327698 303.18377686 19 15 12 255
0.29574001 109.38173676 305.33599854 16 16 14 255
-22.89219856 129.96166992 303.21774292 50 41 34 255
22.85411835 121.94317627 303.06915283 38 31 25 255
23.67717361 129.96166992 303.09323120 42 38 35 255
-17.01924896 115.27199554 303.88970947 31 27 26 255
16.39587212 115.41221619 303.92871094 33 29 26 255
-22.92197227 148.77943420 299.01330566 51 42 33 255
23.31445312 148.77943420 298.95098877 36 27 20 255
23.67717361 129.96166992 296.30505371 0 0 0 255
-22.89219856 129.96166992 296.42956543 0 0 0 255
-22.10377121 121.59327698 296.39562988 0 0 0 255
22.85411835 121.94317627 296.28094482 0 0 0 255
-17.01924896 115.27199554 297.10153198 0 0 0 255
0.29574001 109.38173676 298.54791260 3 3 3 255
0.29574001 109.38173676 298.54791260 0 0 0 255
16.39587212 115.41221619 297.14056396 0 0 0 255
0.00000000 162.79731750 304.44256592 56 47 38 255
0.00000000 162.86079407 300.69165039 85 71 58 255
0.00000000 158.97987366 309.16839600 85 78 72 255
0.00000000 153.38206482 308.63452148 14 13 11 255
-74.71400452 143.84184265 297.93908691 7 7 7 255
-85.87313843 129.51512146 296.93112183 28 23 19 255
-83.02806091 138.11851501 296.10272217 18 14 11 255
-93.89433289 129.73745728 295.90734863 38 29 22 255
-93.85573578 145.77526855 294.79235840 35 28 22 255
-81.76734161 155.13362122 297.16506958 42 33 24 255
-66.22727966 145.81117249 299.77426147 8 8 6 255
-42.82147980 148.29801941 302.87994385 8 7 5 255
-71.87763214 157.72001648 299.26278687 29 15 4 255
-46.34915924 160.78219604 302.70278931 23 9 0 255
-74.51425934 143.83241272 294.17129517 0 2 1 255
-66.08251190 145.77024841 296.02502441 63 49 38 255
-42.76460266 148.23837280 299.13168335 58 53 49 255
-82.94293976 138.08880615 292.25970459 67 58 51 255
-85.75314331 129.41738892 292.94464111 51 41 32 255
-93.95497131 129.66700745 292.08160400 39 34 30 255
-93.90097809 145.80802917 291.06207275 6 5 3 255
-81.68962860 155.23580933 293.40844727 1 1 1 255
-81.68962860 155.23580933 293.40844727 3 3 3 255
-71.78231812 157.80909729 295.50778198 41 31 22 255
-46.30076599 160.84989929 298.95288086 63 49 36 255
-45.39241791 157.02647400 307.50750732 82 79 74 255
-70.38640594 154.09416199 304.18731689 71 70 68 255
-79.86206055 151.68055725 302.19039917 66 65 63 255
-90.66601562 143.69633484 299.14297485 41 37 34 255
-91.57258606 124.72927856 296.23788452 22 16 16 255
-91.66971588 124.52114868 292.20748901 6 5 3 255
-91.66971588 124.52114868 292.20748901 11 10 8 255
-43.84627914 151.59980774 307.00592041 16 15 11 255
-67.90705872 148.93348694 303.76828003 16 15 13 255
-76.77595520 146.79794312 301.83642578 14 13 9 255
-85.45127106 140.48295593 299.00418091 28 25 20 255
-87.82327271 124.98969269 296.61230469 31 23 20 255
-87.88411713 124.70289612 292.53558350 3 0 0 255
-23.54499817 152.66854858 308.12066650 17 16 14 255
-24.40973663 158.20085144 308.64923096 81 76 72 255
-24.94897270 162.00035095 303.89636230 22 12 2 255
-24.92691803 162.06483459 300.14663696 99 93 79 255
74.71400452 143.84184265 297.93908691 8 8 8 255
85.87313843 129.51512146 296.93112183 28 23 19 255
83.02806091 138.11851501 296.10272217 19 15 12 255
93.89433289 129.73745728 295.90734863 8 4 1 255
93.85573578 145.77526855 294.79235840 43 39 36 255
81.76734161 155.13362122 297.16506958 47 34 25 255
66.22727966 145.81117249 299.77426147 7 7 5 255
42.82147980 148.29801941 302.87994385 8 7 5 255
71.87763214 157.72001648 299.26278687 13 9 0 255
46.34915924 160.78219604 302.70278931 22 12 2 255
74.51425934 143.83241272 294.17129517 0 1 0 255
66.08251190 145.77024841 296.02502441 84 72 58 255
42.76460266 148.23837280 299.13168335 58 53 49 255
82.94293976 138.08880615 292.25970459 6 0 0 255
85.75314331 129.41738892 292.94464111 11 7 4 255
93.95497131 129.66700745 292.08160400 40 30 21 255
93.90097809 145.80802917 291.06207275 38 34 31 255
81.68962860 155.23580933 293.40844727 1 1 1 255
81.68962860 155.23580933 293.40844727 1 1 1 255
71.78231812 157.80909729 295.50778198 74 67 59 255
46.30076599 160.84989929 298.95288086 99 89 79 255
45.39241791 157.02647400 307.50750732 77 73 70 255
70.38640594 154.09416199 304.18731689 71 70 68 255
79.86206055 151.68055725 302.19039917 66 65 63 255
90.66601562 143.69633484 299.14297485 41 40 38 255
91.57258606 124.72927856 296.23788452 22 18 15 255
91.66971588 124.52114868 292.20748901 19 15 12 255
91.66971588 124.52114868 292.20748901 12 11 9 255
43.84627914 151.59980774 307.00592041 15 14 10 255
67.90705872 148.93348694 303.76828003 15 14 10 255
76.77595520 146.79794312 301.83642578 14 13 11 255
85.45127106 140.48295593 299.00418091 28 24 21 255
87.82327271 124.98969269 296.61230469 30 23 17 255
87.88411713 124.70289612 292.53558350 54 49 45 255
23.54499817 152.66854858 308.12066650 15 14 12 255
24.40973663 158.20085144 308.64923096 80 77 72 255
24.94897270 162.00035095 303.89636230 29 19 9 255
24.92691803 162.06483459 300.14663696 105 101 89 255
-108.44344330 99.20635223 -330.87603760 44 34 24 255
-125.20748138 99.20635223 -330.87603760 63 55 52 255
-108.44344330 99.20635223 -324.95712280 7 7 5 255
-125.20745087 99.20635223 -324.95712280 5 5 5 255
-127.42616272 89.87069702 -324.89328003 1 0 0 255
-127.42616272 89.38771057 -334.49234009 61 53 50 255
-106.22476959 89.38771057 -334.49230957 44 37 31 255
-106.22473145 89.87069702 -324.89318848 3 1 2 255
-129.63034058 58.41622162 -319.53265381 1 1 1 255
-129.63034058 58.41622162 -319.53265381 0 0 0 255
-129.63038635 58.41622162 -334.19546509 19 14 10 255
-104.02055359 58.41622162 -319.53268433 0 0 0 255
-104.02055359 58.41622162 -319.53268433 0 0 0 255
-104.02053833 58.41622162 -334.19555664 18 15 10 255
-116.47698975 97.56295013 -335.76010132 54 44 32 255
-116.40454102 52.82545471 -319.53265381 0 0 0 255
-104.02055359 70.93124390 -324.92782593 0 0 0 255
-104.02053833 70.93124390 -339.62728882 57 50 40 255
-129.63038635 70.93124390 -339.62722778 60 51 44 255
-129.63034058 70.93124390 -324.92782593 0 0 0 255
-116.41588593 75.09873199 -342.87091064 79 72 64 255
-116.40454865 65.56185150 -342.57922363 46 43 38 255
-119.78566742 102.99371338 -324.95712280 13 9 8 255
-119.53882599 103.16614532 -331.70086670 62 55 47 255
-113.69139099 103.17372894 -324.95712280 20 19 15 255
-113.54776001 103.06514740 -331.67980957 77 67 57 255
-121.18388367 54.84575272 -337.10943604 20 17 12 255
-113.13767242 54.30028534 -337.55462646 16 12 9 255
108.44344330 99.20635223 -330.87603760 53 46 40 255
125.20748138 99.20635223 -330.87603760 44 37 29 255
108.44344330 99.20635223 -324.95712280 10 7 0 255
125.20745087 99.20635223 -324.95712280 4 3 0 255
127.42616272 89.87069702 -324.89328003 4 4 4 255
127.42616272 89.38771057 -334.49234009 37 30 22 255
106.22476959 89.38771057 -334.49230957 72 65 57 255
106.22473145 89.87069702 -324.89318848 13 8 4 255
129.63034058 58.41622162 -319.53265381 1 1 1 255
129.63034058 58.41622162 -319.53265381 0 0 0 255
129.63038635 58.41622162 -334.19546509 25 20 16 255
104.02055359 58.41622162 -319.53268433 0 0 0 255
104.02055359 58.41622162 -319.53268433 0 0 0 255
104.02053833 58.41622162 -334.19555664 20 16 13 255
116.47698975 97.56295013 -335.76010132 62 54 41 255
116.40454102 52.82545471 -319.53265381 1 1 1 255
104.02055359 70.93124390 -324.92782593 0 0 0 255
104.02053833 70.93124390 -339.62728882 73 66 60 255
129.63038635 70.93124390 -339.62722778 64 57 49 255
129.63034058 70.93124390 -324.92782593 3 3 3 255
116.41483307 74.71328735 -342.99291992 77 70 62 255
116.40454865 65.47719574 -342.55386353 50 47 42 255
119.79170227 102.98950958 -331.66406250 83 74 69 255
120.40899658 102.55828857 -324.95712280 7 6 4 255
112.46893311 102.24957275 -331.50991821 91 84 76 255
112.46893311 102.24957275 -324.95712280 11 8 3 255
120.41133118 54.51918411 -337.37597656 16 15 11 255
112.89476776 54.40994263 -337.46514893 15 11 8 255
89.16956329 107.15033722 307.14483643 40 31 24 255
105.93359375 107.15033722 307.14483643 62 52 43 255
89.16956329 107.15033722 301.22595215 6 6 6 255
105.93359375 107.15033722 301.22595215 2 1 0 255
108.15228271 97.81466675 301.16213989 6 2 0 255
108.15228271 97.33168030 310.08850098 79 73 61 255
86.95089722 97.33168030 310.08850098 39 32 24 255
86.95086670 97.81466675 301.16210938 1 1 1 255
110.35646057 59.89131927 295.80145264 1 1 1 255
110.35646057 59.89131927 295.80145264 0 0 0 255
110.35647583 59.89131927 310.46429443 18 13 9 255
84.74666595 59.89131927 295.80151367 0 0 0 255
84.74666595 59.89131927 295.80151367 0 0 0 255
84.74665833 59.89131927 310.46438599 22 19 14 255
97.15222168 105.50441742 311.35452271 56 46 36 255
97.06918335 54.30056000 295.80145264 1 1 1 255
110.35646057 72.42236328 301.19665527 1 1 1 255
110.35647583 72.42236328 315.89605713 61 58 53 255
84.74665833 72.42236328 315.89605713 54 45 38 255
84.74666595 72.42236328 301.19665527 0 0 0 255
100.94480896 110.61421204 301.22595215 6 6 4 255
100.75781250 110.74404144 307.89276123 100 91 84 255
93.17088318 110.19197845 301.22595215 10 10 10 255
94.19129944 110.96766663 307.93930054 75 68 60 255
97.06921387 67.25231934 318.90667725 49 44 40 255
97.08156586 77.34686279 319.10144043 77 70 64 255
101.02638245 55.96558380 313.66644287 15 14 12 255
92.83312225 56.22247314 313.45693970 15 14 12 255
-89.16956329 107.15033722 307.14483643 57 50 44 255
-105.93360138 107.15033722 307.14483643 48 38 28 255
-89.16956329 107.15033722 301.22595215 7 3 0 255
-105.93359375 107.15033722 301.22595215 1 0 0 255
-108.15228271 97.81466675 301.16213989 5 7 6 255
-108.15228271 97.33168030 310.08850098 47 40 34 255
-86.95088959 97.33168030 310.08850098 49 42 34 255
-86.95085907 97.81466675 301.16210938 9 8 6 255
-110.35646057 59.89131927 295.80145264 0 0 0 255
-110.35646057 59.89131927 295.80145264 0 0 0 255
-110.35646820 59.89131927 310.46429443 16 12 9 255
-84.74665833 59.89131927 295.80151367 1 1 1 255
-84.74665833 59.89131927 295.80151367 0 0 0 255
-84.74665070 59.89131927 310.46438599 22 17 13 255
-97.15222168 105.50441742 311.35452271 52 43 34 255
-97.06918335 54.30056000 295.80145264 1 1 1 255
-110.35646057 72.42236328 301.19665527 0 0 0 255
-110.35646820 72.42236328 315.89605713 63 55 52 255
-84.74665070 72.42236328 315.89605713 51 42 33 255
-84.74665833 72.42236328 301.19665527 0 0 0 255
-100.43157196 110.97055054 307.93988037 85 76 69 255
-100.93584442 110.62042236 301.22595215 6 5 3 255
-94.06646729 110.87277222 307.91955566 93 86 80 255
-93.17088318 110.19197845 301.22595215 3 2 0 255
-97.06919861 66.58989716 318.70812988 49 46 41 255
-97.08283234 77.85369110 318.96200562 71 66 60 255
-101.77890778 56.28221893 313.40817261 16 15 11 255
-92.73564911 56.26670074 313.42086792 19 15 12 255
73.29373169 247.98884583 132.69493103 69 62 56 255
73.29701233 252.71430969 130.01016235 106 95 89 255
-42.02101135 249.94882202 135.22578430 70 62 59 255
-42.01777649 254.67431641 132.54104614 91 82 77 255
-42.12155914 247.70849609 132.59643555 31 27 24 255
-42.12155914 247.70849609 132.59643555 32 28 27 255
-42.11833191 252.43394470 129.91165161 87 83 82 255
-42.11833191 252.43394470 129.91165161 50 45 41 255
73.19322205 245.74842834 130.06547546 15 11 8 255
73.19322205 245.74842834 130.06547546 21 17 16 255
73.19647217 250.47392273 127.38072205 78 70 67 255
73.19647217 250.47392273 127.38072205 67 62 58 255
-6.43669510 257.60882568 133.84671021 118 108 99 255
-6.44155121 250.50946045 137.88015747 80 72 69 255
-6.54210997 248.26890564 135.25074768 10 10 10 255
-6.53725100 255.36851501 131.21734619 124 111 103 255
38.53045273 256.84457397 132.85980225 118 100 88 255
38.52560806 249.74511719 136.89329529 32 24 21 255
38.42503738 247.50469971 134.26388550 5 5 5 255
38.42990494 254.60420227 130.23039246 103 85 73 255
70.94932556 245.24316406 127.84151459 8 7 5 255
70.94932556 245.24316406 127.84151459 14 10 9 255
70.95104980 247.69586182 126.44812012 17 6 0 255
70.95104980 247.69586182 126.44812012 23 19 16 255
70.95104980 247.69586182 126.44812012 34 23 17 255
37.49666214 247.54806519 131.68669128 5 5 5 255
37.49917984 251.23283386 129.59321594 71 62 57 255
37.49917984 251.23283386 129.59321594 50 40 38 255
-5.77485323 248.28353882 132.63636780 3 3 3 255
-5.77233124 251.96833801 130.54290771 72 63 58 255
-5.77233124 251.96833801 130.54290771 62 51 45 255
-40.01708221 247.12934875 130.27699280 26 25 23 255
-40.01708221 247.12934875 130.27699280 24 21 16 255
-40.01541138 249.58204651 128.88352966 28 22 24 255
-40.01541138 249.58204651 128.88352966 27 22 19 255
-40.01541138 249.58204651 128.88352966 26 22 21 255
91.09675598 223.56106567 138.51330566 23 19 16 255
93.02990723 228.44935608 136.36474609 36 29 21 255
27.40432739 254.48956299 138.10493469 86 73 64 255
28.76619720 257.93328857 136.59124756 177 156 139 255
26.64570618 252.99334717 135.26098633 13 6 0 255
26.64570618 252.99334717 135.26098633 4 0 0 255
26.64570618 252.99334717 135.26098633 2 3 5 255
28.00757599 256.43707275 133.74737549 66 53 44 255
28.00757599 256.43707275 133.74737549 27 31 34 255
90.45237732 222.62884521 136.55628967 4 3 1 255
90.45237732 222.62884521 136.55628967 8 7 5 255
92.38557434 227.51722717 134.40769958 35 34 30 255
92.38557434 227.51722717 134.40769958 48 44 41 255
84.35708618 236.66770935 137.94445801 96 89 81 255
80.76820374 227.59275818 141.93325806 27 19 16 255
79.43249512 224.99517822 136.98106384 22 17 13 255
79.43249512 224.99517822 136.98106384 14 9 5 255
83.02091980 234.06900024 132.99275208 55 42 33 255
90.75947571 231.58113098 136.76281738 76 69 61 255
87.86135101 224.25277710 139.98388672 32 27 21 255
87.27124023 222.54603577 136.78736877 4 4 2 255
87.27124023 222.54603577 136.78736877 6 6 6 255
87.27124023 222.54603577 136.78736877 11 7 4 255
90.13653564 229.79132080 133.60273743 42 32 23 255
30.64095306 257.79754639 136.33802795 104 86 72 255
28.78727722 253.11032104 138.39828491 67 54 46 255
28.00859070 251.56686401 135.46771240 15 14 12 255
28.00859070 251.56686401 135.46771240 5 5 5 255
29.86238098 256.25439453 133.40737915 86 72 61 255
89.31796265 227.93598938 138.36499023 48 38 26 255
92.62785339 225.74214172 137.40884399 40 31 22 255
91.98352051 224.81001282 135.45178223 18 15 10 255
91.98352051 224.81001282 135.45178223 19 18 16 255
88.71134186 226.18748474 135.18679810 28 23 19 255
81.23601532 229.55567932 134.97656250 9 11 10 255
28.94028473 253.92277527 134.43218994 41 36 32 255
26.72771454 255.02873230 134.52407837 78 61 45 255
26.72771454 255.02873230 134.52407837 74 65 58 255
27.48630524 256.52490234 137.36796570 126 108 94 255
29.71892548 255.46609497 137.36279297 67 55 43 255
82.57197571 232.15379333 139.92852783 63 47 34 255
37.06478882 255.61441040 137.07051086 125 120 114 255
36.04188538 253.02790833 138.20738220 58 50 39 255
35.00830078 250.41433716 139.35617065 75 66 57 255
34.16929626 248.74504089 136.18919373 3 2 0 255
34.16929626 248.74504089 136.18919373 5 4 2 255
35.20300293 251.35884094 135.04032898 6 5 3 255
36.22600555 253.94564819 133.90333557 81 72 63 255
76.69024658 234.83998108 139.78387451 72 56 41 255
78.37869263 239.10948181 137.90724182 172 167 163 255
77.10561371 236.62872314 133.18190002 48 39 30 255
75.41732025 232.35969543 135.05828857 30 23 17 255
73.71145630 228.04608154 136.95428467 15 11 8 255
73.71145630 228.04608154 136.95428467 12 11 9 255
74.98416138 230.52593994 141.68006897 35 30 24 255
179.90954590 199.33877563 -69.78102875 51 43 32 255
182.96557617 195.35032654 -68.16015625 87 80 72 255
185.22512817 190.70619202 -69.78102875 56 52 49 255
186.14779663 188.95666504 -74.40115356 29 28 26 255
184.99649048 190.65177917 -78.59825897 38 37 33 255
182.36196899 194.85791016 -80.33676147 34 29 25 255
179.78753662 199.11123657 -78.59825897 44 39 35 255
178.78121948 200.92016602 -74.40115356 33 26 18 255
174.58459473 196.03904724 -68.99369049 5 12 18 255
174.58459473 196.03904724 -68.99369049 22 17 13 255
177.58261108 191.21205139 -67.61346436 19 18 16 255
180.62145996 186.23512268 -68.99369049 85 76 69 255
180.62145996 186.23512268 -68.99369049 72 59 50 255
181.72201538 184.19694519 -74.30371094 16 12 9 255
180.40286255 186.13912964 -79.11274719 25 24 22 255
180.40286255 186.13912964 -79.11274719 25 24 20 255
177.38421631 190.95852661 -81.10471344 36 31 27 255
174.43444824 195.83200073 -79.11274719 35 31 28 255
174.43444824 195.83200073 -79.11274719 39 35 32 255
173.28137207 197.90466309 -74.30371094 38 37 33 255
176.47006226 193.80525208 -40.29330826 30 14 0 255
177.30267334 191.11254883 -39.75721741 151 130 113 255
175.29901123 192.83166504 -43.60730743 40 37 32 255
175.29901123 192.83166504 -43.60730743 35 25 16 255
175.95065308 190.04090881 -43.13353729 1 0 0 255
179.27780151 189.30426025 -40.36095428 16 13 8 255
178.08596802 188.36410522 -43.67440414 39 34 28 255
178.08596802 188.36410522 -43.67440414 45 41 38 255
182.97302246 195.45428467 -66.67779541 89 82 74 255
184.52960205 191.76296997 -66.84603882 67 64 59 255
181.04342651 188.93475342 -65.79450989 7 0 0 255
181.04342651 188.93475342 -65.79450989 2 2 2 255
179.32766724 192.59213257 -63.81370163 22 21 19 255
177.00051880 195.52589417 -65.79450989 54 34 10 255
177.00051880 195.52589417 -65.79450989 57 47 37 255
180.52572632 198.29054260 -66.84603882 89 76 67 255
181.16430664 198.79211426 -51.30936813 59 51 40 255
183.60989380 196.02693176 -51.30382156 90 83 75 255
185.08258057 192.40193176 -51.30836487 57 50 44 255
181.68585205 189.73510742 -51.21723557 76 69 63 255
181.68585205 189.73510742 -51.21723557 55 47 36 255
179.79721069 193.02345276 -51.12561798 31 27 24 255
177.80596924 196.06266785 -51.21822357 61 54 48 255
177.80596924 196.06266785 -51.21822357 53 43 33 255
186.48989868 189.96656799 -74.42174530 36 31 27 255
185.43478394 191.52001953 -78.26812744 45 42 35 255
183.02041626 195.37467957 -79.86134338 69 60 53 255
180.66113281 199.27261353 -78.26812744 97 92 86 255
179.73889160 200.93032837 -74.42174530 89 84 80 255
180.81393433 199.39257812 -70.57599640 56 44 32 255
183.32821655 195.61618042 -68.98593903 74 67 59 255
185.58767700 191.63998413 -70.57599640 53 48 44 255
177.20352173 195.12545776 -40.99129486 65 51 40 255
178.79013062 192.27386475 -40.60382462 60 46 35 255
180.64193726 189.61367798 -41.07408905 19 12 6 255
179.33044434 188.57824707 -44.53842163 44 35 26 255
179.33044434 188.57824707 -44.53842163 48 41 35 255
177.11224365 190.94393921 -44.21164322 16 15 13 255
175.91992188 194.04527283 -44.45630646 54 49 43 255
175.91992188 194.04527283 -44.45630646 64 50 39 255
178.84988403 197.64863586 -66.59197235 37 29 26 255
179.73474121 198.28112793 -51.28300095 37 28 21 255
175.50323486 193.29696655 -40.78385925 89 86 81 255
175.50323486 193.29696655 -40.78385925 75 57 43 255
176.18417358 190.23204041 -40.16283035 8 7 5 255
176.18417358 190.23204041 -40.16283035 7 3 0 255
178.53155518 188.44259644 -40.85677719 59 47 35 255
178.53155518 188.44259644 -40.85677719 66 56 46 255
184.19107056 191.01358032 -51.28186417 21 20 16 255
183.44781494 190.15260315 -66.59197235 23 19 16 255
184.12463379 188.75590515 -69.59581757 29 25 22 255
184.88366699 187.31462097 -74.35255432 25 24 22 255
183.64807129 189.13389587 -78.85707092 35 34 30 255
180.82058716 193.64816284 -80.72290802 49 46 41 255
178.05752563 198.21296692 -78.85707092 53 50 45 255
176.97756958 200.15435791 -74.35255432 47 46 42 255
177.91143799 198.84629822 -69.59581757 48 43 39 255
175.60482788 181.40335083 -73.72311401 0 0 0 255
174.54397583 182.96520996 -77.59029388 0 0 0 255
174.54397583 182.96520996 -77.59029388 0 0 0 255
172.11654663 186.84078979 -79.19213104 0 0 0 255
169.74444580 190.75971985 -77.59029388 0 0 0 255
169.74444580 190.75971985 -77.59029388 0 0 0 255
168.81729126 192.42642212 -73.72311401 0 0 0 255
169.87307739 190.87277222 -69.85594177 0 0 0 255
169.87307739 190.87277222 -69.85594177 1 1 1 255
172.27536011 187.03807068 -68.93979645 0 0 0 255
174.67251587 183.07826233 -69.85594177 0 0 0 255
174.67251587 183.07826233 -69.85594177 0 0 0 255
181.38912964 198.37423706 -77.29351044 112 96 83 255
183.14501953 195.47323608 -78.47927856 116 100 87 255
184.94195557 192.60438538 -77.29351044 145 127 113 255
185.72720337 191.44818115 -74.43082428 69 59 49 255
185.04089355 192.68206787 -71.56814575 78 68 58 255
183.28494263 195.58311462 -70.38238525 108 99 90 255
181.48800659 198.45182800 -71.56815338 101 85 72 255
180.70275879 199.60807800 -74.43083191 97 83 72 255
180.29394531 188.74919128 -41.92110825 6 6 6 255
176.37997437 195.02328491 -41.82685471 36 31 25 255
179.21194458 197.49015808 -45.69705963 41 35 23 255
177.22442627 195.28186035 -46.72268295 78 59 44 255
177.22442627 195.28186035 -46.72268295 63 56 48 255
178.83218384 192.28021240 -46.01170731 25 21 18 255
180.80563354 189.45709229 -46.74688339 38 29 20 255
180.80563354 189.45709229 -46.74688339 50 34 21 255
183.32330322 190.80310059 -45.72483826 18 15 10 255
184.05990601 192.01087952 -45.57525635 45 35 25 255
182.48385620 195.15399170 -45.27225494 79 72 66 255
180.44674683 197.88766479 -45.55086517 55 45 36 255
182.45932007 194.93803406 -74.43082428 91 81 72 255
181.21051025 196.88470459 -76.38880157 60 55 51 255
182.41146851 194.90049744 -77.19981384 21 20 18 255
183.64050293 192.93833923 -76.38880157 21 16 12 255
184.17758179 192.14753723 -74.43082428 15 7 4 255
183.70819092 192.99145508 -72.47286224 11 8 3 255
182.50717163 194.97561646 -71.66184235 12 12 10 255
181.27813721 196.93775940 -72.47286224 44 34 25 255
180.74108887 197.72854614 -74.43083191 58 50 47 255
-179.90954590 199.33877563 -69.78102875 51 43 32 255
-182.96557617 195.35032654 -68.16015625 87 80 72 255
-185.22512817 190.70619202 -69.78102875 56 52 49 255
-186.14779663 188.95666504 -74.40115356 29 28 26 255
-184.99649048 190.65177917 -78.59825897 38 37 33 255
-182.36196899 194.85791016 -80.33676147 34 29 25 255
-179.78753662 199.11123657 -78.59825897 44 39 35 255
-178.78121948 200.92016602 -74.40115356 33 26 18 255
-174.58459473 196.03904724 -68.99369049 22 17 13 255
-174.58459473 196.03904724 -68.99369049 5 12 18 255
-177.58261108 191.21205139 -67.61346436 19 18 16 255
-180.62145996 186.23512268 -68.99369049 72 59 50 255
-180.62145996 186.23512268 -68.99369049 85 76 69 255
-181.72201538 184.19694519 -74.30371094 16 12 9 255
-180.40286255 186.13912964 -79.11274719 25 24 20 255
-180.40286255 186.13912964 -79.11274719 25 24 22 255
-177.38421631 190.95852661 -81.10471344 36 31 27 255
-174.43444824 195.83200073 -79.11274719 35 31 28 255
-174.43444824 195.83200073 -79.11274719 39 35 32 255
-173.28137207 197.90466309 -74.30371094 38 37 33 255
-176.47006226 193.80525208 -40.29330826 30 14 0 255
-177.30267334 191.11254883 -39.75721741 151 130 113 255
-175.29901123 192.83166504 -43.60730743 40 37 32 255
-175.29901123 192.83166504 -43.60730743 35 25 16 255
-175.95065308 190.04090881 -43.13353729 1 0 0 255
-179.27780151 189.30426025 -40.36095428 16 13 8 255
-178.08596802 188.36410522 -43.67440414 45 41 38 255
-178.08596802 188.36410522 -43.67440414 39 34 28 255
-182.97302246 195.45428467 -66.67779541 89 82 74 255
-184.52960205 191.76296997 -66.84603882 67 64 59 255
-181.04342651 188.93475342 -65.79450989 7 0 0 255
-181.04342651 188.93475342 -65.79450989 2 2 2 255
-179.32766724 192.59213257 -63.81370163 22 21 19 255
-177.00051880 195.52589417 -65.79450989 57 47 37 255
-177.00051880 195.52589417 -65.79450989 54 34 10 255
-180.52572632 198.29054260 -66.84603882 89 76 67 255
-181.16430664 198.79211426 -51.30936813 59 51 40 255
-183.60989380 196.02693176 -51.30382156 90 83 75 255
-185.08258057 192.40193176 -51.30836487 57 50 44 255
-181.68585205 189.73510742 -51.21723557 76 69 63 255
-181.68585205 189.73510742 -51.21723557 55 47 36 255
-179.79721069 193.02345276 -51.12561798 31 27 24 255
-177.80596924 196.06266785 -51.21822357 61 54 48 255
-177.80596924 196.06266785 -51.21822357 53 43 33 255
-186.48989868 189.96656799 -74.42174530 36 31 27 255
-185.43478394 191.52001953 -78.26812744 45 42 35 255
-183.02041626 195.37467957 -79.86134338 69 60 53 255
-180.66113281 199.27261353 -78.26812744 97 92 86 255
-179.73889160 200.93032837 -74.42174530 89 84 80 255
-180.81393433 199.39257812 -70.57599640 56 44 32 255
-183.32821655 195.61618042 -68.98593903 74 67 59 255
-185.58767700 191.63998413 -70.57599640 53 48 44 255
-177.20352173 195.12545776 -40.99129486 65 51 40 255
-178.79013062 192.27386475 -40.60382462 60 46 35 255
-180.64193726 189.61367798 -41.07408905 19 12 6 255
-179.33044434 188.57824707 -44.53842163 44 35 26 255
-179.33044434 188.57824707 -44.53842163 48 41 35 255
-177.11224365 190.94393921 -44.21164322 16 15 13 255
-175.91992188 194.04527283 -44.45630646 54 49 43 255
-175.91992188 194.04527283 -44.45630646 64 50 39 255
-178.84988403 197.64863586 -66.59197235 37 29 26 255
-179.73474121 198.28112793 -51.28300095 37 28 21 255
-175.50323486 193.29696655 -40.78385925 75 57 43 255
-175.50323486 193.29696655 -40.78385925 89 86 81 255
-176.18417358 190.23204041 -40.16283035 7 3 0 255
-176.18417358 190.23204041 -40.16283035 8 7 5 255
-178.53155518 188.44259644 -40.85677719 66 56 46 255
-178.53155518 188.44259644 -40.85677719 59 47 35 255
-184.19107056 191.01358032 -51.28186417 21 20 16 255
-183.44781494 190.15260315 -66.59197235 23 19 16 255
-184.12463379 188.75590515 -69.59581757 29 25 22 255
-184.88366699 187.31462097 -74.35255432 25 24 22 255
-183.64807129 189.13389587 -78.85707092 35 34 30 255
-180.82058716 193.64816284 -80.72290802 49 46 41 255
-178.05752563 198.21296692 -78.85707092 53 50 45 255
-176.97756958 200.15435791 -74.35255432 47 46 42 255
-177.91143799 198.84629822 -69.59581757 48 43 39 255
-175.60482788 181.40335083 -73.72311401 0 0 0 255
-174.54397583 182.96520996 -77.59029388 0 0 0 255
-174.54397583 182.96520996 -77.59029388 0 0 0 255
-172.11654663 186.84078979 -79.19213104 0 0 0 255
-169.74444580 190.75971985 -77.59029388 0 0 0 255
-169.74444580 190.75971985 -77.59029388 0 0 0 255
-168.81729126 192.42642212 -73.72311401 0 0 0 255
-169.87307739 190.87277222 -69.85594177 1 1 1 255
-169.87307739 190.87277222 -69.85594177 0 0 0 255
-172.27536011 187.03807068 -68.93979645 0 0 0 255
-174.67251587 183.07826233 -69.85594177 0 0 0 255
-174.67251587 183.07826233 -69.85594177 0 0 0 255
-181.38912964 198.37423706 -77.29351044 112 96 83 255
-183.14501953 195.47323608 -78.47927856 116 100 87 255
-184.94195557 192.60438538 -77.29351044 145 127 113 255
-185.72720337 191.44818115 -74.43082428 69 59 49 255
-185.04089355 192.68206787 -71.56814575 78 68 58 255
-183.28494263 195.58311462 -70.38238525 108 99 90 255
-181.48800659 198.45182800 -71.56815338 101 85 72 255
-180.70275879 199.60807800 -74.43083191 97 83 72 255
-180.29394531 188.74919128 -41.92110825 6 6 6 255
-176.37997437 195.02328491 -41.82685471 36 31 25 255
-179.21194458 197.49015808 -45.69705963 41 35 23 255
-177.22442627 195.28186035 -46.72268295 63 56 48 255
-177.22442627 195.28186035 -46.72268295 78 59 44 255
-178.83218384 192.28021240 -46.01170731 25 21 18 255
-180.80563354 189.45709229 -46.74688339 38 29 20 255
-180.80563354 189.45709229 -46.74688339 50 34 21 255
-183.32330322 190.80310059 -45.72483826 18 15 10 255
-184.05990601 192.01087952 -45.57525635 45 35 25 255
-182.48385620 195.15399170 -45.27225494 79 72 66 255
-180.44674683 197.88766479 -45.55086517 55 45 36 255
-182.45932007 194.93803406 -74.43082428 91 81 72 255
-181.21051025 196.88470459 -76.38880157 60 55 51 255
-182.41146851 194.90049744 -77.19981384 21 20 18 255
-183.64050293 192.93833923 -76.38880157 21 16 12 255
-184.17758179 192.14753723 -74.43082428 15 7 4 255
-183.70819092 192.99145508 -72.47286224 11 8 3 255
-182.50717163 194.97561646 -71.66184235 12 12 10 255
-181.27813721 196.93775940 -72.47286224 44 34 25 255
-180.74108887 197.72854614 -74.43083191 58 50 47 255
-25.93126678 57.96671295 296.92474365 0 0 0 255
-28.92306328 59.92710114 312.86666870 19 18 16 255
-28.84189034 72.04241943 317.85717773 63 55 52 255
-28.92216873 84.50429535 312.85922241 81 74 68 255
-25.93126678 87.31881714 296.92474365 53 49 46 255
28.34265900 57.96669006 296.75463867 0 0 0 255
28.34930420 59.92701721 312.90554810 19 18 16 255
28.34716797 72.04241180 317.89117432 36 31 27 255
28.34930420 84.50438690 312.89810181 82 75 69 255
28.34265900 87.31884003 296.75463867 52 48 45 255
-137.66690063 133.49708557 -340.78295898 89 34 27 255
-130.53529358 136.27911377 -319.43182373 10 11 13 255
-167.14794922 136.53448486 -319.39782715 12 5 0 255
-160.72920227 133.65350342 -340.80505371 82 34 24 255
137.35502625 134.47027588 -340.91702271 89 36 28 255
130.49476624 135.38572693 -319.42980957 29 33 36 255
167.22129822 134.85121155 -319.39233398 14 11 6 255
160.80560303 134.04704285 -340.85931396 90 34 19 255
-0.00000000 309.31246948 -192.33354187 20 26 24 255
92.44430542 306.03137207 -182.28663635 34 31 26 255
67.00164032 308.10662842 -187.18025208 8 17 16 255
32.78269958 309.07589722 -190.51733398 14 23 22 255
93.32521820 260.46136475 -207.26916504 11 22 16 255
-0.00000000 244.42727661 -228.13854980 1 4 0 255
34.90674591 243.48838806 -226.35696411 32 18 7 255
32.44287491 320.29302979 -182.20675659 18 11 3 255
-0.00000000 321.22961426 -183.41006470 20 19 15 255
66.29319000 319.04940796 -179.13652039 3 0 0 255
91.56470490 315.43981934 -175.55221558 99 92 84 255
80.99699402 318.33306885 -176.02853394 105 101 98 255
96.93682861 309.93240356 -177.28689575 92 74 60 255
97.83625793 304.93096924 -180.43075562 132 118 109 255
100.26837921 259.52603149 -205.32598877 42 32 23 255
98.55028534 291.04022217 -188.05920410 34 30 27 255
70.44317627 243.41065979 -222.48286438 62 48 37 255
90.60096741 243.31546021 -217.44119263 12 7 1 255
93.62310028 245.05175781 -215.71705627 17 13 10 255
98.55092621 247.77743530 -212.72305298 3 0 0 255
-0.00000200 339.20989990 84.76436615 9 18 17 255
114.74474335 327.51748657 70.51242065 11 20 19 255
85.16571045 332.78695679 77.02202606 18 24 20 255
43.76779175 336.64273071 81.91394806 15 21 19 255
125.14003754 324.85992432 67.84545898 34 35 29 255
47.39977264 242.53411865 132.32229614 21 20 16 255
-0.00000000 246.03245544 134.83203125 0 1 0 255
94.97727203 236.51696777 127.60514069 20 19 15 255
-0.00000000 345.71524048 79.27376556 2 3 5 255
42.96275711 343.14306641 76.84502411 29 28 24 255
84.01537323 339.62207031 72.17942047 4 3 0 255
113.55088043 334.58401489 65.88714600 1 0 0 255
131.62641907 228.55824280 120.20662689 40 35 29 255
123.60379028 332.42010498 62.87681580 12 7 3 255
128.36820984 328.58950806 62.63926697 53 45 42 255
131.08166504 321.98800659 65.64044952 22 19 14 255
140.77244568 226.95213318 117.23361969 113 106 100 255
144.33044434 227.99653625 114.53956604 115 97 83 255
146.16880798 235.41706848 109.00481415 109 99 89 255
-92.44430542 306.03137207 -182.28663635 17 23 21 255
-67.00164032 308.10662842 -187.18025208 17 23 21 255
-32.78269958 309.07589722 -190.51733398 12 21 20 255
-93.32521820 260.46136475 -207.26916504 10 19 18 255
-34.90674591 243.48838806 -226.35696411 13 9 0 255
-32.44287491 320.29302979 -182.20675659 13 10 3 255
-66.29319000 319.04940796 -179.13652039 16 15 11 255
-91.56470490 315.43981934 -175.55221558 62 61 57 255
-80.99699402 318.33306885 -176.02853394 104 101 94 255
-96.93682861 309.93240356 -177.28689575 56 52 53 255
-97.83625793 304.93096924 -180.43075562 4 3 0 255
-100.26837921 259.52603149 -205.32598877 3 0 0 255
-98.55028534 291.04022217 -188.05920410 3 0 0 255
-70.44317627 243.41065979 -222.48286438 36 26 16 255
-90.60096741 243.31546021 -217.44119263 3 0 0 255
-93.62310028 245.05175781 -215.71705627 24 21 16 255
-98.55092621 247.77743530 -212.72305298 4 0 0 255
-114.74474335 327.51748657 70.51242065 6 16 17 255
-85.16571045 332.78695679 77.02202606 18 24 22 255
-43.76779175 336.64273071 81.91394806 15 21 19 255
-125.14003754 324.85992432 67.84545898 16 21 17 255
-47.39977264 242.53411865 132.32229614 28 21 13 255
-94.97727203 236.51696777 127.60514069 34 27 17 255
-42.96275711 343.14306641 76.84502411 7 9 8 255
-84.01537323 339.62207031 72.17942047 1 0 0 255
-113.55088043 334.58401489 65.88714600 21 18 13 255
-131.62641907 228.55824280 120.20662689 5 2 0 255
-123.60379028 332.42010498 62.87681580 26 19 13 255
-128.36820984 328.58950806 62.63926697 14 11 4 255
-131.08166504 321.98800659 65.64044952 10 11 5 255
-140.77244568 226.95213318 117.23361969 68 67 65 255
-144.33044434 227.99653625 114.53956604 13 5 0 255
-146.16880798 235.41706848 109.00481415 0 0 0 255
137.99623108 306.89138794 -37.51827621 11 17 15 255
140.69665527 291.45489502 -30.92674255 10 16 16 255
140.41932678 297.66513062 11.74452209 11 17 17 255
135.76445007 324.74703979 -32.95264053 0 0 2 255
135.39596558 321.88095093 -61.74952698 9 4 8 255
135.88385010 326.20724487 0.27893099 15 11 8 255
135.88385010 326.20724487 0.27893099 15 11 8 255
152.28820801 221.49957275 -21.11121750 94 88 76 255
152.84387207 223.89422607 35.59120560 92 84 81 255
136.28221130 323.49929810 15.95532608 28 27 25 255
137.37121582 317.52148438 30.02925491 14 10 9 255
137.37121582 317.52148438 30.02925491 14 10 9 255
140.20819092 302.36901855 44.06552887 26 21 17 255
153.28758240 225.80831909 80.92462921 6 0 0 255
151.67601013 218.86706543 -83.41246033 52 47 41 255
141.03175354 283.88769531 -82.92173004 57 50 44 255
135.57345581 318.50540161 -82.67041016 53 44 37 255
138.77764893 297.57751465 -82.81808472 56 52 51 255
139.29595947 291.39968872 -112.86535645 12 18 16 255
141.24340820 279.10787964 -115.76437378 21 23 20 255
136.64505005 308.58181763 -112.76445007 6 2 0 255
136.64505005 308.58181763 -112.76445007 6 2 0 255
137.87640381 299.74017334 -120.84809113 16 11 7 255
139.55790710 288.25625610 -128.15408325 10 9 5 255
135.75965881 315.06652832 -102.27964783 1 0 0 255
138.99244690 295.01727295 -95.27035522 13 12 8 255
135.48793030 317.66519165 -94.73150635 46 37 30 255
141.35971069 276.46325684 -133.93562317 15 14 9 255
151.54434204 218.26628113 -97.11603546 38 28 19 255
141.11334229 282.04510498 -95.58229065 71 63 60 255
151.12841797 217.19306946 -132.54516602 100 91 84 255
148.61497498 230.63279724 -150.62890625 58 47 43 255
150.36318970 219.99479675 -150.68388367 85 76 69 255
150.95541382 216.74916077 -147.19543457 97 81 84 255
-137.99623108 306.89138794 -37.51827621 17 21 20 255
-140.69665527 291.45489502 -30.92674255 19 24 20 255
-140.41932678 297.66513062 11.74452209 19 24 20 255
-135.76445007 324.74703979 -32.95264053 6 2 0 255
-135.39596558 321.88095093 -61.74952698 12 8 5 255
-135.88385010 326.20724487 0.27893099 31 21 12 255
-135.88385010 326.20724487 0.27893099 31 21 12 255
-152.28820801 221.49957275 -21.11121750 76 68 65 255
-152.84387207 223.89422607 35.59120560 17 19 14 255
-136.28221130 323.49929810 15.95532608 26 23 16 255
-137.37121582 317.52148438 30.02925491 19 16 9 255
-137.37121582 317.52148438 30.02925491 19 16 9 255
-140.20819092 302.36901855 44.06552887 35 30 26 255
-153.28758240 225.80831909 80.92462921 7 0 0 255
-151.67601013 218.86706543 -83.41246033 40 36 27 255
-141.03175354 283.88769531 -82.92173004 56 47 38 255
-135.57345581 318.50540161 -82.67041016 32 23 16 255
-138.77764893 297.57751465 -82.81808472 61 56 52 255
-139.29595947 291.39968872 -112.86535645 7 13 13 255
-141.24340820 279.10787964 -115.76437378 11 17 15 255
-136.64505005 308.58181763 -112.76445007 33 29 26 255
-136.64505005 308.58181763 -112.76445007 33 29 26 255
-137.87640381 299.74017334 -120.84809113 43 35 32 255
-139.55790710 288.25625610 -128.15408325 5 2 0 255
-135.75965881 315.06652832 -102.27964783 50 49 47 255
-138.99244690 295.01727295 -95.27035522 6 5 3 255
-135.48793030 317.66519165 -94.73150635 35 26 21 255
-141.35971069 276.46325684 -133.93562317 23 20 15 255
-151.54434204 218.26628113 -97.11603546 52 39 30 255
-141.11334229 282.04510498 -95.58229065 50 41 34 255
-151.12841797 217.19306946 -132.54516602 59 55 52 255
-148.61497498 230.63279724 -150.62890625 47 47 47 255
-150.36318970 219.99479675 -150.68388367 80 66 57 255
-150.95541382 216.74916077 -147.19543457 30 21 16 255
-392.75500488 0.00000000 480.63861084 0 0 0 255
419.05792236 0.00000000 480.63861084 0 0 0 255
-392.75500488 0.00000000 -480.63861084 0 0 0 255
419.05792236 0.00000000 -480.63861084 0 0 0 255
3 0 1 48
3 48 52 0
3 5 6 41
3 41 42 5
3 6 7 40
3 40 41 6
3 7 8 53
3 53 40 7
3 8 0 52
3 52 53 8
3 28 27 23
3 23 22 28
3 29 28 22
3 22 21 29
3 27 28 41
3 41 40 27
3 28 29 42
3 42 41 28
3 54 50 149
3 149 151 54
3 9 12 66
3 66 65 9
3 19 21 69
3 69 68 19
3 21 22 70
3 70 69 21
3 22 23 71
3 71 70 22
3 23 25 72
3 72 71 23
3 25 139 140
3 140 72 25
3 82 81 60
3 60 62 82
3 62 64 78
3 78 82 62
3 65 66 96
3 96 97 65
3 66 67 95
3 95 96 66
3 67 132 133
3 133 95 67
3 68 69 93
3 93 94 68
3 69 70 92
3 92 93 69
3 70 71 99
3 99 92 70
3 71 72 98
3 98 99 71
3 72 140 141
3 141 98 72
3 83 84 91
3 84 85 91
3 85 134 86
3 86 91 85
3 86 87 91
3 87 88 91
3 88 89 91
3 89 90 91
3 90 142 83
3 83 91 90
3 93 92 88
3 88 87 93
3 94 93 87
3 87 86 94
3 95 133 134
3 134 85 95
3 96 95 85
3 85 84 96
3 97 96 84
3 84 83 97
3 98 141 142
3 142 90 98
3 99 98 90
3 90 89 99
3 92 99 89
3 89 88 92
3 1 0 100
3 100 102 1
3 3 2 101
3 101 103 3
3 4 3 103
3 103 104 4
3 5 4 104
3 104 105 5
3 6 5 105
3 105 106 6
3 7 6 106
3 106 107 7
3 8 7 107
3 107 108 8
3 0 8 108
3 108 100 0
3 102 100 109
3 109 110 102
3 103 101 111
3 111 112 103
3 104 103 112
3 112 113 104
3 105 104 113
3 113 114 105
3 106 105 114
3 114 115 106
3 107 106 115
3 115 116 107
3 108 107 116
3 116 117 108
3 100 108 117
3 117 109 100
3 110 109 118
3 118 119 110
3 112 111 120
3 120 121 112
3 113 112 121
3 121 122 113
3 114 113 122
3 122 123 114
3 115 114 123
3 123 124 115
3 116 115 124
3 124 125 116
3 117 116 125
3 125 126 117
3 109 117 126
3 126 118 109
3 133 132 68
3 68 94 133
3 134 133 94
3 94 86 134
3 140 139 9
3 9 65 140
3 141 140 65
3 65 97 141
3 142 141 97
3 97 83 142
3 49 2 3
3 3 45 49
3 45 3 4
3 4 43 45
3 43 4 5
3 5 42 43
3 20 30 29
3 29 21 20
3 17 32 129
3 129 131 17
3 34 33 15
3 15 14 34
3 42 29 30
3 30 43 42
3 49 45 33
3 33 34 49
3 144 143 74
3 74 75 144
3 143 146 73
3 73 74 143
3 77 128 129
3 129 147 77
3 147 145 76
3 76 77 147
3 66 12 16
3 16 67 66
3 67 16 130
3 130 132 67
3 74 73 58
3 58 55 74
3 56 75 74
3 74 55 56
3 76 57 59
3 59 77 76
3 128 77 59
3 59 127 128
3 73 128 127
3 127 58 73
3 146 129 128
3 128 73 146
3 18 131 129
3 129 31 18
3 68 132 130
3 130 19 68
3 147 129 32
3 145 147 32
3 32 46 145
3 143 144 47
3 47 44 143
3 146 143 44
3 44 31 146
3 129 146 31
3 151 149 81
3 81 82 151
3 10 36 35
3 35 13 10
3 26 38 137
3 137 138 26
3 27 39 24
3 24 23 27
3 36 52 48
3 48 35 36
3 39 27 40
3 40 53 39
3 150 51 37
3 37 148 150
3 137 152 78
3 78 136 137
3 151 152 38
3 38 54 151
3 135 136 78
3 78 64 135
3 63 61 80
3 80 79 63
3 63 79 136
3 136 135 63
3 137 148 37
3 11 138 137
3 137 37 11
3 80 150 148
3 148 79 80
3 82 78 152
3 152 151 82
3 137 136 79
3 79 148 137
3 152 137 38
3 154 153 170
3 170 171 154
3 155 154 171
3 171 172 155
3 157 155 172
3 172 173 157
3 158 156 174
3 174 175 158
3 159 158 175
3 175 176 159
3 160 159 176
3 176 177 160
3 161 160 177
3 177 178 161
3 162 161 178
3 178 179 162
3 163 162 179
3 179 180 163
3 164 163 180
3 180 181 164
3 165 164 181
3 181 182 165
3 166 165 182
3 182 183 166
3 167 166 183
3 183 184 167
3 168 167 184
3 184 185 168
3 169 168 185
3 185 186 169
3 153 169 186
3 186 170 153
3 171 170 187
3 187 188 171
3 172 171 188
3 188 189 172
3 173 172 189
3 189 191 173
3 175 174 190
3 190 192 175
3 176 175 192
3 192 193 176
3 177 176 193
3 193 194 177
3 178 177 194
3 194 195 178
3 179 178 195
3 195 196 179
3 180 179 196
3 196 197 180
3 181 180 197
3 197 198 181
3 182 181 198
3 198 199 182
3 183 182 199
3 199 200 183
3 184 183 200
3 200 201 184
3 185 184 201
3 201 202 185
3 186 185 202
3 202 203 186
3 170 186 203
3 203 187 170
3 188 187 204
3 204 205 188
3 189 188 205
3 205 206 189
3 191 189 206
3 206 207 191
3 192 190 208
3 208 209 192
3 193 192 209
3 209 210 193
3 194 193 210
3 210 211 194
3 195 194 211
3 211 212 195
3 196 195 212
3 212 213 196
3 197 196 213
3 213 214 197
3 198 197 214
3 214 215 198
3 199 198 215
3 215 216 199
3 200 199 216
3 216 217 200
3 201 200 217
3 217 218 201
3 202 201 218
3 218 219 202
3 203 202 219
3 219 220 203
3 187 203 220
3 220 204 187
3 205 204 221
3 221 222 205
3 206 205 222
3 222 223 206
3 207 206 223
3 223 224 207
3 209 208 225
3 225 226 209
3 210 209 226
3 226 227 210
3 211 210 227
3 227 228 211
3 212 211 228
3 228 229 212
3 213 212 229
3 229 230 213
3 214 213 230
3 230 231 214
3 215 214 231
3 231 232 215
3 216 215 232
3 232 233 216
3 217 216 233
3 233 234 217
3 218 217 234
3 234 235 218
3 219 218 235
3 235 236 219
3 220 219 236
3 236 237 220
3 204 220 237
3 237 221 204
3 222 221 238
3 238 239 222
3 223 222 239
3 239 240 223
3 224 223 240
3 240 241 224
3 226 225 242
3 242 243 226
3 227 226 243
3 243 244 227
3 228 227 244
3 244 245 228
3 229 228 245
3 245 246 229
3 230 229 246
3 246 247 230
3 231 230 247
3 247 248 231
3 232 231 248
3 248 249 232
3 233 232 249
3 249 250 233
3 234 233 250
3 250 251 234
3 235 234 251
3 251 252 235
3 236 235 252
3 252 253 236
3 237 236 253
3 253 254 237
3 221 237 254
3 254 238 221
3 239 238 255
3 255 256 239
3 240 239 256
3 256 257 240
3 241 240 257
3 257 259 241
3 243 242 258
3 258 260 243
3 244 243 260
3 260 261 244
3 245 244 261
3 261 262 245
3 246 245 262
3 262 263 246
3 247 246 263
3 263 264 247
3 248 247 264
3 264 265 248
3 249 248 265
3 265 266 249
3 250 249 266
3 266 267 250
3 251 250 267
3 267 268 251
3 252 251 268
3 268 269 252
3 253 252 269
3 269 270 253
3 254 253 270
3 270 271 254
3 238 254 271
3 271 255 238
3 256 255 272
3 272 275 256
3 257 256 275
3 275 276 257
3 259 257 276
3 276 280 259
3 260 258 278
3 278 283 260
3 261 260 283
3 283 285 261
3 262 261 285
3 285 287 262
3 263 262 287
3 287 288 263
3 264 263 288
3 288 291 264
3 265 264 291
3 291 293 265
3 266 265 293
3 293 295 266
3 267 266 295
3 295 297 267
3 268 267 297
3 297 299 268
3 269 268 299
3 299 301 269
3 270 269 301
3 301 303 270
3 271 270 303
3 303 304 271
3 255 271 304
3 304 272 255
3 274 273 153
3 153 154 274
3 277 274 154
3 154 155 277
3 281 277 155
3 155 157 281
3 282 279 156
3 156 158 282
3 284 282 158
3 158 159 284
3 286 284 159
3 159 160 286
3 289 286 160
3 160 161 289
3 290 289 161
3 161 162 290
3 292 290 162
3 162 163 292
3 294 292 163
3 163 164 294
3 296 294 164
3 164 165 296
3 298 296 165
3 165 166 298
3 300 298 166
3 166 167 300
3 302 300 167
3 167 168 302
3 305 302 168
3 168 169 305
3 273 305 169
3 169 153 273
3 313 308 307
3 307 314 313
3 314 311 310
3 310 313 314
3 318 317 310
3 310 311 318
3 314 307 327
3 327 315 314
3 312 311 314
3 314 315 312
3 325 323 315
3 315 327 325
3 331 312 315
3 315 323 331
3 336 339 338
3 338 333 336
3 346 349 348
3 348 341 346
3 340 347 350
3 350 337 340
3 343 335 334
3 334 344 343
3 334 335 336
3 336 333 334
3 338 339 340
3 340 337 338
3 343 344 345
3 345 342 343
3 348 349 350
3 350 347 348
3 354 351 356
3 356 357 354
3 364 360 366
3 366 367 364
3 358 355 368
3 368 365 358
3 361 362 352
3 352 353 361
3 352 351 354
3 354 353 352
3 356 355 358
3 358 357 356
3 361 359 363
3 363 362 361
3 366 365 368
3 368 367 366
3 374 371 369
3 372 373 370
3 372 371 374
3 374 373 372
3 373 374 375
3 375 376 373
3 377 378 380
3 380 379 377
3 379 380 392
3 392 389 379
3 381 382 384
3 384 383 381
3 378 391 392
3 392 380 378
3 390 377 379
3 379 389 390
3 383 386 385
3 385 381 383
3 388 387 384
3 384 382 388
3 385 388 382
3 382 381 385
3 386 390 389
3 389 385 386
3 392 391 387
3 387 388 392
3 389 392 388
3 388 385 389
3 393 394 396
3 396 395 393
3 395 396 408
3 408 405 395
3 397 398 400
3 400 399 397
3 394 407 408
3 408 396 394
3 406 393 395
3 395 405 406
3 399 402 401
3 401 397 399
3 404 403 400
3 400 398 404
3 401 404 398
3 398 397 401
3 402 406 405
3 405 401 402
3 408 407 403
3 403 404 408
3 405 408 404
3 404 401 405
3 409 410 412
3 412 411 409
3 411 412 424
3 424 421 411
3 413 414 416
3 416 415 413
3 410 423 424
3 424 412 410
3 422 409 411
3 411 421 422
3 415 418 417
3 417 413 415
3 420 419 416
3 416 414 420
3 417 420 414
3 414 413 417
3 418 422 421
3 421 417 418
3 424 423 419
3 419 420 424
3 421 424 420
3 420 417 421
3 435 429 453
3 453 452 435
3 433 431 455
3 455 454 433
3 454 453 429
3 429 433 454
3 427 435 452
3 452 451 427
3 446 445 428
3 428 436 446
3 448 446 436
3 436 430 448
3 450 448 430
3 430 434 450
3 441 450 434
3 434 432 441
3 431 439 456
3 456 455 431
3 449 440 431
3 431 433 449
3 447 449 433
3 433 429 447
3 444 447 429
3 429 435 444
3 443 444 435
3 435 427 443
3 452 436 428
3 428 451 452
3 453 430 436
3 436 452 453
3 434 430 453
3 453 454 434
3 455 432 434
3 434 454 455
3 455 456 442
3 442 432 455
3 428 445 461
3 461 460 428
3 458 425 437
3 437 457 458
3 427 458 457
3 457 443 427
3 459 425 458
3 460 461 438
3 438 426 460
3 459 426 425
3 427 451 459
3 459 458 427
3 428 460 459
3 459 451 428
3 426 459 460
3 464 474 473
3 473 465 464
3 462 464 465
3 465 463 462
3 463 468 467
3 467 462 463
3 470 464 462
3 462 466 470
3 463 465 471
3 471 469 463
3 475 474 464
3 464 470 475
3 465 473 472
3 472 471 465
3 438 472 473
3 473 426 438
3 474 425 426
3 426 473 474
3 474 475 437
3 437 425 474
3 488 500 553
3 553 552 488
3 487 488 552
3 552 551 487
3 484 487 551
3 551 550 484
3 483 484 550
3 550 549 483
3 481 483 549
3 549 548 481
3 498 481 548
3 548 547 498
3 490 489 488
3 488 487 490
3 485 490 487
3 487 484 485
3 497 498 547
3 547 546 497
3 500 499 554
3 554 553 500
3 508 498 497
3 497 507 508
3 499 500 503
3 503 504 499
3 510 509 524
3 524 496 510
3 488 489 503
3 503 500 488
3 505 507 516
3 516 521 505
3 502 522 509
3 509 504 502
3 489 480 501
3 501 503 489
3 503 501 502
3 502 504 503
3 483 486 485
3 485 484 483
3 508 482 481
3 481 498 508
3 481 482 486
3 486 483 481
3 477 478 485
3 485 486 477
3 480 489 490
3 490 479 480
3 479 490 485
3 485 478 479
3 482 508 506
3 506 476 482
3 476 477 486
3 486 482 476
3 508 507 505
3 505 506 508
3 524 509 522
3 522 523 524
3 524 523 521
3 521 516 524
3 506 505 521
3 521 523 506
3 522 502 501
3 501 523 522
3 523 501 480
3 480 479 523
3 476 506 523
3 523 477 476
3 478 477 523
3 523 479 478
3 538 527 525
3 525 540 538
3 530 539 541
3 541 526 530
3 514 497 546
3 546 545 514
3 497 513 507
3 507 513 516
3 515 516 513
3 514 517 493
3 495 515 513
3 513 494 495
3 496 524 495
3 524 516 515
3 515 495 524
3 525 527 532
3 532 533 525
3 534 536 530
3 530 526 534
3 542 531 528
3 528 537 542
3 542 537 529
3 529 535 542
3 544 533 532
3 532 517 544
3 514 545 544
3 544 517 514
3 554 499 511
3 511 555 554
3 499 504 512
3 504 509 512
3 510 512 509
3 512 510 496
3 496 491 512
3 555 511 520
3 520 543 555
3 518 519 491
3 491 494 518
3 496 495 494
3 494 491 496
3 536 534 543
3 543 520 536
3 535 519 542
3 519 518 542
3 518 531 542
3 520 511 492
3 558 575 576
3 576 560 558
3 575 557 561
3 561 576 575
3 557 580 579
3 579 561 557
3 556 582 581
3 581 565 556
3 580 587 586
3 586 579 580
3 559 556 566
3 566 567 559
3 559 583 582
3 582 556 559
3 564 577 576
3 576 561 564
3 564 561 579
3 579 578 564
3 578 579 586
3 586 585 578
3 567 566 572
3 572 573 567
3 569 558 560
3 560 570 569
3 573 572 569
3 569 570 573
3 574 573 570
3 570 571 574
3 562 559 567
3 567 568 562
3 560 576 577
3 577 563 560
3 568 567 573
3 573 574 568
3 563 571 570
3 570 560 563
3 562 584 583
3 583 559 562
3 562 578 585
3 585 584 562
3 588 562 568
3 574 571 588
3 588 568 574
3 564 578 562
3 562 588 564
3 564 588 563
3 563 577 564
3 563 588 571
3 565 581 590
3 590 589 565
3 593 595 611
3 611 610 593
3 610 611 596
3 596 592 610
3 592 596 614
3 614 615 592
3 591 600 581
3 581 582 591
3 615 614 586
3 586 587 615
3 594 602 601
3 601 591 594
3 594 591 582
3 582 583 594
3 599 596 611
3 611 612 599
3 599 613 614
3 614 596 599
3 613 585 586
3 586 614 613
3 602 608 607
3 607 601 602
3 604 605 595
3 595 593 604
3 608 605 604
3 604 607 608
3 609 606 605
3 605 608 609
3 597 603 602
3 602 594 597
3 595 598 612
3 612 611 595
3 603 609 608
3 608 602 603
3 598 595 605
3 605 606 598
3 597 594 583
3 583 584 597
3 597 584 585
3 585 613 597
3 616 603 597
3 609 603 616
3 616 606 609
3 599 616 597
3 597 613 599
3 599 612 598
3 598 616 599
3 598 606 616
3 600 617 590
3 590 581 600
3 676 619 629
3 629 677 676
3 625 623 634
3 634 633 625
3 676 675 635
3 635 619 676
3 625 637 636
3 636 623 625
3 668 636 637
3 637 669 668
3 656 654 662
3 662 661 656
3 662 654 659
3 659 663 662
3 667 635 675
3 675 674 667
3 642 667 674
3 674 673 642
3 672 618 642
3 642 673 672
3 671 620 618
3 618 672 671
3 663 659 640
3 640 648 663
3 658 657 653
3 653 655 658
3 628 646 629
3 629 619 628
3 657 660 659
3 659 653 657
3 647 628 619
3 619 635 647
3 657 658 646
3 646 628 657
3 659 660 647
3 647 640 659
3 628 647 660
3 660 657 628
3 632 631 668
3 668 669 632
3 649 641 626
3 626 638 649
3 641 649 664
3 624 622 631
3 631 632 624
3 624 621 622
3 622 621 671
3 671 672 622
3 631 622 672
3 672 673 631
3 668 631 673
3 673 674 668
3 674 675 636
3 636 668 674
3 623 636 675
3 675 676 623
3 634 623 676
3 676 677 634
3 666 667 642
3 642 651 666
3 666 647 635
3 635 667 666
3 648 640 665
3 665 664 648
3 652 641 664
3 664 665 652
3 665 666 651
3 651 652 665
3 666 665 640
3 640 647 666
3 727 728 689
3 689 679 727
3 685 693 694
3 694 683 685
3 727 679 695
3 695 726 727
3 685 683 696
3 696 697 685
3 719 720 697
3 697 696 719
3 711 661 662
3 662 709 711
3 662 663 714
3 714 709 662
3 718 725 726
3 726 695 718
3 700 724 725
3 725 718 700
3 663 648 698
3 698 714 663
3 713 710 708
3 708 712 713
3 688 679 689
3 689 704 688
3 712 708 714
3 714 715 712
3 705 695 679
3 679 688 705
3 712 688 704
3 704 713 712
3 714 698 705
3 705 715 714
3 688 715 705
3 715 688 712
3 692 720 719
3 719 691 692
3 699 664 649
3 684 692 691
3 691 682 684
3 681 684 682
3 681 682 723
3 723 722 681
3 691 724 723
3 723 682 691
3 719 725 724
3 724 691 719
3 725 719 696
3 696 726 725
3 683 727 726
3 726 696 683
3 694 728 727
3 727 683 694
3 717 706 700
3 700 718 717
3 717 718 695
3 695 705 717
3 648 664 716
3 716 698 648
3 707 716 664
3 664 699 707
3 716 707 706
3 706 717 716
3 717 705 698
3 698 716 717
3 723 724 700
3 700 678 723
3 722 723 678
3 678 680 722
3 690 680 678
3 678 703 690
3 701 687 690
3 690 721 701
3 650 639 687
3 687 701 650
3 649 638 686
3 686 699 649
3 686 701 721
3 721 702 686
3 638 650 701
3 701 686 638
3 706 703 678
3 678 700 706
3 699 686 702
3 702 707 699
3 703 706 707
3 707 702 703
3 721 690 703
3 703 702 721
3 620 630 645
3 645 618 620
3 650 643 627
3 627 639 650
3 630 627 643
3 643 670 630
3 626 644 670
3 670 643 626
3 638 626 643
3 643 650 638
3 670 644 645
3 645 630 670
3 651 642 618
3 618 645 651
3 641 652 644
3 644 626 641
3 645 644 652
3 652 651 645
3 735 730 743
3 743 742 735
3 740 741 729
3 729 734 740
3 741 740 742
3 742 743 741
3 733 736 734
3 734 729 733
3 744 737 736
3 736 733 732
3 732 744 736
3 738 737 744
3 744 745 738
3 732 739 745
3 745 744 732
3 733 751 750
3 750 732 733
3 732 750 752
3 752 739 732
3 729 753 751
3 751 733 729
3 730 754 755
3 755 743 730
3 741 756 753
3 753 729 741
3 743 755 756
3 756 741 743
3 306 309 738
3 748 328 306
3 758 328 748
3 731 747 746
3 746 758 731
3 748 745 739
3 739 749 748
3 306 738 745
3 745 748 306
3 752 757 749
3 749 739 752
3 757 747 731
3 731 749 757
3 758 748 749
3 749 731 758
3 735 772 773
3 773 730 735
3 770 763 759
3 759 771 770
3 771 773 772
3 772 770 771
3 762 759 763
3 763 766 762
3 776 766 767
3 766 776 761
3 761 762 766
3 768 777 776
3 776 767 768
3 761 776 777
3 777 769 761
3 762 761 785
3 785 786 762
3 761 769 787
3 787 785 761
3 759 762 786
3 786 788 759
3 730 773 789
3 789 754 730
3 771 759 788
3 788 790 771
3 773 771 790
3 790 789 773
3 774 768 765
3 783 774 780
3 792 783 780
3 760 792 781
3 781 782 760
3 783 784 769
3 769 777 783
3 774 783 777
3 777 768 774
3 787 769 784
3 784 791 787
3 791 784 760
3 760 782 791
3 792 760 784
3 784 783 792
3 803 820 821
3 821 797 803
3 801 822 823
3 823 799 801
3 822 801 797
3 797 821 822
3 795 819 820
3 820 803 795
3 814 804 796
3 796 813 814
3 816 798 804
3 804 814 816
3 818 802 798
3 798 816 818
3 810 800 802
3 802 818 810
3 799 823 824
3 824 808 799
3 817 801 799
3 799 807 817
3 815 797 801
3 801 817 815
3 812 803 797
3 797 815 812
3 811 795 803
3 803 812 811
3 820 819 796
3 796 804 820
3 821 820 804
3 804 798 821
3 802 822 821
3 821 798 802
3 823 822 802
3 802 800 823
3 823 800 809
3 809 824 823
3 796 828 829
3 829 813 796
3 826 825 805
3 805 793 826
3 795 811 825
3 825 826 795
3 827 826 793
3 828 794 806
3 806 829 828
3 827 793 794
3 795 826 827
3 827 819 795
3 796 819 827
3 827 828 796
3 794 828 827
3 832 833 841
3 841 842 832
3 830 831 833
3 833 832 830
3 831 830 835
3 835 837 831
3 838 834 830
3 830 832 838
3 831 836 839
3 839 833 831
3 843 838 832
3 832 842 843
3 833 839 840
3 840 841 833
3 806 794 841
3 841 840 806
3 842 841 794
3 794 793 842
3 842 793 805
3 805 843 842
3 844 866 950
3 950 949 844
3 845 952 951
3 951 871 845
3 871 914 869
3 869 845 871
3 914 926 901
3 901 869 914
3 852 940 939
3 939 855 852
3 853 872 874
3 874 856 853
3 872 903 902
3 902 874 872
3 914 871 856
3 856 874 914
3 926 914 874
3 874 902 926
3 855 859 860
3 860 852 855
3 900 927 915
3 915 876 900
3 876 915 866
3 866 844 876
3 853 866 915
3 915 872 853
3 927 903 872
3 872 915 927
3 844 949 948
3 948 876 844
3 948 947 900
3 900 876 948
3 944 846 848
3 848 945 944
3 918 937 905
3 905 885 918
3 880 913 937
3 937 918 880
3 881 912 913
3 913 880 881
3 873 911 912
3 912 881 873
3 943 942 882
3 882 846 943
3 941 850 882
3 882 942 941
3 852 850 941
3 941 940 852
3 860 861 850
3 850 852 860
3 845 869 953
3 953 952 845
3 869 901 954
3 954 953 869
3 847 875 959
3 959 958 847
3 851 938 959
3 959 875 851
3 851 855 939
3 939 938 851
3 862 946 945
3 945 848 862
3 862 900 947
3 947 946 862
3 864 898 926
3 926 902 864
3 864 902 903
3 903 865 864
3 867 930 917
3 917 929 867
3 868 934 919
3 919 933 868
3 911 910 938
3 938 939 911
3 912 911 939
3 939 940 912
3 913 912 940
3 940 941 913
3 937 913 941
3 941 942 937
3 905 937 942
3 942 943 905
3 906 904 944
3 944 945 906
3 907 906 945
3 945 946 907
3 928 907 946
3 946 947 928
3 929 928 947
3 947 948 929
3 949 867 929
3 929 948 949
3 930 867 949
3 949 950 930
3 952 868 933
3 933 951 952
3 934 868 952
3 952 953 934
3 935 934 953
3 953 954 935
3 955 897 935
3 935 954 955
3 956 886 897
3 897 955 956
3 908 886 956
3 956 957 908
3 936 909 958
3 958 959 936
3 910 936 959
3 959 938 910
3 846 861 877
3 877 848 846
3 882 850 861
3 861 846 882
3 865 899 877
3 877 854 865
3 877 899 862
3 862 848 877
3 927 899 865
3 865 903 927
3 899 927 900
3 900 862 899
3 861 860 854
3 854 877 861
3 860 859 857
3 857 854 860
3 858 870 857
3 857 859 858
3 851 858 859
3 859 855 851
3 851 875 847
3 847 858 851
3 858 847 849
3 849 870 858
3 847 957 956
3 956 849 847
3 849 956 955
3 955 863 849
3 864 857 870
3 870 898 864
3 863 898 870
3 870 849 863
3 864 865 854
3 854 857 864
3 955 954 901
3 901 863 955
3 901 926 898
3 898 863 901
3 883 904 906
3 906 879 883
3 961 962 918
3 918 884 961
3 962 963 880
3 880 918 962
3 890 909 936
3 936 921 890
3 921 936 910
3 910 887 921
3 873 887 910
3 910 911 873
3 963 964 881
3 881 880 963
3 881 964 965
3 965 873 881
3 873 965 967
3 967 887 873
3 921 970 969
3 969 892 921
3 887 967 970
3 970 921 887
3 886 908 891
3 891 888 886
3 923 928 929
3 929 917 923
3 893 879 906
3 906 907 893
3 893 907 928
3 928 923 893
3 925 919 934
3 934 935 925
3 895 925 935
3 935 897 895
3 895 897 886
3 886 888 895
3 920 966 932
3 966 976 977
3 977 932 966
3 960 961 884
3 884 878 960
3 982 962 961
3 961 960 982
3 967 965 982
3 982 970 967
3 982 965 964
3 982 964 963
3 963 962 982
3 892 969 968
3 968 889 892
3 969 970 982
3 982 968 969
3 971 960 878
3 878 894 971
3 889 968 972
3 972 896 889
3 982 960 971
3 971 984 982
3 975 966 920
3 920 924 975
3 972 975 924
3 924 896 972
3 931 974 916
3 978 979 974
3 974 931 978
3 976 980 981
3 981 977 976
3 981 980 979
3 979 978 981
3 916 974 973
3 973 922 916
3 922 973 971
3 971 894 922
3 984 971 973
3 973 983 984
3 966 975 983
3 983 973 974
3 980 983 974
3 974 979 980
3 980 976 966
3 966 983 980
3 984 972 968
3 968 982 984
3 983 975 972
3 972 984 983
3 1034 1033 1007
3 1007 985 1034
3 1048 1047 1036
3 1036 1067 1048
3 987 1008 1067
3 1067 1036 987
3 1009 1068 1037
3 1037 988 1009
3 1038 1069 1009
3 1009 988 1038
3 1038 1041 1070
3 1070 1069 1038
3 1040 1045 1044
3 1044 1039 1040
3 1071 1079 1045
3 1045 1040 1071
3 1040 1048 1080
3 1080 1071 1040
3 985 1007 1070
3 1070 1041 985
3 1039 1044 1043
3 1043 1042 1039
3 1043 1044 986
3 986 990 1043
3 1044 1045 989
3 989 986 1044
3 1045 1079 1011
3 1011 989 1045
3 1039 1042 1046
3 1046 1047 1039
3 1040 1039 1047
3 1047 1048 1040
3 992 1021 1035
3 1035 1001 992
3 995 1050 993
3 1050 1064 1002
3 1002 993 1050
3 998 1059 1052
3 1052 991 998
3 1025 1004 1026
3 1026 1004 1051
3 1052 1005 991
3 1054 1066 991
3 991 1005 1054
3 1054 1055 1063
3 1063 1066 1054
3 992 1063 1055
3 1055 1003 992
3 1056 1062 999
3 999 996 1056
3 1042 1043 1062
3 1062 1057 1042
3 1034 985 1001
3 1001 1035 1034
3 987 1036 1058
3 1058 997 987
3 1049 994 997
3 997 1058 1049
3 1046 1065 1049
3 1049 1058 1046
3 1036 1047 1046
3 1046 1058 1036
3 988 1037 1059
3 1059 998 988
3 1038 988 998
3 998 1060 1038
3 1060 1061 1041
3 1041 1038 1060
3 985 1041 1061
3 1061 1001 985
3 1061 1063 992
3 992 1001 1061
3 999 1062 1000
3 1043 990 1000
3 1000 1062 1043
3 1056 996 1002
3 1002 1064 1056
3 1042 1057 1065
3 1065 1046 1042
3 1063 1061 1060
3 1060 1066 1063
3 1060 998 991
3 991 1066 1060
3 992 1003 1022
3 1022 1021 992
3 1003 1055 1023
3 1023 1022 1003
3 1055 1053 1024
3 1024 1023 1055
3 1053 1004 1025
3 1025 1024 1053
3 1028 1027 1020
3 1027 1076 1020
3 1019 1075 1014
3 1020 1083 1029
3 1029 1028 1020
3 1033 1032 1016
3 1016 1007 1033
3 1014 1075 1068
3 1068 1009 1014
3 1069 1077 1014
3 1014 1009 1069
3 1069 1070 1078
3 1078 1077 1069
3 1030 1082 1018
3 1018 1031 1030
3 1032 1031 1018
3 1018 1016 1032
3 1010 1015 1079
3 1079 1072 1010
3 1072 1081 1017
3 1017 1010 1072
3 1006 1073 1013
3 1067 1008 1012
3 1012 1074 1067
3 1074 1080 1048
3 1048 1067 1074
3 1006 1017 1081
3 1081 1073 1006
3 1077 1084 1019
3 1019 1014 1077
3 1077 1078 1082
3 1082 1084 1077
3 1016 1018 1082
3 1082 1078 1016
3 1070 1007 1016
3 1016 1078 1070
3 1011 1079 1015
3 1030 1029 1083
3 1083 1082 1030
3 1022 1023 996
3 996 999 1022
3 1023 1024 1002
3 1002 996 1023
3 1024 1025 993
3 993 1002 1024
3 1028 1029 1017
3 1017 1006 1028
3 1029 1030 1010
3 1010 1017 1029
3 1030 1031 1015
3 1015 1010 1030
3 986 1034 1035
3 1035 990 986
3 990 1035 1021
3 1021 1000 990
3 1000 1021 1022
3 1022 999 1000
3 993 1025 1026
3 1026 995 993
3 1013 1027 1028
3 1028 1006 1013
3 1015 1031 1032
3 1032 1011 1015
3 1011 1032 1033
3 1033 989 1011
3 989 1033 1034
3 1034 986 989
3 1085 1190 1191
3 1191 1107 1085
3 1086 1112 1192
3 1192 1193 1086
3 1112 1086 1110
3 1110 1155 1112
3 1155 1110 1142
3 1142 1167 1155
3 1093 1096 1180
3 1180 1181 1093
3 1094 1097 1115
3 1115 1113 1094
3 1113 1115 1143
3 1143 1144 1113
3 1155 1115 1097
3 1097 1112 1155
3 1167 1143 1115
3 1115 1155 1167
3 1096 1093 1101
3 1101 1100 1096
3 1141 1117 1156
3 1156 1168 1141
3 1117 1085 1107
3 1107 1156 1117
3 1094 1113 1156
3 1156 1107 1094
3 1168 1156 1113
3 1113 1144 1168
3 1085 1117 1189
3 1189 1190 1085
3 1189 1117 1141
3 1141 1188 1189
3 1184 1186 1089
3 1089 1087 1184
3 1159 1125 1145
3 1145 1178 1159
3 1121 1159 1178
3 1178 1154 1121
3 1122 1121 1154
3 1154 1153 1122
3 1114 1122 1153
3 1153 1152 1114
3 1185 1087 1123
3 1123 1183 1185
3 1182 1183 1123
3 1123 1091 1182
3 1093 1181 1182
3 1182 1091 1093
3 1101 1093 1091
3 1091 1102 1101
3 1086 1193 1194
3 1194 1110 1086
3 1110 1194 1195
3 1195 1142 1110
3 1088 1199 1200
3 1200 1116 1088
3 1092 1116 1200
3 1200 1179 1092
3 1092 1179 1180
3 1180 1096 1092
3 1103 1089 1186
3 1186 1187 1103
3 1103 1187 1188
3 1188 1141 1103
3 1105 1143 1167
3 1167 1139 1105
3 1105 1106 1144
3 1144 1143 1105
3 1108 1170 1158
3 1158 1171 1108
3 1109 1174 1161
3 1161 1175 1109
3 1152 1180 1179
3 1179 1151 1152
3 1153 1181 1180
3 1180 1152 1153
3 1154 1182 1181
3 1181 1153 1154
3 1178 1183 1182
3 1182 1154 1178
3 1145 1185 1183
3 1183 1178 1145
3 1147 1186 1184
3 1184 1146 1147
3 1148 1187 1186
3 1186 1147 1148
3 1169 1188 1187
3 1187 1148 1169
3 1170 1189 1188
3 1188 1169 1170
3 1190 1189 1170
3 1170 1108 1190
3 1171 1191 1190
3 1190 1108 1171
3 1193 1192 1174
3 1174 1109 1193
3 1175 1194 1193
3 1193 1109 1175
3 1176 1195 1194
3 1194 1175 1176
3 1196 1195 1176
3 1176 1138 1196
3 1197 1196 1138
3 1138 1127 1197
3 1149 1198 1197
3 1197 1127 1149
3 1177 1200 1199
3 1199 1150 1177
3 1151 1179 1200
3 1200 1177 1151
3 1087 1089 1118
3 1118 1102 1087
3 1123 1087 1102
3 1102 1091 1123
3 1106 1095 1118
3 1118 1140 1106
3 1118 1089 1103
3 1103 1140 1118
3 1168 1144 1106
3 1106 1140 1168
3 1140 1103 1141
3 1141 1168 1140
3 1102 1118 1095
3 1095 1101 1102
3 1101 1095 1098
3 1098 1100 1101
3 1099 1100 1098
3 1098 1111 1099
3 1092 1096 1100
3 1100 1099 1092
3 1092 1099 1088
3 1088 1116 1092
3 1099 1111 1090
3 1090 1088 1099
3 1088 1090 1197
3 1197 1198 1088
3 1090 1104 1196
3 1196 1197 1090
3 1105 1139 1111
3 1111 1098 1105
3 1104 1090 1111
3 1111 1139 1104
3 1105 1098 1095
3 1095 1106 1105
3 1196 1104 1142
3 1142 1195 1196
3 1142 1104 1139
3 1139 1167 1142
3 1126 1120 1147
3 1147 1146 1126
3 1202 1124 1159
3 1159 1203 1202
3 1203 1159 1121
3 1121 1204 1203
3 1133 1162 1177
3 1177 1150 1133
3 1162 1128 1151
3 1151 1177 1162
3 1114 1152 1151
3 1151 1128 1114
3 1204 1121 1122
3 1122 1205 1204
3 1122 1114 1206
3 1206 1205 1122
3 1114 1128 1208
3 1208 1206 1114
3 1162 1131 1210
3 1210 1211 1162
3 1128 1162 1211
3 1211 1208 1128
3 1127 1129 1132
3 1132 1149 1127
3 1163 1158 1170
3 1170 1169 1163
3 1135 1148 1147
3 1147 1120 1135
3 1135 1163 1169
3 1169 1148 1135
3 1165 1176 1175
3 1175 1161 1165
3 1136 1138 1176
3 1176 1165 1136
3 1136 1129 1127
3 1127 1138 1136
3 1160 1173 1207
3 1207 1173 1218
3 1218 1217 1207
3 1201 1119 1124
3 1124 1202 1201
3 1223 1201 1202
3 1202 1203 1223
3 1208 1211 1223
3 1223 1206 1208
3 1223 1205 1206
3 1223 1203 1204
3 1204 1205 1223
3 1131 1130 1209
3 1209 1210 1131
3 1210 1209 1223
3 1223 1211 1210
3 1212 1134 1119
3 1119 1201 1212
3 1130 1137 1213
3 1213 1209 1130
3 1223 1225 1212
3 1212 1201 1223
3 1216 1166 1160
3 1160 1207 1216
3 1213 1137 1166
3 1166 1216 1213
3 1172 1157 1215
3 1219 1172 1215
3 1215 1220 1219
3 1217 1218 1222
3 1222 1221 1217
3 1222 1219 1220
3 1220 1221 1222
3 1157 1164 1214
3 1214 1215 1157
3 1164 1134 1212
3 1212 1214 1164
3 1225 1224 1214
3 1214 1212 1225
3 1207 1224 1216
3 1224 1215 1214
3 1221 1220 1215
3 1215 1224 1221
3 1221 1224 1207
3 1207 1217 1221
3 1225 1223 1209
3 1209 1213 1225
3 1224 1225 1213
3 1213 1216 1224
3 1275 1226 1248
3 1248 1274 1275
3 1289 1308 1277
3 1277 1288 1289
3 1228 1277 1308
3 1308 1249 1228
3 1250 1229 1278
3 1278 1309 1250
3 1279 1229 1250
3 1250 1310 1279
3 1279 1310 1311
3 1311 1282 1279
3 1281 1280 1285
3 1285 1286 1281
3 1312 1281 1286
3 1286 1320 1312
3 1281 1312 1322
3 1322 1289 1281
3 1226 1282 1311
3 1311 1248 1226
3 1280 1283 1284
3 1284 1285 1280
3 1284 1231 1227
3 1227 1285 1284
3 1285 1227 1230
3 1230 1286 1285
3 1286 1230 1252
3 1252 1320 1286
3 1280 1288 1287
3 1287 1283 1280
3 1281 1289 1288
3 1288 1280 1281
3 1233 1242 1276
3 1276 1262 1233
3 1235 1234 1290
3 1290 1234 1243
3 1243 1306 1290
3 1239 1232 1292
3 1292 1300 1239
3 1266 1267 1245
3 1267 1293 1245
3 1292 1232 1246
3 1295 1246 1232
3 1232 1307 1295
3 1295 1307 1304
3 1304 1296 1295
3 1233 1244 1296
3 1296 1304 1233
3 1298 1237 1240
3 1240 1303 1298
3 1283 1297 1303
3 1303 1284 1283
3 1275 1276 1242
3 1242 1226 1275
3 1228 1238 1299
3 1299 1277 1228
3 1291 1299 1238
3 1238 1236 1291
3 1287 1299 1291
3 1291 1305 1287
3 1277 1299 1287
3 1287 1288 1277
3 1229 1239 1300
3 1300 1278 1229
3 1279 1301 1239
3 1239 1229 1279
3 1301 1279 1282
3 1282 1302 1301
3 1226 1242 1302
3 1302 1282 1226
3 1302 1242 1233
3 1233 1304 1302
3 1240 1241 1303
3 1284 1303 1241
3 1241 1231 1284
3 1298 1306 1243
3 1243 1237 1298
3 1283 1287 1305
3 1305 1297 1283
3 1304 1307 1301
3 1301 1302 1304
3 1301 1307 1232
3 1232 1239 1301
3 1233 1262 1263
3 1263 1244 1233
3 1244 1263 1264
3 1264 1296 1244
3 1296 1264 1265
3 1265 1294 1296
3 1294 1265 1266
3 1266 1245 1294
3 1269 1260 1268
3 1268 1260 1317
3 1261 1255 1316
3 1260 1269 1270
3 1270 1324 1260
3 1274 1248 1257
3 1257 1273 1274
3 1255 1250 1309
3 1309 1316 1255
3 1310 1250 1255
3 1255 1318 1310
3 1310 1318 1319
3 1319 1311 1310
3 1271 1272 1259
3 1259 1323 1271
3 1273 1257 1259
3 1259 1272 1273
3 1251 1313 1320
3 1320 1256 1251
3 1313 1251 1258
3 1258 1321 1313
3 1247 1254 1315
3 1308 1314 1253
3 1253 1249 1308
3 1314 1308 1289
3 1289 1322 1314
3 1247 1315 1321
3 1321 1258 1247
3 1318 1255 1261
3 1261 1325 1318
3 1318 1325 1323
3 1323 1319 1318
3 1257 1319 1323
3 1323 1259 1257
3 1311 1319 1257
3 1257 1248 1311
3 1252 1256 1320
3 1271 1323 1324
3 1324 1270 1271
3 1263 1240 1237
3 1237 1264 1263
3 1264 1237 1243
3 1243 1265 1264
3 1265 1243 1234
3 1234 1266 1265
3 1269 1247 1258
3 1258 1270 1269
3 1270 1258 1251
3 1251 1271 1270
3 1271 1251 1256
3 1256 1272 1271
3 1227 1231 1276
3 1276 1275 1227
3 1231 1241 1262
3 1262 1276 1231
3 1241 1240 1263
3 1263 1262 1241
3 1234 1235 1267
3 1267 1266 1234
3 1254 1247 1269
3 1269 1268 1254
3 1256 1252 1273
3 1273 1272 1256
3 1252 1230 1274
3 1274 1273 1252
3 1230 1227 1275
3 1275 1274 1230
3 1348 1343 1326
3 1326 1327 1348
3 1349 1344 1343
3 1343 1348 1349
3 1350 1345 1344
3 1344 1349 1350
3 1345 1350 1351
3 1351 1346 1345
3 1346 1351 1352
3 1352 1371 1370
3 1370 1346 1352
3 1364 1365 1347
3 1347 1353 1364
3 1371 1353 1347
3 1347 1370 1371
3 1343 1354 1328
3 1328 1326 1343
3 1344 1355 1354
3 1354 1343 1344
3 1345 1356 1355
3 1355 1344 1345
3 1329 1328 1354
3 1354 1372 1329
3 1372 1354 1355
3 1355 1373 1372
3 1373 1355 1356
3 1356 1374 1373
3 1356 1345 1346
3 1346 1357 1356
3 1357 1346 1370
3 1370 1369 1357
3 1374 1356 1357
3 1357 1375 1374
3 1375 1357 1369
3 1369 1376 1375
3 1376 1369 1358
3 1358 1379 1376
3 1369 1370 1347
3 1347 1358 1369
3 1384 1402 1401
3 1401 1391 1384
3 1386 1391 1401
3 1401 1400 1386
3 1387 1394 1391
3 1391 1386 1387
3 1384 1393 1403
3 1403 1402 1384
3 1384 1391 1394
3 1394 1381 1384
3 1407 1388 1395
3 1395 1406 1407
3 1389 1390 1395
3 1395 1388 1389
3 1395 1390 1405
3 1405 1406 1395
3 1404 1385 1331
3 1331 1335 1404
3 1404 1403 1393
3 1393 1385 1404
3 1389 1397 1394
3 1394 1387 1389
3 1397 1392 1381
3 1381 1394 1397
3 1385 1393 1392
3 1392 1382 1385
3 1381 1392 1393
3 1393 1384 1381
3 1397 1389 1388
3 1388 1398 1397
3 1398 1396 1382
3 1382 1392 1397
3 1397 1398 1382
3 1408 1398 1388
3 1388 1407 1408
3 1396 1398 1408
3 1408 1409 1396
3 1333 1396 1409
3 1409 1337 1333
3 1382 1396 1333
3 1333 1339 1382
3 1339 1331 1385
3 1385 1382 1339
3 1360 1366 1363
3 1363 1361 1360
3 319 1360 1361
3 1361 316 319
3 1390 1389 1387
3 1387 1380 1390
3 1383 1386 1400
3 1400 1399 1383
3 1380 1387 1386
3 1386 1383 1380
3 1405 1390 1380
3 1380 326 1405
3 1383 1399 1342
3 1342 324 1383
3 326 1380 1383
3 1383 324 326
3 1342 1410 322
3 322 324 1342
3 1419 1327 1326
3 1326 1414 1419
3 1420 1419 1414
3 1414 1415 1420
3 1421 1420 1415
3 1415 1416 1421
3 1416 1417 1422
3 1422 1421 1416
3 1417 1423 1422
3 1423 1417 1441
3 1441 1442 1423
3 1434 1424 1418
3 1418 1436 1434
3 1442 1441 1418
3 1418 1424 1442
3 1414 1326 1328
3 1328 1425 1414
3 1415 1414 1425
3 1425 1426 1415
3 1416 1415 1426
3 1426 1427 1416
3 1329 1443 1425
3 1425 1328 1329
3 1443 1444 1426
3 1426 1425 1443
3 1444 1445 1427
3 1427 1426 1444
3 1427 1428 1417
3 1417 1416 1427
3 1428 1440 1441
3 1441 1417 1428
3 1445 1446 1428
3 1428 1427 1445
3 1446 1447 1440
3 1440 1428 1446
3 1436 1418 1429
3 1429 1439 1436
3 1450 1449 1439
3 1439 1429 1450
3 1447 1450 1429
3 1429 1440 1447
3 1440 1429 1418
3 1418 1441 1440
3 1455 1462 1472
3 1472 1473 1455
3 1457 1471 1472
3 1472 1462 1457
3 1458 1457 1462
3 1462 1465 1458
3 1455 1473 1474
3 1474 1464 1455
3 1455 1452 1465
3 1465 1462 1455
3 1478 1477 1466
3 1466 1459 1478
3 1460 1459 1466
3 1466 1461 1460
3 1466 1477 1476
3 1476 1461 1466
3 1475 1334 1330
3 1330 1456 1475
3 1475 1456 1464
3 1464 1474 1475
3 1460 1458 1465
3 1465 1468 1460
3 1468 1465 1452
3 1452 1463 1468
3 1456 1453 1463
3 1463 1464 1456
3 1452 1455 1464
3 1464 1463 1452
3 1468 1469 1459
3 1459 1460 1468
3 1469 1453 1467
3 1453 1469 1468
3 1468 1463 1453
3 1479 1478 1459
3 1459 1469 1479
3 1467 1480 1479
3 1479 1469 1467
3 1332 1336 1480
3 1480 1467 1332
3 1453 1338 1332
3 1332 1467 1453
3 1338 1453 1456
3 1456 1330 1338
3 1431 1432 1435
3 1435 1437 1431
3 1485 1482 1432
3 1432 1431 1485
3 1461 1451 1458
3 1458 1460 1461
3 1454 1470 1471
3 1471 1457 1454
3 1451 1454 1457
3 1457 1458 1451
3 1476 778 1451
3 1451 1461 1476
3 1454 1489 1413
3 1413 1470 1454
3 778 1489 1454
3 1454 1451 778
3 1413 1489 1490
3 1490 1481 1413
3 1499 1500 775
3 775 764 1499
3 1500 1499 1496
3 1496 1497 1500
3 1484 1497 1496
3 1496 1483 1484
3 1500 1501 779
3 779 775 1500
3 1488 1501 1491
3 1501 1488 779
3 312 321 318
3 318 311 312
3 331 329 312
3 329 321 312
3 1365 1367 1358
3 1358 1347 1365
3 1379 1358 1367
3 1367 1377 1379
3 1360 1359 1368
3 1368 1366 1360
3 1378 1368 1359
3 1359 1362 1378
3 320 1359 1360
3 1360 319 320
3 332 1340 330
3 1362 329 1341
3 332 322 1410
3 1410 1340 332
3 320 329 1362
3 1362 1359 320
3 1431 1437 1438
3 1438 1430 1431
3 1448 1433 1430
3 1430 1438 1448
3 1486 1485 1431
3 1431 1430 1486
3 1495 1492 1411
3 1493 1433 1412
3 1481 1490 1495
3 1495 1411 1481
3 1498 1497 1484
3 1484 1487 1498
3 1498 1501 1500
3 1500 1497 1498
3 1494 1498 1493
3 1493 1498 1487
3 1494 1491 1501
3 1501 1498 1494
3 1433 1493 1486
3 1486 1430 1433
3 1502 1504 1648
3 1648 1649 1502
3 1504 1506 1647
3 1647 1648 1504
3 1506 1508 1646
3 1646 1647 1506
3 1510 1511 1644
3 1644 1645 1510
3 1511 1514 1643
3 1643 1644 1511
3 1514 1516 1642
3 1642 1643 1514
3 1516 1518 1641
3 1641 1642 1516
3 1518 1520 1640
3 1640 1641 1518
3 1520 1521 1639
3 1639 1640 1520
3 1521 1523 1638
3 1638 1639 1521
3 1523 1526 1637
3 1637 1638 1523
3 1526 1527 1636
3 1636 1637 1526
3 1527 1529 1635
3 1635 1636 1527
3 1529 1532 1634
3 1634 1635 1529
3 1634 1532 1534
3 1534 1633 1634
3 1534 1502 1649
3 1649 1633 1534
3 1618 1617 1619
3 1619 1620 1618
3 1618 1620 1621
3 1621 1622 1618
3 1618 1622 1623
3 1623 1624 1618
3 1618 1624 1625
3 1625 1626 1618
3 1618 1626 1627
3 1627 1628 1618
3 1618 1628 1629
3 1629 1630 1618
3 1618 1630 1631
3 1631 1632 1618
3 1618 1632 1616
3 1616 1617 1618
3 1569 1505 1503
3 1503 1568 1569
3 1507 1505 1569
3 1569 1570 1507
3 1509 1507 1570
3 1570 1571 1509
3 1512 1509 1571
3 1571 1572 1512
3 1513 1512 1572
3 1572 1573 1513
3 1515 1513 1573
3 1573 1574 1515
3 1517 1515 1574
3 1574 1575 1517
3 1519 1517 1575
3 1575 1576 1519
3 1522 1519 1576
3 1576 1577 1522
3 1524 1522 1577
3 1577 1578 1524
3 1525 1524 1578
3 1578 1579 1525
3 1528 1525 1579
3 1579 1580 1528
3 1530 1528 1580
3 1580 1581 1530
3 1531 1530 1581
3 1581 1582 1531
3 1533 1531 1582
3 1582 1583 1533
3 1503 1533 1583
3 1583 1568 1503
3 1535 1538 1585
3 1585 1584 1535
3 1538 1540 1586
3 1586 1585 1538
3 1540 1543 1587
3 1587 1586 1540
3 1543 1545 1588
3 1588 1587 1543
3 1545 1547 1589
3 1589 1588 1545
3 1547 1548 1590
3 1590 1589 1547
3 1548 1550 1591
3 1591 1590 1548
3 1550 1552 1592
3 1592 1591 1550
3 1552 1555 1593
3 1593 1592 1552
3 1555 1557 1594
3 1594 1593 1555
3 1557 1559 1595
3 1595 1594 1557
3 1559 1561 1596
3 1596 1595 1559
3 1561 1563 1597
3 1597 1596 1561
3 1563 1564 1598
3 1598 1597 1563
3 1564 1567 1599
3 1599 1598 1564
3 1567 1535 1584
3 1584 1599 1567
3 1601 1569 1568
3 1568 1600 1601
3 1602 1570 1569
3 1569 1601 1602
3 1571 1570 1602
3 1602 1603 1571
3 1604 1572 1571
3 1571 1603 1604
3 1605 1573 1572
3 1572 1604 1605
3 1606 1574 1573
3 1573 1605 1606
3 1607 1575 1574
3 1574 1606 1607
3 1608 1576 1575
3 1575 1607 1608
3 1609 1577 1576
3 1576 1608 1609
3 1610 1578 1577
3 1577 1609 1610
3 1611 1579 1578
3 1578 1610 1611
3 1612 1580 1579
3 1579 1611 1612
3 1613 1581 1580
3 1580 1612 1613
3 1614 1582 1581
3 1581 1613 1614
3 1615 1583 1582
3 1582 1614 1615
3 1600 1568 1583
3 1583 1615 1600
3 1585 1617 1616
3 1616 1584 1585
3 1586 1619 1617
3 1617 1585 1586
3 1587 1620 1619
3 1619 1586 1587
3 1588 1621 1620
3 1620 1587 1588
3 1589 1622 1621
3 1621 1588 1589
3 1590 1623 1622
3 1622 1589 1590
3 1591 1624 1623
3 1623 1590 1591
3 1592 1625 1624
3 1624 1591 1592
3 1593 1626 1625
3 1625 1592 1593
3 1594 1627 1626
3 1626 1593 1594
3 1595 1628 1627
3 1627 1594 1595
3 1596 1629 1628
3 1628 1595 1596
3 1597 1630 1629
3 1629 1596 1597
3 1598 1631 1630
3 1630 1597 1598
3 1599 1632 1631
3 1631 1598 1599
3 1584 1616 1632
3 1632 1599 1584
3 1565 1634 1633
3 1633 1566 1565
3 1635 1634 1565
3 1565 1562 1635
3 1636 1635 1562
3 1562 1560 1636
3 1637 1636 1560
3 1560 1558 1637
3 1638 1637 1558
3 1558 1556 1638
3 1639 1638 1556
3 1556 1554 1639
3 1640 1639 1554
3 1554 1553 1640
3 1641 1640 1553
3 1553 1551 1641
3 1642 1641 1551
3 1551 1549 1642
3 1643 1642 1549
3 1549 1546 1643
3 1644 1643 1546
3 1546 1544 1644
3 1645 1644 1544
3 1544 1542 1645
3 1647 1646 1541
3 1541 1539 1647
3 1648 1647 1539
3 1539 1537 1648
3 1649 1648 1537
3 1537 1536 1649
3 1633 1649 1536
3 1536 1566 1633
3 1601 1600 1650
3 1650 1651 1601
3 1602 1601 1651
3 1651 1652 1602
3 1603 1602 1652
3 1652 1653 1603
3 1604 1603 1653
3 1653 1654 1604
3 1605 1604 1654
3 1654 1655 1605
3 1606 1605 1655
3 1655 1656 1606
3 1607 1606 1656
3 1656 1657 1607
3 1608 1607 1657
3 1657 1658 1608
3 1609 1608 1658
3 1658 1659 1609
3 1610 1609 1659
3 1659 1660 1610
3 1611 1610 1660
3 1660 1661 1611
3 1612 1611 1661
3 1661 1662 1612
3 1613 1612 1662
3 1662 1663 1613
3 1614 1613 1663
3 1663 1664 1614
3 1615 1614 1664
3 1664 1665 1615
3 1600 1615 1665
3 1665 1650 1600
3 1651 1650 1666
3 1666 1667 1651
3 1652 1651 1667
3 1667 1668 1652
3 1653 1652 1668
3 1668 1669 1653
3 1654 1653 1669
3 1669 1670 1654
3 1655 1654 1670
3 1670 1671 1655
3 1656 1655 1671
3 1671 1672 1656
3 1657 1656 1672
3 1672 1673 1657
3 1658 1657 1673
3 1673 1674 1658
3 1659 1658 1674
3 1674 1675 1659
3 1660 1659 1675
3 1675 1676 1660
3 1661 1660 1676
3 1676 1677 1661
3 1662 1661 1677
3 1677 1678 1662
3 1663 1662 1678
3 1678 1679 1663
3 1664 1663 1679
3 1679 1680 1664
3 1665 1664 1680
3 1680 1681 1665
3 1650 1665 1681
3 1681 1666 1650
3 1667 1666 1682
3 1682 1683 1667
3 1668 1667 1683
3 1683 1684 1668
3 1669 1668 1684
3 1684 1685 1669
3 1670 1669 1685
3 1685 1686 1670
3 1671 1670 1686
3 1686 1687 1671
3 1672 1671 1687
3 1687 1688 1672
3 1673 1672 1688
3 1688 1689 1673
3 1674 1673 1689
3 1689 1690 1674
3 1675 1674 1690
3 1690 1691 1675
3 1676 1675 1691
3 1691 1692 1676
3 1677 1676 1692
3 1692 1693 1677
3 1678 1677 1693
3 1693 1694 1678
3 1679 1678 1694
3 1694 1695 1679
3 1680 1679 1695
3 1695 1696 1680
3 1681 1680 1696
3 1696 1697 1681
3 1666 1681 1697
3 1697 1682 1666
3 1683 1682 1698
3 1684 1683 1698
3 1685 1684 1698
3 1686 1685 1698
3 1687 1686 1698
3 1688 1687 1698
3 1689 1688 1698
3 1690 1689 1698
3 1691 1690 1698
3 1692 1691 1698
3 1693 1692 1698
3 1694 1693 1698
3 1695 1694 1698
3 1696 1695 1698
3 1697 1696 1698
3 1682 1697 1698
3 1699 1846 1845
3 1845 1701 1699
3 1701 1845 1844
3 1844 1703 1701
3 1703 1844 1843
3 1843 1705 1703
3 1706 1842 1841
3 1841 1708 1706
3 1708 1841 1840
3 1840 1710 1708
3 1710 1840 1839
3 1839 1712 1710
3 1712 1839 1838
3 1838 1714 1712
3 1714 1838 1837
3 1837 1716 1714
3 1716 1837 1836
3 1836 1718 1716
3 1718 1836 1835
3 1835 1720 1718
3 1720 1835 1834
3 1834 1722 1720
3 1722 1834 1833
3 1833 1724 1722
3 1724 1833 1832
3 1832 1727 1724
3 1727 1832 1831
3 1831 1728 1727
3 1831 1830 1730
3 1730 1728 1831
3 1730 1830 1846
3 1846 1699 1730
3 1815 1817 1816
3 1816 1814 1815
3 1815 1819 1818
3 1818 1817 1815
3 1815 1821 1820
3 1820 1819 1815
3 1815 1823 1822
3 1822 1821 1815
3 1815 1825 1824
3 1824 1823 1815
3 1815 1827 1826
3 1826 1825 1815
3 1815 1829 1828
3 1828 1827 1815
3 1815 1814 1813
3 1813 1829 1815
3 1766 1765 1700
3 1700 1702 1766
3 1704 1767 1766
3 1766 1702 1704
3 1707 1768 1767
3 1767 1704 1707
3 1709 1769 1768
3 1768 1707 1709
3 1711 1770 1769
3 1769 1709 1711
3 1713 1771 1770
3 1770 1711 1713
3 1715 1772 1771
3 1771 1713 1715
3 1717 1773 1772
3 1772 1715 1717
3 1719 1774 1773
3 1773 1717 1719
3 1721 1775 1774
3 1774 1719 1721
3 1723 1776 1775
3 1775 1721 1723
3 1725 1777 1776
3 1776 1723 1725
3 1726 1778 1777
3 1777 1725 1726
3 1729 1779 1778
3 1778 1726 1729
3 1731 1780 1779
3 1779 1729 1731
3 1700 1765 1780
3 1780 1731 1700
3 1732 1781 1782
3 1782 1735 1732
3 1735 1782 1783
3 1783 1737 1735
3 1737 1783 1784
3 1784 1738 1737
3 1738 1784 1785
3 1785 1741 1738
3 1741 1785 1786
3 1786 1744 1741
3 1744 1786 1787
3 1787 1746 1744
3 1746 1787 1788
3 1788 1748 1746
3 1748 1788 1789
3 1789 1750 1748
3 1750 1789 1790
3 1790 1752 1750
3 1752 1790 1791
3 1791 1754 1752
3 1754 1791 1792
3 1792 1755 1754
3 1755 1792 1793
3 1793 1757 1755
3 1757 1793 1794
3 1794 1759 1757
3 1759 1794 1795
3 1795 1762 1759
3 1762 1795 1796
3 1796 1764 1762
3 1764 1796 1781
3 1781 1732 1764
3 1798 1797 1765
3 1765 1766 1798
3 1799 1798 1766
3 1766 1767 1799
3 1768 1800 1799
3 1799 1767 1768
3 1801 1800 1768
3 1768 1769 1801
3 1802 1801 1769
3 1769 1770 1802
3 1803 1802 1770
3 1770 1771 1803
3 1804 1803 1771
3 1771 1772 1804
3 1805 1804 1772
3 1772 1773 1805
3 1806 1805 1773
3 1773 1774 1806
3 1807 1806 1774
3 1774 1775 1807
3 1808 1807 1775
3 1775 1776 1808
3 1809 1808 1776
3 1776 1777 1809
3 1810 1809 1777
3 1777 1778 1810
3 1811 1810 1778
3 1778 1779 1811
3 1812 1811 1779
3 1779 1780 1812
3 1797 1812 1780
3 1780 1765 1797
3 1782 1781 1813
3 1813 1814 1782
3 1783 1782 1814
3 1814 1816 1783
3 1784 1783 1816
3 1816 1817 1784
3 1785 1784 1817
3 1817 1818 1785
3 1786 1785 1818
3 1818 1819 1786
3 1787 1786 1819
3 1819 1820 1787
3 1788 1787 1820
3 1820 1821 1788
3 1789 1788 1821
3 1821 1822 1789
3 1790 1789 1822
3 1822 1823 1790
3 1791 1790 1823
3 1823 1824 1791
3 1792 1791 1824
3 1824 1825 1792
3 1793 1792 1825
3 1825 1826 1793
3 1794 1793 1826
3 1826 1827 1794
3 1795 1794 1827
3 1827 1828 1795
3 1796 1795 1828
3 1828 1829 1796
3 1781 1796 1829
3 1829 1813 1781
3 1761 1763 1830
3 1830 1831 1761
3 1832 1760 1761
3 1761 1831 1832
3 1833 1758 1760
3 1760 1832 1833
3 1834 1756 1758
3 1758 1833 1834
3 1835 1753 1756
3 1756 1834 1835
3 1836 1751 1753
3 1753 1835 1836
3 1837 1749 1751
3 1751 1836 1837
3 1838 1747 1749
3 1749 1837 1838
3 1839 1745 1747
3 1747 1838 1839
3 1840 1743 1745
3 1745 1839 1840
3 1841 1742 1743
3 1743 1840 1841
3 1842 1739 1742
3 1742 1841 1842
3 1844 1736 1740
3 1740 1843 1844
3 1845 1734 1736
3 1736 1844 1845
3 1846 1733 1734
3 1734 1845 1846
3 1830 1763 1733
3 1733 1846 1830
3 1798 1848 1847
3 1847 1797 1798
3 1799 1849 1848
3 1848 1798 1799
3 1800 1850 1849
3 1849 1799 1800
3 1801 1851 1850
3 1850 1800 1801
3 1802 1852 1851
3 1851 1801 1802
3 1803 1853 1852
3 1852 1802 1803
3 1804 1854 1853
3 1853 1803 1804
3 1805 1855 1854
3 1854 1804 1805
3 1806 1856 1855
3 1855 1805 1806
3 1807 1857 1856
3 1856 1806 1807
3 1808 1858 1857
3 1857 1807 1808
3 1809 1859 1858
3 1858 1808 1809
3 1810 1860 1859
3 1859 1809 1810
3 1811 1861 1860
3 1860 1810 1811
3 1812 1862 1861
3 1861 1811 1812
3 1797 1847 1862
3 1862 1812 1797
3 1848 1864 1863
3 1863 1847 1848
3 1849 1865 1864
3 1864 1848 1849
3 1850 1866 1865
3 1865 1849 1850
3 1851 1867 1866
3 1866 1850 1851
3 1852 1868 1867
3 1867 1851 1852
3 1853 1869 1868
3 1868 1852 1853
3 1854 1870 1869
3 1869 1853 1854
3 1855 1871 1870
3 1870 1854 1855
3 1856 1872 1871
3 1871 1855 1856
3 1857 1873 1872
3 1872 1856 1857
3 1858 1874 1873
3 1873 1857 1858
3 1859 1875 1874
3 1874 1858 1859
3 1860 1876 1875
3 1875 1859 1860
3 1861 1877 1876
3 1876 1860 1861
3 1862 1878 1877
3 1877 1861 1862
3 1847 1863 1878
3 1878 1862 1847
3 1864 1880 1879
3 1879 1863 1864
3 1865 1881 1880
3 1880 1864 1865
3 1866 1882 1881
3 1881 1865 1866
3 1867 1883 1882
3 1882 1866 1867
3 1868 1884 1883
3 1883 1867 1868
3 1869 1885 1884
3 1884 1868 1869
3 1870 1886 1885
3 1885 1869 1870
3 1871 1887 1886
3 1886 1870 1871
3 1872 1888 1887
3 1887 1871 1872
3 1873 1889 1888
3 1888 1872 1873
3 1874 1890 1889
3 1889 1873 1874
3 1875 1891 1890
3 1890 1874 1875
3 1876 1892 1891
3 1891 1875 1876
3 1877 1893 1892
3 1892 1876 1877
3 1878 1894 1893
3 1893 1877 1878
3 1863 1879 1894
3 1894 1878 1863
3 1880 1895 1879
3 1881 1895 1880
3 1882 1895 1881
3 1883 1895 1882
3 1884 1895 1883
3 1885 1895 1884
3 1886 1895 1885
3 1887 1895 1886
3 1888 1895 1887
3 1889 1895 1888
3 1890 1895 1889
3 1891 1895 1890
3 1892 1895 1891
3 1893 1895 1892
3 1894 1895 1893
3 1879 1895 1894
3 1896 2043 2042
3 2042 1898 1896
3 1898 2042 2041
3 2041 1901 1898
3 1901 2041 2040
3 2040 1904 1901
3 1902 2039 2038
3 2038 1906 1902
3 1906 2038 2037
3 2037 1908 1906
3 1908 2037 2036
3 2036 1910 1908
3 1910 2036 2035
3 2035 1912 1910
3 1912 2035 2034
3 2034 1913 1912
3 1913 2034 2033
3 2033 1915 1913
3 1915 2033 2032
3 2032 1918 1915
3 1918 2032 2031
3 2031 1919 1918
3 1919 2031 2030
3 2030 1921 1919
3 1921 2030 2029
3 2029 1924 1921
3 1924 2029 2028
3 2028 1926 1924
3 2028 2027 1928
3 1928 1926 2028
3 1928 2027 2043
3 2043 1896 1928
3 2012 2014 2013
3 2013 2011 2012
3 2012 2016 2015
3 2015 2014 2012
3 2012 2018 2017
3 2017 2016 2012
3 2012 2020 2019
3 2019 2018 2012
3 2012 2022 2021
3 2021 2020 2012
3 2012 2024 2023
3 2023 2022 2012
3 2012 2026 2025
3 2025 2024 2012
3 2012 2011 2010
3 2010 2026 2012
3 1963 1962 1897
3 1897 1899 1963
3 1900 1964 1963
3 1963 1899 1900
3 1903 1965 1964
3 1964 1900 1903
3 1905 1966 1965
3 1965 1903 1905
3 1907 1967 1966
3 1966 1905 1907
3 1909 1968 1967
3 1967 1907 1909
3 1911 1969 1968
3 1968 1909 1911
3 1914 1970 1969
3 1969 1911 1914
3 1916 1971 1970
3 1970 1914 1916
3 1917 1972 1971
3 1971 1916 1917
3 1920 1973 1972
3 1972 1917 1920
3 1922 1974 1973
3 1973 1920 1922
3 1923 1975 1974
3 1974 1922 1923
3 1925 1976 1975
3 1975 1923 1925
3 1927 1977 1976
3 1976 1925 1927
3 1897 1962 1977
3 1977 1927 1897
3 1929 1978 1979
3 1979 1932 1929
3 1932 1979 1980
3 1980 1934 1932
3 1934 1980 1981
3 1981 1935 1934
3 1935 1981 1982
3 1982 1938 1935
3 1938 1982 1983
3 1983 1940 1938
3 1940 1983 1984
3 1984 1943 1940
3 1943 1984 1985
3 1985 1945 1943
3 1945 1985 1986
3 1986 1946 1945
3 1946 1986 1987
3 1987 1948 1946
3 1948 1987 1988
3 1988 1950 1948
3 1950 1988 1989
3 1989 1952 1950
3 1952 1989 1990
3 1990 1955 1952
3 1955 1990 1991
3 1991 1957 1955
3 1957 1991 1992
3 1992 1959 1957
3 1959 1992 1993
3 1993 1961 1959
3 1961 1993 1978
3 1978 1929 1961
3 1995 1994 1962
3 1962 1963 1995
3 1996 1995 1963
3 1963 1964 1996
3 1965 1997 1996
3 1996 1964 1965
3 1998 1997 1965
3 1965 1966 1998
3 1999 1998 1966
3 1966 1967 1999
3 2000 1999 1967
3 1967 1968 2000
3 2001 2000 1968
3 1968 1969 2001
3 2002 2001 1969
3 1969 1970 2002
3 2003 2002 1970
3 1970 1971 2003
3 2004 2003 1971
3 1971 1972 2004
3 2005 2004 1972
3 1972 1973 2005
3 2006 2005 1973
3 1973 1974 2006
3 2007 2006 1974
3 1974 1975 2007
3 2008 2007 1975
3 1975 1976 2008
3 2009 2008 1976
3 1976 1977 2009
3 1994 2009 1977
3 1977 1962 1994
3 1979 1978 2010
3 2010 2011 1979
3 1980 1979 2011
3 2011 2013 1980
3 1981 1980 2013
3 2013 2014 1981
3 1982 1981 2014
3 2014 2015 1982
3 1983 1982 2015
3 2015 2016 1983
3 1984 1983 2016
3 2016 2017 1984
3 1985 1984 2017
3 2017 2018 1985
3 1986 1985 2018
3 2018 2019 1986
3 1987 1986 2019
3 2019 2020 1987
3 1988 1987 2020
3 2020 2021 1988
3 1989 1988 2021
3 2021 2022 1989
3 1990 1989 2022
3 2022 2023 1990
3 1991 1990 2023
3 2023 2024 1991
3 1992 1991 2024
3 2024 2025 1992
3 1993 1992 2025
3 2025 2026 1993
3 1978 1993 2026
3 2026 2010 1978
3 1958 1960 2027
3 2027 2028 1958
3 2029 1956 1958
3 1958 2028 2029
3 2030 1954 1956
3 1956 2029 2030
3 2031 1953 1954
3 1954 2030 2031
3 2032 1951 1953
3 1953 2031 2032
3 2033 1949 1951
3 1951 2032 2033
3 2034 1947 1949
3 1949 2033 2034
3 2035 1944 1947
3 1947 2034 2035
3 2036 1942 1944
3 1944 2035 2036
3 2037 1941 1942
3 1942 2036 2037
3 2038 1939 1941
3 1941 2037 2038
3 2039 1936 1939
3 1939 2038 2039
3 2041 1933 1937
3 1937 2040 2041
3 2042 1931 1933
3 1933 2041 2042
3 2043 1930 1931
3 1931 2042 2043
3 2027 1960 1930
3 1930 2043 2027
3 1995 2045 2044
3 2044 1994 1995
3 1996 2046 2045
3 2045 1995 1996
3 1997 2047 2046
3 2046 1996 1997
3 1998 2048 2047
3 2047 1997 1998
3 1999 2049 2048
3 2048 1998 1999
3 2000 2050 2049
3 2049 1999 2000
3 2001 2051 2050
3 2050 2000 2001
3 2002 2052 2051
3 2051 2001 2002
3 2003 2053 2052
3 2052 2002 2003
3 2004 2054 2053
3 2053 2003 2004
3 2005 2055 2054
3 2054 2004 2005
3 2006 2056 2055
3 2055 2005 2006
3 2007 2057 2056
3 2056 2006 2007
3 2008 2058 2057
3 2057 2007 2008
3 2009 2059 2058
3 2058 2008 2009
3 1994 2044 2059
3 2059 2009 1994
3 2045 2061 2060
3 2060 2044 2045
3 2046 2062 2061
3 2061 2045 2046
3 2047 2063 2062
3 2062 2046 2047
3 2048 2064 2063
3 2063 2047 2048
3 2049 2065 2064
3 2064 2048 2049
3 2050 2066 2065
3 2065 2049 2050
3 2051 2067 2066
3 2066 2050 2051
3 2052 2068 2067
3 2067 2051 2052
3 2053 2069 2068
3 2068 2052 2053
3 2054 2070 2069
3 2069 2053 2054
3 2055 2071 2070
3 2070 2054 2055
3 2056 2072 2071
3 2071 2055 2056
3 2057 2073 2072
3 2072 2056 2057
3 2058 2074 2073
3 2073 2057 2058
3 2059 2075 2074
3 2074 2058 2059
3 2044 2060 2075
3 2075 2059 2044
3 2061 2077 2076
3 2076 2060 2061
3 2062 2078 2077
3 2077 2061 2062
3 2063 2079 2078
3 2078 2062 2063
3 2064 2080 2079
3 2079 2063 2064
3 2065 2081 2080
3 2080 2064 2065
3 2066 2082 2081
3 2081 2065 2066
3 2067 2083 2082
3 2082 2066 2067
3 2068 2084 2083
3 2083 2067 2068
3 2069 2085 2084
3 2084 2068 2069
3 2070 2086 2085
3 2085 2069 2070
3 2071 2087 2086
3 2086 2070 2071
3 2072 2088 2087
3 2087 2071 2072
3 2073 2089 2088
3 2088 2072 2073
3 2074 2090 2089
3 2089 2073 2074
3 2075 2091 2090
3 2090 2074 2075
3 2060 2076 2091
3 2091 2075 2060
3 2077 2092 2076
3 2078 2092 2077
3 2079 2092 2078
3 2080 2092 2079
3 2081 2092 2080
3 2082 2092 2081
3 2083 2092 2082
3 2084 2092 2083
3 2085 2092 2084
3 2086 2092 2085
3 2087 2092 2086
3 2088 2092 2087
3 2089 2092 2088
3 2090 2092 2089
3 2091 2092 2090
3 2076 2092 2091
3 2094 2096 2239
3 2239 2240 2094
3 2096 2097 2238
3 2238 2239 2096
3 2097 2101 2237
3 2237 2238 2097
3 2099 2102 2235
3 2235 2236 2099
3 2102 2105 2234
3 2234 2235 2102
3 2105 2106 2233
3 2233 2234 2105
3 2106 2108 2232
3 2232 2233 2106
3 2108 2111 2231
3 2231 2232 2108
3 2111 2113 2230
3 2230 2231 2111
3 2113 2114 2229
3 2229 2230 2113
3 2114 2117 2228
3 2228 2229 2114
3 2117 2118 2227
3 2227 2228 2117
3 2118 2121 2226
3 2226 2227 2118
3 2121 2122 2225
3 2225 2226 2121
3 2225 2122 2125
3 2125 2224 2225
3 2125 2094 2240
3 2240 2224 2125
3 2209 2208 2210
3 2210 2211 2209
3 2209 2211 2212
3 2212 2213 2209
3 2209 2213 2214
3 2214 2215 2209
3 2209 2215 2216
3 2216 2217 2209
3 2209 2217 2218
3 2218 2219 2209
3 2209 2219 2220
3 2220 2221 2209
3 2209 2221 2222
3 2222 2223 2209
3 2209 2223 2207
3 2207 2208 2209
3 2160 2095 2093
3 2093 2159 2160
3 2098 2095 2160
3 2160 2161 2098
3 2100 2098 2161
3 2161 2162 2100
3 2103 2100 2162
3 2162 2163 2103
3 2104 2103 2163
3 2163 2164 2104
3 2107 2104 2164
3 2164 2165 2107
3 2109 2107 2165
3 2165 2166 2109
3 2110 2109 2166
3 2166 2167 2110
3 2112 2110 2167
3 2167 2168 2112
3 2115 2112 2168
3 2168 2169 2115
3 2116 2115 2169
3 2169 2170 2116
3 2119 2116 2170
3 2170 2171 2119
3 2120 2119 2171
3 2171 2172 2120
3 2123 2120 2172
3 2172 2173 2123
3 2124 2123 2173
3 2173 2174 2124
3 2093 2124 2174
3 2174 2159 2093
3 2127 2128 2176
3 2176 2175 2127
3 2128 2131 2177
3 2177 2176 2128
3 2131 2133 2178
3 2178 2177 2131
3 2133 2136 2179
3 2179 2178 2133
3 2136 2137 2180
3 2180 2179 2136
3 2137 2140 2181
3 2181 2180 2137
3 2140 2141 2182
3 2182 2181 2140
3 2141 2143 2183
3 2183 2182 2141
3 2143 2146 2184
3 2184 2183 2143
3 2146 2147 2185
3 2185 2184 2146
3 2147 2149 2186
3 2186 2185 2147
3 2149 2151 2187
3 2187 2186 2149
3 2151 2154 2188
3 2188 2187 2151
3 2154 2156 2189
3 2189 2188 2154
3 2156 2157 2190
3 2190 2189 2156
3 2157 2127 2175
3 2175 2190 2157
3 2192 2160 2159
3 2159 2191 2192
3 2193 2161 2160
3 2160 2192 2193
3 2162 2161 2193
3 2193 2194 2162
3 2195 2163 2162
3 2162 2194 2195
3 2196 2164 2163
3 2163 2195 2196
3 2197 2165 2164
3 2164 2196 2197
3 2198 2166 2165
3 2165 2197 2198
3 2199 2167 2166
3 2166 2198 2199
3 2200 2168 2167
3 2167 2199 2200
3 2201 2169 2168
3 2168 2200 2201
3 2202 2170 2169
3 2169 2201 2202
3 2203 2171 2170
3 2170 2202 2203
3 2204 2172 2171
3 2171 2203 2204
3 2205 2173 2172
3 2172 2204 2205
3 2206 2174 2173
3 2173 2205 2206
3 2191 2159 2174
3 2174 2206 2191
3 2176 2208 2207
3 2207 2175 2176
3 2177 2210 2208
3 2208 2176 2177
3 2178 2211 2210
3 2210 2177 2178
3 2179 2212 2211
3 2211 2178 2179
3 2180 2213 2212
3 2212 2179 2180
3 2181 2214 2213
3 2213 2180 2181
3 2182 2215 2214
3 2214 2181 2182
3 2183 2216 2215
3 2215 2182 2183
3 2184 2217 2216
3 2216 2183 2184
3 2185 2218 2217
3 2217 2184 2185
3 2186 2219 2218
3 2218 2185 2186
3 2187 2220 2219
3 2219 2186 2187
3 2188 2221 2220
3 2220 2187 2188
3 2189 2222 2221
3 2221 2188 2189
3 2190 2223 2222
3 2222 2189 2190
3 2175 2207 2223
3 2223 2190 2175
3 2155 2225 2224
3 2224 2158 2155
3 2226 2225 2155
3 2155 2153 2226
3 2227 2226 2153
3 2153 2152 2227
3 2228 2227 2152
3 2152 2150 2228
3 2229 2228 2150
3 2150 2148 2229
3 2230 2229 2148
3 2148 2145 2230
3 2231 2230 2145
3 2145 2144 2231
3 2232 2231 2144
3 2144 2142 2232
3 2233 2232 2142
3 2142 2139 2233
3 2234 2233 2139
3 2139 2138 2234
3 2235 2234 2138
3 2138 2135 2235
3 2236 2235 2135
3 2135 2134 2236
3 2238 2237 2132
3 2132 2130 2238
3 2239 2238 2130
3 2130 2129 2239
3 2240 2239 2129
3 2129 2126 2240
3 2224 2240 2126
3 2126 2158 2224
3 2192 2191 2241
3 2241 2242 2192
3 2193 2192 2242
3 2242 2243 2193
3 2194 2193 2243
3 2243 2244 2194
3 2195 2194 2244
3 2244 2245 2195
3 2196 2195 2245
3 2245 2246 2196
3 2197 2196 2246
3 2246 2247 2197
3 2198 2197 2247
3 2247 2248 2198
3 2199 2198 2248
3 2248 2249 2199
3 2200 2199 2249
3 2249 2250 2200
3 2201 2200 2250
3 2250 2251 2201
3 2202 2201 2251
3 2251 2252 2202
3 2203 2202 2252
3 2252 2253 2203
3 2204 2203 2253
3 2253 2254 2204
3 2205 2204 2254
3 2254 2255 2205
3 2206 2205 2255
3 2255 2256 2206
3 2191 2206 2256
3 2256 2241 2191
3 2242 2241 2257
3 2257 2258 2242
3 2243 2242 2258
3 2258 2259 2243
3 2244 2243 2259
3 2259 2260 2244
3 2245 2244 2260
3 2260 2261 2245
3 2246 2245 2261
3 2261 2262 2246
3 2247 2246 2262
3 2262 2263 2247
3 2248 2247 2263
3 2263 2264 2248
3 2249 2248 2264
3 2264 2265 2249
3 2250 2249 2265
3 2265 2266 2250
3 2251 2250 2266
3 2266 2267 2251
3 2252 2251 2267
3 2267 2268 2252
3 2253 2252 2268
3 2268 2269 2253
3 2254 2253 2269
3 2269 2270 2254
3 2255 2254 2270
3 2270 2271 2255
3 2256 2255 2271
3 2271 2272 2256
3 2241 2256 2272
3 2272 2257 2241
3 2258 2257 2273
3 2273 2274 2258
3 2259 2258 2274
3 2274 2275 2259
3 2260 2259 2275
3 2275 2276 2260
3 2261 2260 2276
3 2276 2277 2261
3 2262 2261 2277
3 2277 2278 2262
3 2263 2262 2278
3 2278 2279 2263
3 2264 2263 2279
3 2279 2280 2264
3 2265 2264 2280
3 2280 2281 2265
3 2266 2265 2281
3 2281 2282 2266
3 2267 2266 2282
3 2282 2283 2267
3 2268 2267 2283
3 2283 2284 2268
3 2269 2268 2284
3 2284 2285 2269
3 2270 2269 2285
3 2285 2286 2270
3 2271 2270 2286
3 2286 2287 2271
3 2272 2271 2287
3 2287 2288 2272
3 2257 2272 2288
3 2288 2273 2257
3 2274 2273 2289
3 2275 2274 2289
3 2276 2275 2289
3 2277 2276 2289
3 2278 2277 2289
3 2279 2278 2289
3 2280 2279 2289
3 2281 2280 2289
3 2282 2281 2289
3 2283 2282 2289
3 2284 2283 2289
3 2285 2284 2289
3 2286 2285 2289
3 2287 2286 2289
3 2288 2287 2289
3 2273 2288 2289
3 2291 2296 2294
3 2294 2290 2291
3 2293 2295 2291
3 2291 2292 2293
3 2297 2298 2292
3 2292 2291 2297
3 2299 2297 2291
3 2291 2290 2299
3 2300 2299 2290
3 2290 2294 2300
3 2303 2295 2293
3 2293 2301 2303
3 2293 2292 2298
3 2298 2304 2293
3 2294 2305 2306
3 2306 2300 2294
3 2302 2305 2294
3 2294 2296 2302
3 2301 2293 2304
3 2304 2307 2301
3 2308 2309 2316
3 2309 2310 2316
3 2310 2311 2316
3 2311 2312 2316
3 2312 2313 2316
3 2313 2314 2316
3 2314 2315 2316
3 2315 2308 2316
3 2309 2308 2317
3 2317 2318 2309
3 2310 2309 2318
3 2318 2319 2310
3 2311 2310 2319
3 2319 2320 2311
3 2312 2311 2320
3 2320 2321 2312
3 2313 2312 2321
3 2321 2322 2313
3 2314 2313 2323
3 2323 2324 2314
3 2325 2315 2314
3 2314 2324 2325
3 2308 2315 2325
3 2325 2317 2308
3 2326 2334 2327
3 2327 2334 2328
3 2328 2334 2329
3 2329 2334 2330
3 2330 2334 2331
3 2331 2334 2332
3 2332 2334 2333
3 2333 2334 2326
3 2327 2336 2335
3 2335 2326 2327
3 2328 2337 2336
3 2336 2327 2328
3 2329 2338 2337
3 2337 2328 2329
3 2330 2339 2338
3 2338 2329 2330
3 2331 2340 2339
3 2339 2330 2331
3 2332 2342 2341
3 2341 2331 2332
3 2343 2342 2332
3 2332 2333 2343
3 2326 2335 2343
3 2343 2333 2326
3 2345 2344 2348
3 2348 2350 2345
3 2352 2345 2346
3 2346 2351 2352
3 2353 2344 2345
3 2345 2352 2353
3 2354 2348 2344
3 2344 2353 2354
3 2349 2347 2346
3 2346 2345 2349
3 2350 2348 2355
3 2355 2357 2350
3 2355 2348 2354
3 2354 2358 2355
3 2349 2356 2359
3 2359 2347 2349
3 2351 2346 2347
3 2347 2360 2351
3 2359 2361 2360
3 2360 2347 2359
3 2376 2402 2401
3 2401 2372 2376
3 2368 2389 2402
3 2402 2376 2368
3 2400 2374 2372
3 2372 2401 2400
3 2390 2389 2368
3 2368 2370 2390
3 2403 2390 2370
3 2370 2362 2403
3 2404 2403 2362
3 2362 2365 2404
3 2378 2387 2389
3 2389 2390 2378
3 2400 2401 2392
3 2392 2399 2400
3 2392 2389 2387
3 2387 2394 2392
3 2397 2413 2367
3 2367 2377 2397
3 2398 2397 2377
3 2377 2373 2398
3 2399 2398 2373
3 2373 2375 2399
3 2400 2399 2375
3 2375 2374 2400
3 2388 2392 2394
3 2394 2396 2388
3 2392 2397 2398
3 2398 2399 2392
3 2397 2392 2388
3 2392 2401 2402
3 2402 2389 2392
3 2397 2388 2414
3 2429 2425 2440
3 2440 2441 2429
3 2421 2429 2441
3 2441 2432 2421
3 2439 2440 2425
3 2425 2427 2439
3 2433 2423 2421
3 2421 2432 2433
3 2442 2415 2423
3 2423 2433 2442
3 2379 2433 2432
3 2432 2386 2379
3 2439 2438 2435
3 2435 2440 2439
3 2435 2393 2386
3 2386 2432 2435
3 2436 2430 2420
3 2420 2451 2436
3 2437 2426 2430
3 2430 2436 2437
3 2438 2428 2426
3 2426 2437 2438
3 2439 2427 2428
3 2428 2438 2439
3 2431 2395 2393
3 2393 2435 2431
3 2435 2438 2437
3 2437 2436 2435
3 2436 2431 2435
3 2435 2432 2441
3 2441 2440 2435
3 2436 2450 2431
3 2520 2521 2479
3 2479 2493 2520
3 2477 2466 2475
3 2475 2492 2477
3 2533 2492 2475
3 2475 2532 2533
3 2479 2465 2481
3 2481 2493 2479
3 2531 2532 2475
3 2475 2495 2531
3 2475 2466 2485
3 2485 2495 2475
3 2486 2465 2479
3 2479 2498 2486
3 2498 2479 2521
3 2521 2522 2498
3 2488 2468 2486
3 2486 2498 2488
3 2513 2460 2459
3 2459 2512 2513
3 2498 2522 2523
3 2523 2488 2498
3 2485 2471 2489
3 2489 2495 2485
3 2531 2495 2489
3 2489 2530 2531
3 2512 2504 2505
3 2505 2513 2512
3 2505 2504 2489
3 2489 2471 2505
3 2460 2513 2514
3 2514 2461 2460
3 2559 2474 2478
3 2478 2554 2559
3 2491 2476 2466
3 2466 2477 2491
3 2512 2459 2527
3 2527 2528 2512
3 2504 2512 2528
3 2528 2529 2504
3 2468 2488 2503
3 2503 2502 2468
3 2523 2524 2503
3 2503 2488 2523
3 2489 2504 2529
3 2529 2530 2489
3 2511 2525 2526
3 2526 2519 2511
3 2502 2503 2511
3 2511 2510 2502
3 2524 2525 2511
3 2511 2503 2524
3 2511 2519 2518
3 2518 2510 2511
3 2506 2514 2513
3 2513 2505 2506
3 2532 2521 2520
3 2520 2533 2532
3 2529 2524 2523
3 2523 2530 2529
3 2528 2525 2524
3 2524 2529 2528
3 2528 2527 2526
3 2526 2525 2528
3 2522 2531 2530
3 2530 2523 2522
3 2532 2531 2522
3 2522 2521 2532
3 2562 2554 2478
3 2478 2517 2562
3 2562 2517 2491
3 2491 2561 2562
3 2561 2491 2477
3 2477 2543 2561
3 2543 2542 2560
3 2560 2561 2543
3 2577 2560 2542
3 2542 2578 2577
3 2550 2537 2493
3 2493 2481 2550
3 2544 2549 2550
3 2550 2547 2544
3 2549 2534 2537
3 2537 2550 2549
3 2568 2580 2534
3 2534 2549 2568
3 2549 2544 2586
3 2586 2568 2549
3 2552 2545 2548
3 2548 2551 2552
3 2545 2544 2547
3 2547 2548 2545
3 2591 2585 2546
3 2546 2553 2591
3 2544 2546 2585
3 2585 2586 2544
3 2592 2567 2566
3 2566 2590 2592
3 2591 2584 2567
3 2567 2592 2591
3 2553 2584 2591
3 2590 2566 2570
3 2570 2589 2590
3 2595 2589 2570
3 2570 2569 2595
3 2596 2571 2589
3 2589 2595 2596
3 2593 2572 2571
3 2571 2596 2593
3 2520 2493 2537
3 2537 2536 2520
3 2534 2535 2536
3 2536 2537 2534
3 2535 2534 2580
3 2580 2581 2535
3 2536 2541 2533
3 2533 2520 2536
3 2540 2492 2533
3 2533 2541 2540
3 2543 2477 2492
3 2492 2540 2543
3 2536 2535 2538
3 2538 2541 2536
3 2582 2538 2535
3 2535 2581 2582
3 2540 2539 2542
3 2542 2543 2540
3 2542 2539 2579
3 2579 2578 2542
3 2573 2539 2540
3 2540 2541 2573
3 2583 2573 2538
3 2538 2582 2583
3 2573 2583 2594
3 2594 2583 2572
3 2572 2593 2594
3 2594 2579 2539
3 2539 2573 2594
3 2541 2538 2573
3 2569 2565 2588
3 2588 2595 2569
3 2561 2560 2564
3 2564 2562 2561
3 2560 2577 2576
3 2576 2563 2560
3 2554 2556 2557
3 2557 2559 2554
3 2556 2554 2562
3 2562 2564 2556
3 2563 2576 2575
3 2575 2555 2563
3 2555 2575 2599
3 2597 2587 2598
3 2597 2588 2565
3 2565 2574 2597
3 2598 2587 2599
3 2574 2587 2597
3 2555 2599 2558
3 2599 2587 2558
3 2587 2574 2558
3 2487 2468 2502
3 2502 2501 2487
3 2501 2502 2510
3 2510 2509 2501
3 2509 2510 2518
3 2518 2458 2509
3 2600 2509 2458
3 2458 2601 2600
3 2602 2501 2509
3 2509 2600 2602
3 2606 2508 2500
3 2500 2608 2606
3 2607 2457 2508
3 2508 2606 2607
3 2487 2501 2602
3 2602 2603 2487
3 2481 2494 2547
3 2547 2550 2481
3 2482 2473 2551
3 2551 2548 2482
3 2548 2547 2494
3 2494 2482 2548
3 2468 2487 2497
3 2497 2486 2468
3 2494 2481 2465
3 2465 2480 2494
3 2480 2465 2486
3 2486 2497 2480
3 2497 2487 2603
3 2603 2610 2497
3 2480 2497 2610
3 2610 2611 2480
3 2500 2469 2609
3 2609 2608 2500
3 2463 2473 2482
3 2482 2452 2463
3 2452 2482 2494
3 2494 2480 2452
3 2611 2604 2452
3 2452 2480 2611
3 2612 2609 2469
3 2469 2472 2612
3 2612 2472 2605
3 2605 2613 2612
3 2614 2463 2452
3 2452 2604 2614
3 2614 2613 2605
3 2605 2463 2614
3 2616 2453 2454
3 2454 2615 2616
3 2461 2514 2454
3 2454 2453 2461
3 2620 2515 2462
3 2462 2621 2620
3 2485 2466 2476
3 2476 2496 2485
3 2471 2485 2496
3 2496 2490 2471
3 2490 2506 2505
3 2505 2471 2490
3 2474 2464 2467
3 2467 2478 2474
3 2478 2467 2516
3 2516 2517 2478
3 2476 2491 2517
3 2517 2516 2476
3 2499 2496 2476
3 2476 2516 2499
3 2516 2467 2484
3 2484 2499 2516
3 2514 2506 2455
3 2455 2454 2514
3 2454 2455 2617
3 2617 2615 2454
3 2506 2490 2456
3 2456 2455 2506
3 2496 2499 2456
3 2456 2490 2496
3 2455 2456 2623
3 2623 2617 2455
3 2623 2456 2624
3 2625 2624 2456
3 2456 2499 2625
3 2484 2618 2625
3 2625 2499 2484
3 2507 2515 2620
3 2620 2622 2507
3 2467 2464 2484
3 2484 2464 2619
3 2464 2483 2619
3 2626 2618 2484
3 2484 2619 2626
3 2470 2627 2619
3 2619 2483 2470
3 2470 2628 2627
3 2507 2622 2628
3 2628 2470 2507
3 2627 2626 2619
3 2688 2663 2649
3 2649 2689 2688
3 2647 2662 2645
3 2645 2636 2647
3 2699 2698 2645
3 2645 2662 2699
3 2649 2663 2651
3 2651 2635 2649
3 2697 2665 2645
3 2645 2698 2697
3 2645 2665 2655
3 2655 2636 2645
3 2656 2668 2649
3 2649 2635 2656
3 2668 2690 2689
3 2689 2649 2668
3 2658 2668 2656
3 2656 2638 2658
3 2683 2682 2459
3 2459 2460 2683
3 2668 2658 2691
3 2691 2690 2668
3 2655 2665 2659
3 2659 2641 2655
3 2697 2696 2659
3 2659 2665 2697
3 2682 2683 2675
3 2675 2674 2682
3 2675 2641 2659
3 2659 2674 2675
3 2460 2461 2684
3 2684 2683 2460
3 2725 2720 2648
3 2648 2644 2725
3 2661 2647 2636
3 2636 2646 2661
3 2682 2694 2527
3 2527 2459 2682
3 2674 2695 2694
3 2694 2682 2674
3 2638 2672 2673
3 2673 2658 2638
3 2691 2658 2673
3 2673 2692 2691
3 2659 2696 2695
3 2695 2674 2659
3 2681 2519 2526
3 2526 2693 2681
3 2672 2680 2681
3 2681 2673 2672
3 2692 2673 2681
3 2681 2693 2692
3 2681 2680 2518
3 2518 2519 2681
3 2676 2675 2683
3 2683 2684 2676
3 2698 2699 2688
3 2688 2689 2698
3 2695 2696 2691
3 2691 2692 2695
3 2694 2695 2692
3 2692 2693 2694
3 2694 2693 2526
3 2526 2527 2694
3 2690 2691 2696
3 2696 2697 2690
3 2698 2689 2690
3 2690 2697 2698
3 2728 2687 2648
3 2648 2720 2728
3 2728 2727 2661
3 2661 2687 2728
3 2727 2709 2647
3 2647 2661 2727
3 2709 2727 2726
3 2726 2708 2709
3 2743 2744 2708
3 2708 2726 2743
3 2716 2651 2663
3 2663 2703 2716
3 2710 2713 2716
3 2716 2715 2710
3 2715 2716 2703
3 2703 2700 2715
3 2734 2715 2700
3 2700 2746 2734
3 2715 2734 2752
3 2752 2710 2715
3 2718 2717 2714
3 2714 2711 2718
3 2711 2714 2713
3 2713 2710 2711
3 2757 2719 2712
3 2712 2751 2757
3 2710 2752 2751
3 2751 2712 2710
3 2758 2756 2732
3 2732 2733 2758
3 2757 2758 2733
3 2733 2750 2757
3 2719 2757 2750
3 2756 2755 2736
3 2736 2732 2756
3 2761 2735 2736
3 2736 2755 2761
3 2762 2761 2755
3 2755 2737 2762
3 2759 2762 2737
3 2737 2738 2759
3 2688 2702 2703
3 2703 2663 2688
3 2700 2703 2702
3 2702 2701 2700
3 2701 2747 2746
3 2746 2700 2701
3 2702 2688 2699
3 2699 2707 2702
3 2706 2707 2699
3 2699 2662 2706
3 2709 2706 2662
3 2662 2647 2709
3 2702 2707 2704
3 2704 2701 2702
3 2748 2747 2701
3 2701 2704 2748
3 2706 2709 2708
3 2708 2705 2706
3 2708 2744 2745
3 2745 2705 2708
3 2739 2707 2706
3 2706 2705 2739
3 2749 2748 2704
3 2704 2739 2749
3 2739 2760 2749
3 2760 2759 2738
3 2738 2749 2760
3 2760 2739 2705
3 2705 2745 2760
3 2707 2739 2704
3 2735 2761 2754
3 2754 2731 2735
3 2727 2728 2729
3 2729 2726 2727
3 2726 2730 2742
3 2742 2743 2726
3 2720 2725 2723
3 2723 2721 2720
3 2721 2729 2728
3 2728 2720 2721
3 2730 2722 2741
3 2741 2742 2730
3 2722 2765 2741
3 2763 2764 2753
3 2763 2740 2731
3 2731 2754 2763
3 2764 2765 2753
3 2740 2763 2753
3 2722 2724 2765
3 2765 2724 2753
3 2724 2740 2753
3 2657 2671 2672
3 2672 2638 2657
3 2671 2679 2680
3 2680 2672 2671
3 2679 2458 2518
3 2518 2680 2679
3 2766 2601 2458
3 2458 2679 2766
3 2767 2766 2679
3 2679 2671 2767
3 2771 2772 2670
3 2670 2678 2771
3 2607 2771 2678
3 2678 2457 2607
3 2657 2768 2767
3 2767 2671 2657
3 2651 2716 2713
3 2713 2664 2651
3 2652 2714 2717
3 2717 2643 2652
3 2714 2652 2664
3 2664 2713 2714
3 2638 2656 2667
3 2667 2657 2638
3 2664 2650 2635
3 2635 2651 2664
3 2650 2667 2656
3 2656 2635 2650
3 2667 2774 2768
3 2768 2657 2667
3 2650 2775 2774
3 2774 2667 2650
3 2670 2772 2773
3 2773 2639 2670
3 2633 2629 2652
3 2652 2643 2633
3 2629 2650 2664
3 2664 2652 2629
3 2775 2650 2629
3 2629 2769 2775
3 2776 2642 2639
3 2639 2773 2776
3 2776 2777 2770
3 2770 2642 2776
3 2778 2769 2629
3 2629 2633 2778
3 2778 2633 2770
3 2770 2777 2778
3 2616 2779 2630
3 2630 2453 2616
3 2461 2453 2630
3 2630 2684 2461
3 2783 2621 2462
3 2462 2685 2783
3 2655 2666 2646
3 2646 2636 2655
3 2641 2660 2666
3 2666 2655 2641
3 2660 2641 2675
3 2675 2676 2660
3 2644 2648 2637
3 2637 2634 2644
3 2648 2687 2686
3 2686 2637 2648
3 2646 2686 2687
3 2687 2661 2646
3 2669 2686 2646
3 2646 2666 2669
3 2686 2669 2654
3 2654 2637 2686
3 2684 2630 2631
3 2631 2676 2684
3 2630 2779 2780
3 2780 2631 2630
3 2676 2631 2632
3 2632 2660 2676
3 2666 2660 2632
3 2632 2669 2666
3 2631 2780 2785
3 2785 2632 2631
3 2785 2786 2632
3 2787 2669 2632
3 2632 2786 2787
3 2654 2669 2787
3 2787 2781 2654
3 2677 2784 2783
3 2783 2685 2677
3 2637 2654 2634
3 2654 2782 2634
3 2634 2782 2653
3 2788 2782 2654
3 2654 2781 2788
3 2640 2653 2782
3 2782 2789 2640
3 2640 2789 2790
3 2677 2640 2790
3 2790 2784 2677
3 2789 2782 2788
3 2804 2868 2860
3 2860 2814 2804
3 2812 2805 2818
3 2818 2824 2812
3 2819 2804 2814
3 2814 2827 2819
3 2821 2807 2819
3 2819 2827 2821
3 2842 2799 2798
3 2798 2841 2842
3 2827 2849 2850
3 2850 2821 2827
3 2818 2810 2822
3 2822 2824 2818
3 2858 2824 2822
3 2822 2857 2858
3 2841 2833 2834
3 2834 2842 2841
3 2834 2833 2822
3 2822 2810 2834
3 2799 2842 2843
3 2843 2800 2799
3 2841 2798 2854
3 2854 2855 2841
3 2833 2841 2855
3 2855 2856 2833
3 2807 2821 2832
3 2832 2831 2807
3 2850 2851 2832
3 2832 2821 2850
3 2822 2833 2856
3 2856 2857 2822
3 2840 2852 2853
3 2853 2847 2840
3 2831 2832 2840
3 2840 2839 2831
3 2851 2852 2840
3 2840 2832 2851
3 2840 2847 2846
3 2846 2839 2840
3 2835 2843 2842
3 2842 2834 2835
3 2856 2851 2850
3 2850 2857 2856
3 2855 2852 2851
3 2851 2856 2855
3 2855 2854 2853
3 2853 2852 2855
3 2849 2858 2857
3 2857 2850 2849
3 2804 2815 2865
3 2865 2868 2804
3 2961 2960 2860
3 2860 2868 2961
3 2868 2865 2962
3 2962 2961 2868
3 2820 2807 2831
3 2831 2830 2820
3 2830 2831 2839
3 2839 2838 2830
3 2838 2839 2846
3 2846 2797 2838
3 2941 2838 2797
3 2797 2940 2941
3 2942 2830 2838
3 2838 2941 2942
3 2952 2837 2829
3 2829 2951 2952
3 2953 2796 2837
3 2837 2952 2953
3 2820 2830 2942
3 2942 2943 2820
3 2866 2865 2815
3 2815 2791 2866
3 2807 2820 2826
3 2826 2819 2807
3 2815 2804 2819
3 2819 2826 2815
3 2826 2820 2943
3 2943 2944 2826
3 2815 2826 2944
3 2944 2945 2815
3 2829 2808 2950
3 2950 2951 2829
3 2945 2946 2791
3 2791 2815 2945
3 2949 2950 2808
3 2808 2811 2949
3 2949 2811 2916
3 2916 2948 2949
3 2947 2802 2791
3 2791 2946 2947
3 2947 2948 2916
3 2916 2802 2947
3 2986 2792 2793
3 2793 2987 2986
3 2800 2843 2793
3 2793 2792 2800
3 2984 2844 2801
3 2801 2985 2984
3 2818 2805 2813
3 2813 2825 2818
3 2810 2818 2825
3 2825 2823 2810
3 2823 2835 2834
3 2834 2810 2823
3 2843 2835 2794
3 2794 2793 2843
3 2911 2941 2940
3 2940 2912 2911
3 2913 2942 2941
3 2941 2911 2913
3 2943 2942 2913
3 2913 2914 2943
3 2944 2943 2914
3 2914 2921 2944
3 2945 2944 2921
3 2921 2922 2945
3 2922 2915 2946
3 2946 2945 2922
3 2925 2947 2946
3 2946 2915 2925
3 2925 2924 2948
3 2948 2947 2925
3 2923 2949 2948
3 2948 2924 2923
3 2923 2920 2950
3 2950 2949 2923
3 2951 2950 2920
3 2920 2919 2951
3 2917 2952 2951
3 2951 2919 2917
3 2918 2953 2952
3 2952 2917 2918
3 2860 2861 2848
3 2848 2814 2860
3 2858 2859 2812
3 2812 2824 2858
3 2814 2848 2849
3 2849 2827 2814
3 2859 2858 2849
3 2849 2848 2859
3 2861 2860 2960
3 2960 2959 2861
3 2960 2893 2894
3 2894 2959 2960
3 2881 2893 2960
3 2960 2961 2881
3 2962 2898 2881
3 2881 2961 2962
3 2805 2864 2875
3 2875 2813 2805
3 2965 2891 2890
3 2890 2966 2965
3 2812 2863 2864
3 2864 2805 2812
3 2876 2845 2813
3 2813 2875 2876
3 2966 2890 2889
3 2889 2968 2966
3 2862 2859 2848
3 2848 2861 2862
3 2966 2875 2864
3 2864 2965 2966
3 2968 2877 2875
3 2875 2966 2968
3 2964 2963 2867
3 2867 2869 2964
3 2865 2867 2963
3 2963 2962 2865
3 2954 2964 2869
3 2869 2880 2954
3 2954 2903 2902
3 2902 2964 2954
3 2870 2866 2791
3 2791 2802 2870
3 2897 2898 2962
3 2962 2963 2897
3 2902 2897 2963
3 2963 2964 2902
3 2968 2889 2888
3 2888 2969 2968
3 2871 2806 2845
3 2845 2876 2871
3 2969 2872 2877
3 2877 2968 2969
3 2957 2970 2909
3 2909 2908 2957
3 2974 2910 2909
3 2909 2970 2974
3 2972 2874 2803
3 2910 2974 2969
3 2969 2888 2910
3 2970 2957 2887
3 2887 2873 2970
3 2974 2973 2872
3 2872 2969 2974
3 2806 2871 2972
3 2972 2803 2806
3 2873 2973 2974
3 2974 2970 2873
3 2908 2899 2956
3 2956 2957 2908
3 2957 2956 2878
3 2878 2887 2957
3 2879 2955 2954
3 2954 2880 2879
3 2903 2954 2955
3 2955 2901 2903
3 2892 2891 2965
3 2965 2967 2892
3 2864 2863 2967
3 2967 2965 2864
3 2956 2975 2882
3 2882 2878 2956
3 2981 2978 2977
3 2977 2980 2981
3 2975 2976 2883
3 2883 2882 2975
3 2976 2975 2978
3 2978 2981 2976
3 2955 2976 2900
3 2900 2901 2955
3 2956 2899 2906
3 2906 2975 2956
3 2955 2879 2883
3 2883 2976 2955
3 2978 2907 2904
3 2904 2977 2978
3 2978 2975 2906
3 2906 2907 2978
3 2976 2981 2884
3 2884 2900 2976
3 2980 2885 2884
3 2884 2981 2980
3 2958 2862 2861
3 2861 2959 2958
3 2895 2958 2959
3 2959 2894 2895
3 2958 2979 2886
3 2886 2862 2958
3 2886 2863 2812
3 2812 2859 2886
3 2859 2862 2886
3 2980 2977 2971
3 2971 2979 2980
3 2905 2892 2967
3 2967 2971 2905
3 2979 2971 2886
3 2863 2886 2971
3 2971 2967 2863
3 2977 2904 2905
3 2905 2971 2977
3 2980 2979 2896
3 2896 2885 2980
3 2958 2895 2896
3 2896 2979 2958
3 2931 2984 2985
3 2985 2932 2931
3 2927 2986 2987
3 2987 2926 2927
3 2828 2825 2813
3 2813 2845 2828
3 2793 2794 2988
3 2988 2987 2793
3 2835 2823 2795
3 2795 2794 2835
3 2825 2828 2795
3 2795 2823 2825
3 2794 2795 2989
3 2989 2988 2794
3 2989 2990 2935
3 2935 2934 2989
3 2991 2936 2935
3 2935 2990 2991
3 2992 2929 2936
3 2936 2991 2992
3 2836 2844 2984
3 2984 2983 2836
3 2845 2806 2817
3 2817 2828 2845
3 2933 2939 2982
3 2982 2983 2933
3 2931 2933 2983
3 2983 2984 2931
3 2928 2926 2987
3 2987 2988 2928
3 2934 2928 2988
3 2988 2989 2934
3 2991 2828 2817
3 2817 2992 2991
3 2990 2795 2828
3 2828 2991 2990
3 2989 2795 2990
3 2937 2929 2992
3 2992 2993 2937
3 2982 2939 2938
3 2938 2994 2982
3 2836 2983 2982
3 2982 2809 2836
3 2938 2937 2993
3 2993 2994 2938
3 2817 2806 2930
3 2806 2803 2930
3 2803 2816 2930
3 2982 2994 2809
3 2993 2930 2994
3 2817 2930 2993
3 2993 2992 2817
3 2816 2809 2994
3 2994 2930 2816
3 3001 3011 3053
3 3053 3061 3001
3 3009 3021 3015
3 3015 3002 3009
3 3016 3024 3011
3 3011 3001 3016
3 3018 3024 3016
3 3016 3004 3018
3 3039 3038 2798
3 2798 2799 3039
3 3024 3018 3045
3 3045 3044 3024
3 3015 3021 3019
3 3019 3007 3015
3 3051 3050 3019
3 3019 3021 3051
3 3038 3039 3031
3 3031 3030 3038
3 3031 3007 3019
3 3019 3030 3031
3 2799 2800 3040
3 3040 3039 2799
3 3038 3048 2854
3 2854 2798 3038
3 3030 3049 3048
3 3048 3038 3030
3 3004 3028 3029
3 3029 3018 3004
3 3045 3018 3029
3 3029 3046 3045
3 3019 3050 3049
3 3049 3030 3019
3 3037 2847 2853
3 2853 3047 3037
3 3028 3036 3037
3 3037 3029 3028
3 3046 3029 3037
3 3037 3047 3046
3 3037 3036 2846
3 2846 2847 3037
3 3032 3031 3039
3 3039 3040 3032
3 3049 3050 3045
3 3045 3046 3049
3 3048 3049 3046
3 3046 3047 3048
3 3048 3047 2853
3 2853 2854 3048
3 3044 3045 3050
3 3050 3051 3044
3 3001 3061 3058
3 3058 3012 3001
3 3148 3061 3053
3 3053 3147 3148
3 3061 3148 3149
3 3149 3058 3061
3 3017 3027 3028
3 3028 3004 3017
3 3027 3035 3036
3 3036 3028 3027
3 3035 2797 2846
3 2846 3036 3035
3 3129 2940 2797
3 2797 3035 3129
3 3130 3129 3035
3 3035 3027 3130
3 3140 3139 3026
3 3026 3034 3140
3 2953 3140 3034
3 3034 2796 2953
3 3017 3131 3130
3 3130 3027 3017
3 3060 2995 3012
3 3012 3058 3060
3 3004 3016 3023
3 3023 3017 3004
3 3012 3023 3016
3 3016 3001 3012
3 3023 3132 3131
3 3131 3017 3023
3 3012 3133 3132
3 3132 3023 3012
3 3026 3139 3138
3 3138 3005 3026
3 3133 3012 2995
3 2995 3134 3133
3 3137 3008 3005
3 3005 3138 3137
3 3137 3136 3108
3 3108 3008 3137
3 3135 3134 2995
3 2995 2999 3135
3 3135 2999 3108
3 3108 3136 3135
3 2986 3172 2996
3 2996 2792 2986
3 2800 2792 2996
3 2996 3040 2800
3 3171 2985 2801
3 2801 3041 3171
3 3015 3022 3010
3 3010 3002 3015
3 3007 3020 3022
3 3022 3015 3007
3 3020 3007 3031
3 3031 3032 3020
3 3040 2996 2997
3 2997 3032 3040
3 3104 2912 2940
3 2940 3129 3104
3 3105 3104 3129
3 3129 3130 3105
3 3131 3106 3105
3 3105 3130 3131
3 3132 3112 3106
3 3106 3131 3132
3 3133 3113 3112
3 3112 3132 3133
3 3113 3133 3134
3 3134 3107 3113
3 3116 3107 3134
3 3134 3135 3116
3 3116 3135 3136
3 3136 3115 3116
3 3114 3115 3136
3 3136 3137 3114
3 3114 3137 3138
3 3138 3111 3114
3 3139 3110 3111
3 3111 3138 3139
3 3109 3110 3139
3 3139 3140 3109
3 2918 3109 3140
3 3140 2953 2918
3 3053 3011 3043
3 3043 3054 3053
3 3051 3021 3009
3 3009 3052 3051
3 3011 3024 3044
3 3044 3043 3011
3 3052 3043 3044
3 3044 3051 3052
3 3054 3146 3147
3 3147 3053 3054
3 3147 3146 3087
3 3087 3086 3147
3 3074 3148 3147
3 3147 3086 3074
3 3149 3148 3074
3 3074 3091 3149
3 3002 3010 3068
3 3068 3057 3002
3 3152 3153 3083
3 3083 3084 3152
3 3009 3002 3057
3 3057 3056 3009
3 3070 3068 3010
3 3010 3042 3070
3 3153 3155 3082
3 3082 3083 3153
3 3055 3054 3043
3 3043 3052 3055
3 3153 3152 3057
3 3057 3068 3153
3 3155 3153 3068
3 3068 3069 3155
3 3151 3063 3059
3 3059 3150 3151
3 3058 3149 3150
3 3150 3059 3058
3 3141 3073 3063
3 3063 3151 3141
3 3141 3151 3095
3 3095 3096 3141
3 3062 2999 2995
3 2995 3060 3062
3 3090 3150 3149
3 3149 3091 3090
3 3095 3151 3150
3 3150 3090 3095
3 3155 3156 3081
3 3081 3082 3155
3 3065 3070 3042
3 3042 3003 3065
3 3156 3155 3069
3 3069 3064 3156
3 3144 3101 3102
3 3102 3157 3144
3 3161 3157 3102
3 3102 3103 3161
3 3160 3000 3067
3 3103 3081 3156
3 3156 3161 3103
3 3157 3066 3080
3 3080 3144 3157
3 3161 3156 3064
3 3064 3159 3161
3 3003 3000 3160
3 3160 3065 3003
3 3066 3157 3161
3 3161 3159 3066
3 3101 3144 3143
3 3143 3092 3101
3 3144 3080 3071
3 3071 3143 3144
3 3072 3073 3141
3 3141 3142 3072
3 3096 3094 3142
3 3142 3141 3096
3 3085 3154 3152
3 3152 3084 3085
3 3057 3152 3154
3 3154 3056 3057
3 3143 3071 3075
3 3075 3162 3143
3 3168 3167 3164
3 3164 3165 3168
3 3162 3075 3076
3 3076 3163 3162
3 3163 3168 3165
3 3165 3162 3163
3 3142 3094 3093
3 3093 3163 3142
3 3143 3162 3099
3 3099 3092 3143
3 3142 3163 3076
3 3076 3072 3142
3 3165 3164 3097
3 3097 3100 3165
3 3165 3100 3099
3 3099 3162 3165
3 3163 3093 3077
3 3077 3168 3163
3 3167 3168 3077
3 3077 3078 3167
3 3145 3146 3054
3 3054 3055 3145
3 3088 3087 3146
3 3146 3145 3088
3 3145 3055 3079
3 3079 3166 3145
3 3079 3052 3009
3 3009 3056 3079
3 3052 3079 3055
3 3167 3166 3158
3 3158 3164 3167
3 3098 3158 3154
3 3154 3085 3098
3 3166 3079 3158
3 3056 3154 3158
3 3158 3079 3056
3 3164 3158 3098
3 3098 3097 3164
3 3167 3078 3089
3 3089 3166 3167
3 3145 3166 3089
3 3089 3088 3145
3 3121 2932 2985
3 2985 3171 3121
3 2927 3117 3172
3 3172 2986 2927
3 3025 3042 3010
3 3010 3022 3025
3 2996 3172 3173
3 3173 2997 2996
3 3032 2997 2998
3 2998 3020 3032
3 3022 3020 2998
3 2998 3025 3022
3 2997 3173 3174
3 3174 2998 2997
3 3174 3123 3124
3 3124 3175 3174
3 3176 3175 3124
3 3124 3125 3176
3 3177 3176 3125
3 3125 3119 3177
3 3033 3170 3171
3 3171 3041 3033
3 3042 3025 3014
3 3014 3003 3042
3 3122 3170 3169
3 3169 3128 3122
3 3121 3171 3170
3 3170 3122 3121
3 3118 3173 3172
3 3172 3117 3118
3 3123 3174 3173
3 3173 3118 3123
3 3176 3177 3014
3 3014 3025 3176
3 3175 3176 3025
3 3025 2998 3175
3 3174 3175 2998
3 3126 3178 3177
3 3177 3119 3126
3 3169 3179 3127
3 3127 3128 3169
3 3033 3006 3169
3 3169 3170 3033
3 3127 3179 3178
3 3178 3126 3127
3 3014 3120 3003
3 3003 3120 3000
3 3000 3120 3013
3 3169 3006 3179
3 3178 3179 3120
3 3014 3177 3178
3 3178 3120 3014
3 3013 3120 3179
3 3179 3006 3013
3 3642 3656 3233
3 3233 3215 3642
3 3232 3242 3654
3 3242 3240 3231
3 3231 3654 3242
3 3232 3655 3241
3 3233 3243 3241
3 3241 3655 3233
3 3233 3656 3243
3 3660 3239 3249
3 3231 3240 3661
3 3240 3249 3239
3 3239 3661 3240
3 3240 3242 3251
3 3251 3250 3240
3 3241 3243 3253
3 3253 3252 3241
3 3249 3240 3250
3 3250 3259 3249
3 3250 3251 3261
3 3252 3253 3260
3 3259 3250 3261
3 3269 3267 3274
3 3274 3275 3269
3 3269 3275 3181
3 3181 3180 3269
3 3274 3267 3270
3 3270 3276 3274
3 3270 3546 3408
3 3408 3276 3270
3 3445 3549 3196
3 3196 3189 3445
3 3549 3552 3198
3 3198 3196 3549
3 3469 3578 3202
3 3202 3190 3469
3 3445 3189 3199
3 3199 3569 3445
3 3283 3438 3439
3 3439 3290 3283
3 3349 3329 3391
3 3391 3392 3349
3 3348 3337 3440
3 3440 3448 3348
3 3552 3549 3449
3 3449 3475 3552
3 3449 3549 3445
3 3445 3307 3449
3 3307 3445 3569
3 3569 3518 3307
3 3529 3558 3511
3 3511 3423 3529
3 3326 3511 3558
3 3558 3523 3326
3 3423 3511 3453
3 3453 3356 3423
3 3357 3453 3511
3 3511 3326 3357
3 3359 3454 3436
3 3436 3328 3359
3 3357 3326 3436
3 3436 3454 3357
3 3358 3455 3437
3 3437 3327 3358
3 3359 3328 3437
3 3437 3455 3359
3 3531 3561 3456
3 3456 3327 3531
3 3324 3456 3561
3 3561 3532 3324
3 3530 3560 3437
3 3437 3328 3530
3 3531 3327 3437
3 3437 3560 3531
3 3326 3523 3559
3 3559 3436 3326
3 3530 3328 3436
3 3436 3559 3530
3 3358 3327 3456
3 3456 3492 3358
3 3354 3492 3456
3 3456 3324 3354
3 3300 3459 3430
3 3430 3294 3300
3 3319 3432 3568
3 3568 3521 3319
3 3534 3564 3434
3 3434 3321 3534
3 3323 3434 3564
3 3564 3535 3323
3 3323 3535 3565
3 3565 3435 3323
3 3364 3460 3432
3 3432 3319 3364
3 3432 3460 3470
3 3470 3471 3432
3 3368 3463 3434
3 3434 3323 3368
3 3321 3434 3463
3 3463 3366 3321
3 3322 3367 3464
3 3464 3435 3322
3 3368 3323 3435
3 3435 3464 3368
3 3533 3563 3466
3 3466 3318 3533
3 3534 3321 3466
3 3466 3563 3534
3 3321 3366 3461
3 3461 3466 3321
3 3318 3466 3461
3 3461 3363 3318
3 3318 3363 3465
3 3465 3491 3318
3 3362 3354 3324
3 3324 3361 3362
3 3376 3467 3457
3 3457 3375 3376
3 3369 3376 3375
3 3375 3360 3369
3 3552 3469 3190
3 3190 3198 3552
3 3519 3518 3383
3 3383 3385 3519
3 3319 3521 3520
3 3520 3384 3319
3 3569 3476 3383
3 3383 3518 3569
3 3476 3569 3199
3 3199 3192 3476
3 3193 3477 3476
3 3476 3192 3193
3 3386 3387 3385
3 3385 3383 3386
3 3384 3388 3364
3 3364 3319 3384
3 3386 3383 3476
3 3476 3477 3386
3 3299 3459 3564
3 3564 3534 3299
3 3288 3478 3563
3 3563 3533 3288
3 3374 3468 3478
3 3478 3288 3374
3 3530 3559 3505
3 3505 3297 3530
3 3392 3391 3337
3 3337 3348 3392
3 3487 3283 3290
3 3290 3488 3487
3 3283 3487 3448
3 3448 3347 3283
3 3336 3348 3448
3 3448 3487 3336
3 3349 3392 3393
3 3393 3330 3349
3 3392 3348 3336
3 3336 3393 3392
3 3373 3299 3478
3 3478 3468 3373
3 3532 3561 3493
3 3493 3398 3532
3 3298 3493 3561
3 3561 3531 3298
3 3398 3493 3606
3 3606 3605 3398
3 3493 3298 3607
3 3607 3606 3493
3 3227 3352 3649
3 3496 3444 3332
3 3332 3389 3496
3 3402 3389 3332
3 3332 3400 3402
3 3397 3495 3500
3 3500 3396 3397
3 3403 3500 3495
3 3495 3407 3403
3 3427 3194 3187
3 3187 3424 3427
3 3406 3412 3413
3 3413 3404 3406
3 3410 3501 3504
3 3504 3417 3410
3 3415 3504 3501
3 3501 3409 3415
3 3502 3556 3500
3 3500 3403 3502
3 3396 3500 3556
3 3556 3526 3396
3 3401 3499 3501
3 3501 3410 3401
3 3411 3408 3389
3 3389 3402 3411
3 3413 3525 3503
3 3503 3404 3413
3 3505 3296 3290
3 3290 3439 3505
3 3296 3505 3559
3 3559 3523 3296
3 3296 3510 3488
3 3488 3290 3296
3 3298 3531 3560
3 3560 3507 3298
3 3530 3297 3507
3 3507 3560 3530
3 3381 3524 3529
3 3529 3423 3381
3 3381 3423 3356
3 3356 3382 3381
3 3382 3355 3325
3 3325 3381 3382
3 3325 3528 3524
3 3524 3381 3325
3 3333 3512 3516
3 3516 3378 3333
3 3325 3355 3516
3 3516 3512 3325
3 3378 3397 3396
3 3396 3333 3378
3 3380 3514 3515
3 3515 3287 3380
3 3396 3526 3527
3 3527 3333 3396
3 3409 3379 3414
3 3414 3415 3409
3 3515 3555 3517
3 3517 3287 3515
3 3517 3555 3510
3 3510 3296 3517
3 3377 3513 3514
3 3514 3380 3377
3 3414 3379 3514
3 3514 3513 3414
3 3333 3527 3557
3 3557 3512 3333
3 3528 3325 3512
3 3512 3557 3528
3 3296 3523 3558
3 3558 3517 3296
3 3287 3517 3558
3 3558 3529 3287
3 3195 3425 3548
3 3548 3200 3195
3 3419 3416 3503
3 3503 3525 3419
3 3526 3556 3504
3 3504 3415 3526
3 3504 3556 3502
3 3502 3417 3504
3 3415 3414 3527
3 3527 3526 3415
3 3528 3557 3513
3 3513 3377 3528
3 3513 3557 3527
3 3527 3414 3513
3 3377 3380 3524
3 3524 3528 3377
3 3287 3529 3524
3 3524 3380 3287
3 3299 3534 3563
3 3563 3478 3299
3 3535 3564 3459
3 3459 3300 3535
3 3343 3537 3481
3 3481 3284 3343
3 3284 3482 3538
3 3538 3343 3284
3 3285 3344 3538
3 3538 3482 3285
3 3405 3427 3424
3 3424 3339 3405
3 3188 3426 3425
3 3425 3195 3188
3 3425 3426 3338
3 3338 3418 3425
3 3200 3548 3424
3 3424 3187 3200
3 3424 3548 3547
3 3547 3339 3424
3 3418 3547 3548
3 3548 3425 3418
3 3641 3223 3342
3 3313 3475 3474
3 3474 3350 3313
3 3313 3469 3552
3 3552 3475 3313
3 3579 3578 3469
3 3469 3313 3579
3 3223 3639 3342
3 3342 3639 3306
3 3639 3222 3306
3 3537 3342 3306
3 3306 3481 3537
3 3482 3284 3295
3 3295 3485 3482
3 3484 3300 3294
3 3294 3485 3484
3 3482 3485 3294
3 3294 3285 3482
3 3481 3553 3295
3 3295 3284 3481
3 3413 3412 3405
3 3405 3339 3413
3 3525 3413 3339
3 3339 3547 3525
3 3419 3525 3547
3 3547 3418 3419
3 3389 3408 3546
3 3546 3496 3389
3 3419 3408 3411
3 3411 3416 3419
3 3338 3408 3419
3 3419 3418 3338
3 3582 3585 3579
3 3579 3576 3582
3 3584 3582 3576
3 3576 3577 3584
3 3581 3584 3577
3 3577 3575 3581
3 3636 3581 3575
3 3575 3635 3636
3 3465 3369 3360
3 3360 3491 3465
3 3565 3535 3300
3 3300 3484 3565
3 3320 3365 3462
3 3462 3433 3320
3 3367 3322 3433
3 3433 3462 3367
3 3365 3320 3471
3 3471 3470 3365
3 3565 3536 3322
3 3322 3435 3565
3 3484 3485 3295
3 3295 3301 3484
3 3536 3566 3433
3 3433 3322 3536
3 3565 3484 3301
3 3301 3536 3565
3 3599 3601 3606
3 3606 3607 3599
3 3468 3601 3599
3 3599 3373 3468
3 3374 3600 3601
3 3601 3468 3374
3 3601 3600 3605
3 3605 3606 3601
3 3276 3408 3338
3 3338 3274 3276
3 3181 3275 3426
3 3426 3188 3181
3 3618 3621 3616
3 3616 3617 3618
3 3332 3444 3618
3 3618 3617 3332
3 3400 3332 3617
3 3617 3616 3400
3 3499 3401 3399
3 3399 3494 3499
3 3395 3506 3508
3 3409 3501 3499
3 3499 3395 3409
3 3395 3508 3509
3 3509 3334 3395
3 3379 3334 3515
3 3515 3514 3379
3 3409 3395 3334
3 3334 3379 3409
3 3509 3555 3515
3 3515 3334 3509
3 3614 3615 3622
3 3622 3613 3614
3 3494 3399 3615
3 3615 3614 3494
3 3506 3494 3614
3 3614 3613 3506
3 3494 3506 3395
3 3395 3499 3494
3 3275 3274 3338
3 3338 3426 3275
3 3280 3281 3264
3 3264 3628 3280
3 3281 3282 3268
3 3268 3264 3281
3 3183 3282 3281
3 3281 3184 3183
3 3280 3628 3265
3 3184 3281 3280
3 3280 3185 3184
3 3186 3265 3269
3 3269 3180 3186
3 3186 3185 3280
3 3280 3265 3186
3 3206 3207 3631
3 3631 3630 3206
3 3207 3208 3632
3 3632 3631 3207
3 3677 3632 3208
3 3208 3212 3677
3 3197 3191 3634
3 3634 3633 3197
3 3635 3634 3191
3 3191 3201 3635
3 3204 3636 3635
3 3635 3201 3204
3 3583 3580 3637
3 3637 3205 3583
3 3636 3637 3580
3 3580 3581 3636
3 3585 3582 3580
3 3580 3583 3585
3 3584 3581 3580
3 3580 3582 3584
3 3578 3583 3205
3 3205 3202 3578
3 3579 3585 3583
3 3583 3578 3579
3 3636 3204 3203
3 3203 3637 3636
3 3205 3637 3203
3 3638 3213 3222
3 3222 3639 3638
3 3638 3639 3223
3 3223 3214 3638
3 3640 3214 3223
3 3223 3641 3640
3 3640 3641 3224
3 3224 3215 3640
3 3642 3215 3224
3 3224 3643 3642
3 3642 3643 3225
3 3225 3216 3642
3 3638 3214 3232
3 3232 3654 3638
3 3638 3654 3231
3 3231 3213 3638
3 3640 3215 3233
3 3233 3655 3640
3 3640 3655 3232
3 3232 3214 3640
3 3642 3216 3234
3 3234 3656 3642
3 3644 3217 3235
3 3235 3657 3644
3 3644 3657 3234
3 3234 3216 3644
3 3650 3221 3239
3 3239 3660 3650
3 3652 3213 3231
3 3231 3661 3652
3 3652 3661 3239
3 3239 3221 3652
3 3314 3576 3579
3 3579 3313 3314
3 3226 3314 3647
3 3314 3353 3647
3 3353 3228 3647
3 3314 3313 3350
3 3350 3353 3314
3 3645 3644 3216
3 3216 3225 3645
3 3644 3645 3226
3 3226 3217 3644
3 3645 3314 3226
3 3650 3651 3230
3 3230 3221 3650
3 3352 3351 3303
3 3303 3304 3352
3 3352 3304 3649
3 3304 3229 3649
3 3481 3306 3305
3 3305 3553 3481
3 3230 3305 3653
3 3305 3306 3653
3 3222 3653 3306
3 3229 3304 3651
3 3305 3651 3304
3 3651 3650 3220
3 3220 3229 3651
3 3653 3652 3221
3 3221 3230 3653
3 3652 3653 3222
3 3222 3213 3652
3 3651 3305 3230
3 3656 3234 3244
3 3244 3243 3656
3 3657 3235 3245
3 3245 3244 3657
3 3244 3234 3657
3 3658 3245 3235
3 3253 3243 3244
3 3244 3254 3253
3 3244 3245 3255
3 3255 3254 3244
3 3253 3254 3260
3 3254 3255 3260
3 3646 3658 3235
3 3235 3217 3646
3 3647 3646 3217
3 3217 3226 3647
3 3660 3249 3248
3 3248 3238 3660
3 3257 3247 3248
3 3248 3258 3257
3 3258 3248 3249
3 3249 3259 3258
3 3257 3258 3261
3 3258 3259 3261
3 3648 3649 3229
3 3229 3220 3648
3 3659 3648 3220
3 3220 3238 3659
3 3650 3660 3238
3 3238 3220 3650
3 3245 3246 3256
3 3256 3255 3245
3 3255 3256 3260
3 3649 3648 3219
3 3219 3227 3649
3 3658 3646 3218
3 3218 3236 3658
3 3648 3659 3237
3 3237 3219 3648
3 3646 3647 3228
3 3228 3218 3646
3 3658 3236 3246
3 3246 3245 3658
3 3659 3238 3248
3 3659 3248 3247
3 3247 3237 3659
3 3278 3279 3273
3 3273 3266 3278
3 3497 3273 3279
3 3279 3316 3497
3 3663 3662 3279
3 3279 3278 3663
3 3662 3664 3316
3 3316 3279 3662
3 3266 3268 3277
3 3277 3278 3266
3 3665 3663 3278
3 3278 3277 3665
3 3282 3277 3268
3 3664 3666 3442
3 3442 3316 3664
3 3311 3347 3448
3 3448 3440 3311
3 3440 3554 3442
3 3442 3311 3440
3 3316 3442 3554
3 3554 3497 3316
3 3182 3277 3282
3 3282 3183 3182
3 3211 3665 3277
3 3277 3182 3211
3 3447 3347 3311
3 3311 3441 3447
3 3666 3441 3311
3 3311 3442 3666
3 3283 3347 3447
3 3447 3438 3283
3 3310 3573 3545
3 3545 3574 3310
3 3545 3573 3668
3 3668 3670 3545
3 3629 3630 3592
3 3592 3594 3629
3 3545 3594 3592
3 3592 3574 3545
3 3209 3206 3630
3 3630 3629 3209
3 3670 3595 3594
3 3594 3545 3670
3 3675 3210 3209
3 3209 3629 3675
3 3595 3675 3629
3 3629 3594 3595
3 3224 3641 3308
3 3308 3641 3342
3 3224 3308 3643
3 3677 3212 3197
3 3197 3633 3677
3 3541 3308 3342
3 3342 3537 3541
3 3538 3344 3310
3 3310 3540 3538
3 3540 3310 3574
3 3574 3544 3540
3 3592 3591 3544
3 3544 3574 3592
3 3544 3679 3317
3 3631 3632 3593
3 3593 3591 3631
3 3630 3631 3591
3 3591 3592 3630
3 3225 3315 3645
3 3314 3645 3315
3 3308 3315 3643
3 3225 3643 3315
3 3577 3576 3314
3 3314 3315 3577
3 3309 3541 3537
3 3537 3343 3309
3 3343 3538 3540
3 3540 3309 3343
3 3544 3317 3309
3 3309 3540 3544
3 3679 3544 3591
3 3591 3593 3679
3 3575 3542 3634
3 3634 3635 3575
3 3633 3634 3542
3 3542 3570 3633
3 3577 3315 3542
3 3542 3575 3577
3 3678 3593 3632
3 3632 3677 3678
3 3677 3633 3570
3 3570 3678 3677
3 3541 3676 3543
3 3543 3315 3308
3 3308 3541 3543
3 3317 3676 3541
3 3541 3309 3317
3 3679 3680 3676
3 3676 3317 3679
3 3680 3679 3593
3 3593 3678 3680
3 3680 3681 3543
3 3543 3676 3680
3 3543 3681 3542
3 3542 3315 3543
3 3681 3680 3678
3 3678 3570 3681
3 3542 3681 3570
3 3519 3341 3307
3 3307 3518 3519
3 3475 3449 3450
3 3450 3474 3475
3 3341 3450 3449
3 3449 3307 3341
3 3521 3302 3340
3 3340 3520 3521
3 3473 3451 3431
3 3431 3472 3473
3 3302 3431 3452
3 3452 3340 3302
3 3550 3302 3521
3 3521 3568 3550
3 3472 3431 3550
3 3550 3551 3472
3 3472 3303 3351
3 3351 3473 3472
3 3302 3550 3431
3 3567 3568 3432
3 3432 3471 3567
3 3471 3320 3522
3 3522 3567 3471
3 3320 3433 3566
3 3566 3522 3320
3 3483 3596 3301
3 3289 3522 3566
3 3566 3596 3289
3 3567 3289 3458
3 3458 3551 3567
3 3553 3483 3301
3 3301 3295 3553
3 3596 3566 3536
3 3536 3301 3596
3 3596 3483 3458
3 3458 3289 3596
3 3483 3553 3305
3 3305 3304 3483
3 3304 3303 3458
3 3458 3483 3304
3 3567 3551 3550
3 3550 3568 3567
3 3303 3472 3551
3 3551 3458 3303
3 3289 3567 3522
3 3267 3269 3265
3 3265 3263 3267
3 3266 3273 3272
3 3272 3262 3266
3 3263 3625 3626
3 3626 3271 3263
3 3271 3270 3267
3 3267 3263 3271
3 3265 3628 3625
3 3625 3263 3265
3 3262 3264 3268
3 3268 3266 3262
3 3262 3625 3628
3 3628 3264 3262
3 3682 3625 3262
3 3262 3272 3682
3 3625 3682 3626
3 3589 3375 3457
3 3457 3588 3589
3 3562 3586 3479
3 3479 3686 3374
3 3374 3288 3479
3 3586 3562 3491
3 3491 3360 3586
3 3562 3533 3318
3 3318 3491 3562
3 3479 3288 3533
3 3533 3562 3479
3 3375 3589 3586
3 3586 3360 3375
3 3605 3600 3684
3 3684 3685 3605
3 3684 3600 3374
3 3374 3686 3684
3 3686 3479 3586
3 3586 3589 3686
3 3684 3686 3589
3 3589 3588 3684
3 3467 3602 3603
3 3603 3457 3467
3 3532 3398 3370
3 3370 3590 3532
3 3362 3361 3489
3 3489 3490 3362
3 3324 3532 3590
3 3590 3361 3324
3 3602 3490 3489
3 3489 3603 3602
3 3457 3603 3604
3 3604 3588 3457
3 3587 3370 3685
3 3685 3604 3587
3 3587 3489 3361
3 3361 3590 3587
3 3587 3604 3603
3 3603 3489 3587
3 3398 3605 3685
3 3685 3370 3398
3 3685 3684 3588
3 3588 3604 3685
3 3370 3587 3590
3 3430 3480 3285
3 3285 3294 3430
3 3480 3539 3344
3 3344 3285 3480
3 3344 3539 3573
3 3573 3310 3344
3 3439 3438 3286
3 3286 3291 3439
3 3291 3297 3505
3 3505 3439 3291
3 3346 3286 3438
3 3438 3447 3346
3 3441 3674 3346
3 3346 3447 3441
3 3608 3598 3599
3 3599 3607 3608
3 3607 3298 3292
3 3292 3608 3607
3 3291 3429 3507
3 3507 3297 3291
3 3298 3507 3429
3 3429 3292 3298
3 3689 3598 3608
3 3608 3690 3689
3 3672 3671 3597
3 3597 3609 3672
3 3671 3669 3371
3 3371 3597 3671
3 3573 3539 3572
3 3572 3668 3573
3 3669 3668 3572
3 3572 3371 3669
3 3459 3299 3293
3 3293 3430 3459
3 3293 3299 3373
3 3373 3372 3293
3 3598 3372 3373
3 3373 3599 3598
3 3345 3667 3672
3 3672 3609 3345
3 3446 3673 3667
3 3667 3345 3446
3 3346 3674 3673
3 3673 3446 3346
3 3428 3446 3345
3 3345 3691 3428
3 3691 3345 3609
3 3609 3692 3691
3 3286 3428 3429
3 3429 3291 3286
3 3428 3286 3346
3 3346 3446 3428
3 3480 3430 3293
3 3293 3571 3480
3 3693 3371 3572
3 3572 3571 3693
3 3571 3572 3539
3 3539 3480 3571
3 3372 3688 3571
3 3571 3293 3372
3 3692 3609 3597
3 3597 3694 3692
3 3694 3597 3371
3 3371 3693 3694
3 3691 3692 3690
3 3690 3687 3691
3 3693 3571 3688
3 3292 3429 3428
3 3428 3687 3292
3 3608 3292 3687
3 3687 3690 3608
3 3688 3372 3598
3 3598 3689 3688
3 3691 3687 3428
3 3694 3689 3690
3 3690 3692 3694
3 3693 3688 3689
3 3689 3694 3693
3 4124 3697 3715
3 3715 4138 4124
3 3714 4136 3724
3 3724 4136 3713
3 3713 3722 3724
3 3714 3723 4137
3 3715 4137 3723
3 3723 3725 3715
3 3715 3725 4138
3 4142 3731 3721
3 3713 4143 3722
3 3722 4143 3721
3 3721 3731 3722
3 3722 3732 3734
3 3734 3724 3722
3 3723 3733 3735
3 3735 3725 3723
3 3731 3741 3732
3 3732 3722 3731
3 3732 3743 3734
3 3733 3742 3735
3 3741 3743 3732
3 3751 3757 3756
3 3756 3749 3751
3 3751 3180 3181
3 3181 3757 3751
3 3756 3758 3752
3 3752 3749 3756
3 3752 3758 3890
3 3890 4028 3752
3 3927 3189 3196
3 3196 4031 3927
3 4031 3196 3198
3 3198 4034 4031
3 3951 3190 3202
3 3202 4060 3951
3 3927 4051 3199
3 3199 3189 3927
3 3765 3772 3921
3 3921 3920 3765
3 3831 3874 3873
3 3873 3811 3831
3 3830 3930 3922
3 3922 3819 3830
3 4034 3957 3931
3 3931 4031 4034
3 3931 3789 3927
3 3927 4031 3931
3 3789 4000 4051
3 4051 3927 3789
3 4011 3905 3993
3 3993 4040 4011
3 3808 4005 4040
3 4040 3993 3808
3 3905 3838 3935
3 3935 3993 3905
3 3839 3808 3993
3 3993 3935 3839
3 3841 3810 3918
3 3918 3936 3841
3 3839 3936 3918
3 3918 3808 3839
3 3840 3809 3919
3 3919 3937 3840
3 3841 3937 3919
3 3919 3810 3841
3 4013 3809 3938
3 3938 4043 4013
3 3806 4014 4043
3 4043 3938 3806
3 4012 3810 3919
3 3919 4042 4012
3 4013 4042 3919
3 3919 3809 4013
3 3808 3918 4041
3 4041 4005 3808
3 4012 4041 3918
3 3918 3810 4012
3 3840 3974 3938
3 3938 3809 3840
3 3836 3806 3938
3 3938 3974 3836
3 3782 3776 3912
3 3912 3941 3782
3 3801 4003 4050
3 4050 3914 3801
3 4016 3803 3916
3 3916 4046 4016
3 3805 4017 4046
3 4046 3916 3805
3 3805 3917 4047
3 4047 4017 3805
3 3846 3801 3914
3 3914 3942 3846
3 3914 3953 3952
3 3952 3942 3914
3 3850 3805 3916
3 3916 3945 3850
3 3803 3848 3945
3 3945 3916 3803
3 3804 3917 3946
3 3946 3849 3804
3 3850 3946 3917
3 3917 3805 3850
3 4015 3800 3948
3 3948 4045 4015
3 4016 4045 3948
3 3948 3803 4016
3 3803 3948 3943
3 3943 3848 3803
3 3800 3845 3943
3 3943 3948 3800
3 3800 3973 3947
3 3947 3845 3800
3 3844 3843 3806
3 3806 3836 3844
3 3858 3857 3939
3 3939 3949 3858
3 3851 3842 3857
3 3857 3858 3851
3 4034 3198 3190
3 3190 3951 4034
3 4001 3866 3865
3 3865 4000 4001
3 3801 3867 4002
3 4002 4003 3801
3 4051 4000 3865
3 3865 3958 4051
3 3958 3192 3199
3 3199 4051 3958
3 3193 3192 3958
3 3958 3959 3193
3 3868 3865 3866
3 3866 3869 3868
3 3867 3801 3846
3 3846 3870 3867
3 3868 3959 3958
3 3958 3865 3868
3 3781 4016 4046
3 4046 3941 3781
3 3770 4015 4045
3 4045 3960 3770
3 3856 3770 3960
3 3960 3950 3856
3 4012 3779 3987
3 3987 4041 4012
3 3874 3830 3819
3 3819 3873 3874
3 3969 3970 3772
3 3772 3765 3969
3 3765 3829 3930
3 3930 3969 3765
3 3855 3950 3960
3 3960 3781 3855
3 4014 3880 3975
3 3975 4043 4014
3 3780 4013 4043
3 4043 3975 3780
3 3880 4087 4088
3 4088 3975 3880
3 3975 4088 4089
3 4089 3780 3975
3 3710 4131 3834
3 3978 3871 3814
3 3814 3926 3978
3 3883 3882 3814
3 3814 3871 3883
3 3879 3878 3982
3 3982 3977 3879
3 3885 3888 3977
3 3977 3982 3885
3 3909 3906 3187
3 3187 3194 3909
3 3889 3886 3895
3 3895 3894 3889
3 3893 3899 3986
3 3986 3983 3893
3 3897 3891 3983
3 3983 3986 3897
3 3984 3885 3982
3 3982 4038 3984
3 3878 4008 4038
3 4038 3982 3878
3 3884 3893 3983
3 3983 3981 3884
3 3892 3883 3871
3 3871 3890 3892
3 3895 3886 3985
3 3985 4007 3895
3 3987 3921 3772
3 3772 3778 3987
3 3778 4005 4041
3 4041 3987 3778
3 3778 3772 3970
3 3970 3992 3778
3 3780 3989 4042
3 4042 4013 3780
3 4012 4042 3989
3 3989 3779 4012
3 3863 3905 4011
3 4011 4006 3863
3 3863 3864 3838
3 3838 3905 3863
3 3864 3863 3807
3 3807 3837 3864
3 3807 3863 4006
3 4006 4010 3807
3 3815 3860 3998
3 3998 3994 3815
3 3807 3994 3998
3 3998 3837 3807
3 3860 3815 3878
3 3878 3879 3860
3 3862 3769 3997
3 3997 3996 3862
3 3878 3815 4009
3 4009 4008 3878
3 3891 3897 3896
3 3896 3861 3891
3 3997 3769 3999
3 3999 4037 3997
3 3999 3778 3992
3 3992 4037 3999
3 3859 3862 3996
3 3996 3995 3859
3 3896 3995 3996
3 3996 3861 3896
3 3815 3994 4039
3 4039 4009 3815
3 4010 4039 3994
3 3994 3807 4010
3 3778 3999 4040
3 4040 4005 3778
3 3769 4011 4040
3 4040 3999 3769
3 3195 3200 4030
3 4030 3907 3195
3 3901 4007 3985
3 3985 3898 3901
3 4008 3897 3986
3 3986 4038 4008
3 3986 3899 3984
3 3984 4038 3986
3 3897 4008 4009
3 4009 3896 3897
3 4010 3859 3995
3 3995 4039 4010
3 3995 3896 4009
3 4009 4039 3995
3 3859 4010 4006
3 4006 3862 3859
3 3769 3862 4006
3 4006 4011 3769
3 3781 3960 4045
3 4045 4016 3781
3 4017 3782 3941
3 3941 4046 4017
3 3825 3766 3963
3 3963 4019 3825
3 3766 3825 4020
3 4020 3964 3766
3 3767 3964 4020
3 4020 3826 3767
3 3887 3821 3906
3 3906 3909 3887
3 3188 3195 3907
3 3907 3908 3188
3 3907 3900 3820
3 3820 3908 3907
3 3200 3187 3906
3 3906 4030 3200
3 3906 3821 4029
3 4029 4030 3906
3 3900 3907 4030
3 4030 4029 3900
3 4123 3824 3705
3 3795 3832 3955
3 3955 3957 3795
3 3795 3957 4034
3 4034 3951 3795
3 4061 3795 3951
3 3951 4060 4061
3 3705 3824 4121
3 3824 3788 4121
3 4121 3788 3704
3 4019 3963 3788
3 3788 3824 4019
3 3964 3967 3777
3 3777 3766 3964
3 3966 3967 3776
3 3776 3782 3966
3 3964 3767 3776
3 3776 3967 3964
3 3963 3766 3777
3 3777 4035 3963
3 3895 3821 3887
3 3887 3894 3895
3 4007 4029 3821
3 3821 3895 4007
3 3901 3900 4029
3 4029 4007 3901
3 3871 3978 4028
3 4028 3890 3871
3 3901 3898 3892
3 3892 3890 3901
3 3820 3900 3901
3 3901 3890 3820
3 4064 4058 4061
3 4061 4067 4064
3 4066 4059 4058
3 4058 4064 4066
3 4063 4057 4059
3 4059 4066 4063
3 4118 4117 4057
3 4057 4063 4118
3 3947 3973 3842
3 3842 3851 3947
3 4047 3966 3782
3 3782 4017 4047
3 3802 3915 3944
3 3944 3847 3802
3 3849 3944 3915
3 3915 3804 3849
3 3847 3952 3953
3 3953 3802 3847
3 4047 3917 3804
3 3804 4018 4047
3 3966 3783 3777
3 3777 3967 3966
3 4018 3804 3915
3 3915 4048 4018
3 4047 4018 3783
3 3783 3966 4047
3 4081 4089 4088
3 4088 4083 4081
3 3950 3855 4081
3 4081 4083 3950
3 3856 3950 4083
3 4083 4082 3856
3 4083 4088 4087
3 4087 4082 4083
3 3758 3756 3820
3 3820 3890 3758
3 3181 3188 3908
3 3908 3757 3181
3 4100 4099 4097
3 4097 4104 4100
3 3814 4099 4100
3 4100 3926 3814
3 3882 4097 4099
3 4099 3814 3882
3 3981 3976 3881
3 3881 3884 3981
3 3877 3990 3988
3 3891 3877 3981
3 3981 3983 3891
3 3877 3816 3991
3 3991 3990 3877
3 3861 3996 3997
3 3997 3816 3861
3 3891 3861 3816
3 3816 3877 3891
3 3991 3816 3997
3 3997 4037 3991
3 3904 3991 4037
3 4037 3992 3904
3 4096 4095 4103
3 4103 4098 4096
3 3976 4096 4098
3 4098 3881 3976
3 3988 4095 4096
3 4096 3976 3988
3 3904 3903 3990
3 3990 3991 3904
3 3976 3981 3877
3 3877 3988 3976
3 3757 3908 3820
3 3820 3756 3757
3 3762 4110 3746
3 3746 3763 3762
3 3763 3746 3750
3 3750 3764 3763
3 3183 3184 3763
3 3763 3764 3183
3 3968 3925 3811
3 3811 3873 3968
3 3819 3922 4036
3 4036 3980 3819
3 3873 3819 3980
3 3980 3968 3873
3 3762 3747 4110
3 3184 3185 3762
3 3762 3763 3184
3 3186 3180 3751
3 3751 3747 3186
3 3186 3747 3762
3 3762 3185 3186
3 3206 4112 4113
3 4113 3207 3206
3 3207 4113 4114
3 4114 3208 3207
3 4159 3212 3208
3 3208 4114 4159
3 3197 4115 4116
3 4116 3191 3197
3 4117 3201 3191
3 3191 4116 4117
3 3204 3201 4117
3 4117 4118 3204
3 4065 3205 4119
3 4119 4062 4065
3 4118 4063 4062
3 4062 4119 4118
3 4067 4065 4062
3 4062 4064 4067
3 4066 4064 4062
3 4062 4063 4066
3 4060 3202 3205
3 3205 4065 4060
3 4061 4060 4065
3 4065 4067 4061
3 4118 4119 3203
3 3203 3204 4118
3 3205 3203 4119
3 4120 4121 3704
3 3704 3695 4120
3 4120 3696 3705
3 3705 4121 4120
3 4122 4123 3705
3 3705 3696 4122
3 4122 3697 3706
3 3706 4123 4122
3 4124 4125 3706
3 3706 3697 4124
3 4124 3698 3707
3 3707 4125 4124
3 4120 4136 3714
3 3714 3696 4120
3 4120 3695 3713
3 3713 4136 4120
3 4122 4137 3715
3 3715 3697 4122
3 4122 3696 3714
3 3714 4137 4122
3 4124 4138 3716
3 3716 3698 4124
3 4126 4139 3717
3 3717 3699 4126
3 4126 3698 3716
3 3716 4139 4126
3 4132 4142 3721
3 3721 3703 4132
3 4134 4143 3713
3 3713 3695 4134
3 4134 3703 3721
3 3721 4143 4134
3 3796 3795 4061
3 4061 4058 3796
3 3708 4129 3796
3 3796 4129 3835
3 3835 4129 3709
3 3796 3835 3832
3 3832 3795 3796
3 4127 3707 3698
3 3698 4126 4127
3 4126 3699 3708
3 3708 4127 4126
3 4127 3708 3796
3 4132 3703 3712
3 3712 4133 4132
3 3834 3786 3785
3 3785 3833 3834
3 3834 4131 3786
3 3786 4131 3711
3 3963 4035 3787
3 3787 3788 3963
3 3712 4135 3787
3 3787 4135 3788
3 3704 3788 4135
3 3711 4133 3786
3 3787 3786 4133
3 4133 3711 3702
3 3702 4132 4133
3 4135 3712 3703
3 3703 4134 4135
3 4134 3695 3704
3 3704 4135 4134
3 4133 3712 3787
3 4138 3725 3726
3 3726 3716 4138
3 4139 3726 3727
3 3727 3717 4139
3 3726 4139 3716
3 4140 3717 3727
3 3735 3736 3726
3 3726 3725 3735
3 3726 3736 3737
3 3737 3727 3726
3 3735 3742 3736
3 3736 3742 3737
3 4128 3699 3717
3 3717 4140 4128
3 4129 3708 3699
3 3699 4128 4129
3 4142 3720 3730
3 3730 3731 4142
3 3739 3740 3730
3 3730 3729 3739
3 3740 3741 3731
3 3731 3730 3740
3 3739 3743 3740
3 3740 3743 3741
3 4130 3702 3711
3 3711 4131 4130
3 4141 3720 3702
3 3702 4130 4141
3 4132 3702 3720
3 3720 4142 4132
3 3727 3737 3738
3 3738 3728 3727
3 3737 3742 3738
3 4131 3710 3700
3 3700 4130 4131
3 4140 3718 3701
3 3701 4128 4140
3 4130 3700 3719
3 3719 4141 4130
3 4128 3701 3709
3 3709 4129 4128
3 4140 3727 3728
3 3728 3718 4140
3 4141 3730 3720
3 4141 3719 3729
3 3729 3730 4141
3 3760 3748 3755
3 3755 3761 3760
3 3979 3798 3761
3 3761 3755 3979
3 4145 3760 3761
3 3761 4144 4145
3 4144 3761 3798
3 3798 4146 4144
3 3748 3760 3759
3 3759 3750 3748
3 4147 3759 3760
3 3760 4145 4147
3 3764 3750 3759
3 4146 3798 3924
3 3924 4148 4146
3 3793 3922 3930
3 3930 3829 3793
3 3922 3793 3924
3 3924 4036 3922
3 3798 3979 4036
3 4036 3924 3798
3 3182 3183 3764
3 3764 3759 3182
3 3211 3182 3759
3 3759 4147 3211
3 3929 3923 3793
3 3793 3829 3929
3 4148 3924 3793
3 3793 3923 4148
3 3765 3920 3929
3 3929 3829 3765
3 3792 4056 4027
3 4027 4055 3792
3 4027 4152 4150
3 4150 4055 4027
3 4111 4076 4074
3 4074 4112 4111
3 4027 4056 4074
3 4074 4076 4027
3 3209 4111 4112
3 4112 3206 3209
3 4152 4027 4076
3 4076 4077 4152
3 4157 4111 3209
3 3209 3210 4157
3 4077 4076 4111
3 4111 4157 4077
3 3706 3790 4123
3 3790 3824 4123
3 3706 4125 3790
3 4159 4115 3197
3 3197 3212 4159
3 4023 4019 3824
3 3824 3790 4023
3 4020 4022 3792
3 3792 3826 4020
3 4022 4026 4056
3 4056 3792 4022
3 4074 4056 4026
3 4026 4073 4074
3 4026 3799 4161
3 4113 4073 4075
3 4075 4114 4113
3 4112 4074 4073
3 4073 4113 4112
3 3707 4127 3797
3 3796 3797 4127
3 3790 4125 3797
3 3707 3797 4125
3 4059 3797 3796
3 3796 4058 4059
3 3791 3825 4019
3 4019 4023 3791
3 3825 3791 4022
3 4022 4020 3825
3 4026 4022 3791
3 3791 3799 4026
3 4161 4075 4073
3 4073 4026 4161
3 4057 4117 4116
3 4116 4024 4057
3 4115 4052 4024
3 4024 4116 4115
3 4059 4057 4024
3 4024 3797 4059
3 4160 4159 4114
3 4114 4075 4160
3 4159 4160 4052
3 4052 4115 4159
3 4023 4025 4158
3 4025 4023 3790
3 3790 3797 4025
3 3799 3791 4023
3 4023 4158 3799
3 4161 3799 4158
3 4158 4162 4161
3 4162 4160 4075
3 4075 4161 4162
3 4162 4158 4025
3 4025 4163 4162
3 4025 3797 4024
3 4024 4163 4025
3 4163 4052 4160
3 4160 4162 4163
3 4024 4052 4163
3 4001 4000 3789
3 3789 3822 4001
3 3957 3955 3932
3 3932 3931 3957
3 3822 3789 3931
3 3931 3932 3822
3 4003 4002 3823
3 3823 3784 4003
3 3956 3954 3913
3 3913 3933 3956
3 3784 3823 3934
3 3934 3913 3784
3 4032 4050 4003
3 4003 3784 4032
3 3954 4033 4032
3 4032 3913 3954
3 3954 3956 3833
3 3833 3785 3954
3 3784 3913 4032
3 4049 3953 3914
3 3914 4050 4049
3 3953 4049 4004
3 4004 3802 3953
3 3802 4004 4048
3 4048 3915 3802
3 3965 3783 4078
3 3771 4078 4048
3 4048 4004 3771
3 4049 4033 3940
3 3940 3771 4049
3 4035 3777 3783
3 3783 3965 4035
3 4078 3783 4018
3 4018 4048 4078
3 4078 3771 3940
3 3940 3965 4078
3 3965 3786 3787
3 3787 4035 3965
3 3786 3965 3940
3 3940 3785 3786
3 4049 4050 4032
3 4032 4033 4049
3 3785 3940 4033
3 4033 3954 3785
3 3771 4004 4049
3 3749 3745 3747
3 3747 3751 3749
3 3748 3744 3754
3 3754 3755 3748
3 3745 3753 4108
3 4108 4107 3745
3 3753 3745 3749
3 3749 3752 3753
3 4028 4094 3753
3 3753 3752 4028
3 3747 3745 4107
3 4107 4110 3747
3 3744 3748 3750
3 3750 3746 3744
3 3744 3746 4110
3 4110 4107 3744
3 4164 3754 3744
3 3744 4107 4164
3 4107 4108 4164
3 4071 4070 3939
3 3939 3857 4071
3 4044 3961 4068
3 3961 3770 3856
3 3856 4168 3961
3 4068 3842 3973
3 3973 4044 4068
3 4044 3973 3800
3 3800 4015 4044
3 3961 4044 4015
3 4015 3770 3961
3 3857 3842 4068
3 4068 4071 3857
3 4087 4167 4166
3 4166 4082 4087
3 4166 4168 3856
3 3856 4082 4166
3 4168 4071 4068
3 4068 3961 4168
3 4166 4070 4071
3 4071 4168 4166
3 3949 3939 4085
3 4085 4084 3949
3 4014 4072 3852
3 3852 3880 4014
3 3844 3972 3971
3 3971 3843 3844
3 3806 3843 4072
3 4072 4014 3806
3 4084 4085 3971
3 3971 3972 4084
3 3939 4070 4086
3 4086 4085 3939
3 4069 4086 4167
3 4167 3852 4069
3 4069 4072 3843
3 3843 3971 4069
3 4069 3971 4085
3 4085 4086 4069
3 3880 3852 4167
3 4167 4087 3880
3 4167 4086 4070
3 4070 4166 4167
3 3852 4072 4069
3 3912 3776 3767
3 3767 3962 3912
3 3962 3767 3826
3 3826 4021 3962
3 3826 3792 4055
3 4055 4021 3826
3 3921 3773 3768
3 3768 3920 3921
3 3773 3921 3987
3 3987 3779 3773
3 3828 3929 3920
3 3920 3768 3828
3 3923 3929 3828
3 3828 4156 3923
3 4090 4089 4081
3 4081 4080 4090
3 4089 4090 3774
3 3774 3780 4089
3 3773 3779 3989
3 3989 3911 3773
3 3780 3774 3911
3 3911 3989 3780
3 4171 4172 4090
3 4090 4080 4171
3 4154 4091 4079
3 4079 4153 4154
3 4153 4079 3853
3 3853 4151 4153
3 4055 4150 4054
3 4054 4021 4055
3 4151 3853 4054
3 4054 4150 4151
3 3941 3912 3775
3 3775 3781 3941
3 3775 3854 3855
3 3855 3781 3775
3 4080 4081 3855
3 3855 3854 4080
3 3827 4091 4154
3 4154 4149 3827
3 3928 3827 4149
3 4149 4155 3928
3 3828 3928 4155
3 4155 4156 3828
3 3910 4173 3827
3 3827 3928 3910
3 4173 4174 4091
3 4091 3827 4173
3 3768 3773 3911
3 3911 3910 3768
3 3910 3928 3828
3 3828 3768 3910
3 3962 4053 3775
3 3775 3912 3962
3 4175 4053 4054
3 4054 3853 4175
3 4053 3962 4021
3 4021 4054 4053
3 3854 3775 4053
3 4053 4170 3854
3 4174 4176 4079
3 4079 4091 4174
3 4176 4175 3853
3 3853 4079 4176
3 4173 4169 4172
3 4172 4174 4173
3 4175 4170 4053
3 3774 4169 3910
3 3910 3911 3774
3 4090 4172 4169
3 4169 3774 4090
3 4170 4171 4080
3 4080 3854 4170
3 4173 3910 4169
3 4176 4174 4172
3 4172 4171 4176
3 4175 4176 4171
3 4171 4170 4175
3 4227 4213 4212
3 4212 4228 4227
3 4229 4228 4212
3 4212 4214 4229
3 4230 4229 4214
3 4214 4218 4230
3 4186 4187 4178
3 4178 4184 4186
3 4188 4186 4184
3 4184 4177 4188
3 4210 4227 4228
3 4228 4211 4210
3 4215 4211 4228
3 4228 4229 4215
3 4219 4215 4229
3 4229 4230 4219
3 4188 4177 4193
3 4193 4194 4188
3 4184 4178 4191
3 4191 4192 4184
3 4193 4177 4184
3 4184 4192 4193
3 4215 4219 4195
3 4195 4193 4215
3 4211 4215 4193
3 4193 4192 4211
3 4210 4211 4192
3 4192 4191 4210
3 4183 4186 4188
3 4188 4181 4183
3 4190 4185 4200
3 4200 4201 4190
3 4190 4183 4185
3 4221 4222 4196
3 4196 4194 4221
3 4196 4181 4188
3 4188 4194 4196
3 4197 4179 4181
3 4181 4196 4197
3 4220 4230 4218
3 4218 4209 4220
3 4195 4219 4230
3 4230 4220 4195
3 4183 4189 4185
3 4198 4189 4179
3 4179 4197 4198
3 4199 4185 4189
3 4189 4198 4199
3 4179 4189 4183
3 4183 4181 4179
3 4208 4222 4221
3 4222 4197 4196
3 4223 4206 4225
3 4216 4213 4227
3 4227 4226 4216
3 4225 4204 4203
3 4203 4223 4225
3 4227 4210 4217
3 4217 4226 4227
3 4187 4182 4203
3 4203 4204 4187
3 4178 4187 4204
3 4204 4191 4178
3 4217 4210 4191
3 4191 4205 4217
3 4226 4217 4205
3 4205 4224 4226
3 4224 4207 4216
3 4216 4226 4224
3 4182 4187 4186
3 4186 4183 4182
3 4183 4190 4180
3 4180 4182 4183
3 4202 4223 4203
3 4180 4190 4201
3 4201 4202 4180
3 4182 4180 4202
3 4202 4203 4182
3 4242 4258 4253
3 4253 4232 4242
3 4246 4253 4258
3 4258 4260 4246
3 4259 4257 4255
3 4255 4244 4259
3 4233 4240 4252
3 4252 4243 4233
3 4234 4245 4250
3 4250 4238 4234
3 4246 4260 4247
3 4247 4235 4246
3 4235 4247 4245
3 4245 4234 4235
3 4237 4235 4234
3 4234 4238 4237
3 4240 4233 4236
3 4236 4239 4240
3 4236 4233 4243
3 4243 4248 4236
3 4239 4236 4244
3 4244 4251 4239
3 4244 4236 4248
3 4248 4259 4244
3 4249 4246 4235
3 4235 4237 4249
3 4249 4237 4239
3 4239 4251 4249
3 4239 4237 4238
3 4238 4240 4239
3 4240 4238 4250
3 4250 4252 4240
3 4231 4255 4257
3 4257 4241 4231
3 4231 4241 4242
3 4242 4232 4231
3 4254 4255 4231
3 4244 4255 4254
3 4254 4251 4244
3 4254 4231 4232
3 4232 4256 4254
3 4232 4253 4256
3 4249 4251 4254
3 4254 4256 4249
3 4249 4256 4253
3 4253 4246 4249
3 4272 4262 4283
3 4283 4288 4272
3 4276 4290 4288
3 4288 4283 4276
3 4289 4274 4285
3 4285 4287 4289
3 4263 4273 4282
3 4282 4270 4263
3 4264 4268 4280
3 4280 4275 4264
3 4276 4265 4277
3 4277 4290 4276
3 4265 4264 4275
3 4275 4277 4265
3 4267 4268 4264
3 4264 4265 4267
3 4270 4269 4266
3 4266 4263 4270
3 4266 4278 4273
3 4273 4263 4266
3 4269 4281 4274
3 4274 4266 4269
3 4274 4289 4278
3 4278 4266 4274
3 4279 4267 4265
3 4265 4276 4279
3 4279 4281 4269
3 4269 4267 4279
3 4269 4270 4268
3 4268 4267 4269
3 4270 4282 4280
3 4280 4268 4270
3 4261 4271 4287
3 4287 4285 4261
3 4261 4262 4272
3 4272 4271 4261
3 4284 4261 4285
3 4274 4281 4284
3 4284 4285 4274
3 4284 4286 4262
3 4262 4261 4284
3 4262 4286 4283
3 4279 4286 4284
3 4284 4281 4279
3 4279 4276 4283
3 4283 4286 4279
3 4302 4301 4312
3 4312 4310 4302
3 4303 4304 4309
3 4309 4308 4303
3 4305 4301 4302
3 4302 4306 4305
3 4303 4305 4306
3 4306 4304 4303
3 4291 4295 4299
3 4299 4300 4291
3 4292 4298 4297
3 4297 4294 4292
3 4295 4291 4293
3 4293 4296 4295
3 4299 4298 4292
3 4292 4300 4299
3 4291 4302 4310
3 4310 4293 4291
3 4300 4306 4302
3 4302 4291 4300
3 4297 4307 4309
3 4309 4294 4297
3 4304 4292 4294
3 4294 4309 4304
3 4311 4296 4293
3 4293 4310 4311
3 4292 4304 4306
3 4306 4300 4292
3 4338 4327 4313
3 4313 4337 4338
3 4339 4335 4327
3 4327 4338 4339
3 4340 4325 4335
3 4335 4339 4340
3 4341 4333 4325
3 4325 4340 4341
3 4342 4331 4333
3 4333 4341 4342
3 4343 4322 4331
3 4331 4342 4343
3 4423 4424 4322
3 4322 4343 4423
3 4345 4329 4316
3 4316 4344 4345
3 4346 4321 4329
3 4329 4345 4346
3 4348 4330 4319
3 4319 4347 4348
3 4349 4317 4330
3 4330 4348 4349
3 4350 4323 4420
3 4420 4421 4350
3 4352 4332 4324
3 4324 4351 4352
3 4353 4334 4332
3 4332 4352 4353
3 4354 4326 4334
3 4334 4353 4354
3 4355 4336 4326
3 4326 4354 4355
3 4356 4328 4336
3 4336 4355 4356
3 4314 4328 4356
3 4356 4358 4314
3 4368 4369 4320
3 4320 4346 4368
3 4367 4368 4346
3 4346 4345 4367
3 4366 4367 4345
3 4345 4344 4366
3 4365 4422 4423
3 4423 4343 4365
3 4364 4365 4343
3 4343 4342 4364
3 4363 4364 4342
3 4342 4341 4363
3 4362 4363 4341
3 4341 4340 4362
3 4361 4362 4340
3 4340 4339 4361
3 4360 4361 4339
3 4339 4338 4360
3 4359 4360 4338
3 4338 4337 4359
3 4347 4318 4369
3 4369 4368 4347
3 4348 4347 4368
3 4368 4367 4348
3 4349 4348 4367
3 4367 4366 4349
3 4350 4421 4422
3 4422 4365 4350
3 4352 4351 4365
3 4365 4364 4352
3 4353 4352 4364
3 4364 4363 4353
3 4354 4353 4363
3 4363 4362 4354
3 4355 4354 4362
3 4362 4361 4355
3 4356 4355 4361
3 4361 4360 4356
3 4358 4356 4360
3 4360 4359 4358
3 4357 4359 4410
3 4410 4409 4357
3 4416 4417 4401
3 4401 4402 4416
3 4427 4416 4402
3 4402 4426 4427
3 4410 4411 4408
3 4408 4409 4410
3 4412 4413 4406
3 4406 4407 4412
3 4417 4418 4400
3 4400 4401 4417
3 4414 4415 4403
3 4403 4405 4414
3 4413 4414 4405
3 4405 4406 4413
3 4411 4412 4407
3 4407 4408 4411
3 4391 4337 4313
3 4313 4381 4391
3 4392 4391 4381
3 4381 4389 4392
3 4393 4392 4389
3 4389 4379 4393
3 4394 4393 4379
3 4379 4387 4394
3 4395 4394 4387
3 4387 4385 4395
3 4396 4395 4385
3 4385 4376 4396
3 4397 4428 4429
3 4429 4370 4397
3 4398 4397 4370
3 4370 4383 4398
3 4399 4398 4383
3 4383 4375 4399
3 4418 4419 4373
3 4373 4400 4418
3 4401 4400 4372
3 4372 4384 4401
3 4402 4401 4384
3 4384 4371 4402
3 4426 4402 4371
3 4371 4425 4426
3 4405 4403 4377
3 4377 4386 4405
3 4406 4405 4386
3 4386 4388 4406
3 4407 4406 4388
3 4388 4380 4407
3 4408 4407 4380
3 4380 4390 4408
3 4409 4408 4390
3 4390 4382 4409
3 4315 4357 4409
3 4409 4382 4315
3 4359 4337 4391
3 4391 4410 4359
3 4391 4392 4411
3 4411 4410 4391
3 4392 4393 4412
3 4412 4411 4392
3 4393 4394 4413
3 4413 4412 4393
3 4394 4395 4414
3 4414 4413 4394
3 4395 4396 4415
3 4415 4414 4395
3 4428 4397 4416
3 4416 4427 4428
3 4397 4398 4417
3 4417 4416 4397
3 4398 4399 4418
3 4418 4417 4398
3 4399 4374 4419
3 4419 4418 4399
3 4421 4420 4317
3 4317 4349 4421
3 4422 4421 4349
3 4349 4366 4422
3 4423 4422 4366
3 4366 4344 4423
3 4344 4316 4424
3 4424 4423 4344
3 4404 4426 4425
3 4425 4378 4404
3 4415 4427 4426
3 4426 4404 4415
3 4396 4428 4427
3 4427 4415 4396
3 4429 4428 4396
3 4396 4376 4429
3 4445 4444 4451
3 4451 4452 4445
3 4449 4450 4442
3 4442 4446 4449
3 4443 4448 4447
3 4447 4441 4443
3 4445 4448 4443
3 4443 4444 4445
3 4443 4441 4474
3 4474 4475 4443
3 4442 4450 4472
3 4472 4473 4442
3 4444 4443 4475
3 4475 4476 4444
3 4451 4444 4476
3 4476 4477 4451
3 4465 4466 4473
3 4473 4472 4465
3 4463 4462 4461
3 4461 4460 4463
3 4464 4463 4460
3 4460 4459 4464
3 4465 4464 4459
3 4459 4456 4465
3 4466 4465 4456
3 4456 4454 4466
3 4468 4467 4453
3 4453 4455 4468
3 4469 4468 4455
3 4455 4457 4469
3 4470 4469 4457
3 4457 4458 4470
3 4462 4470 4458
3 4458 4461 4462
3 4468 4475 4474
3 4474 4467 4468
3 4469 4476 4475
3 4475 4468 4469
3 4470 4477 4476
3 4476 4469 4470
3 4439 4438 4434
3 4434 4435 4439
3 4451 4438 4439
3 4439 4452 4451
3 4478 4438 4451
3 4451 4477 4478
3 4478 4477 4470
3 4470 4462 4478
3 4480 4434 4438
3 4438 4478 4480
3 4432 4430 4436
3 4436 4440 4432
3 4440 4436 4450
3 4450 4449 4440
3 4450 4436 4471
3 4471 4472 4450
3 4464 4465 4472
3 4472 4471 4464
3 4463 4464 4471
3 4471 4437 4463
3 4478 4462 4463
3 4463 4437 4478
3 4433 4431 4430
3 4430 4432 4433
3 4435 4434 4431
3 4431 4433 4435
3 4481 4471 4436
3 4436 4430 4481
3 4480 4478 4437
3 4437 4479 4480
3 4431 4434 4480
3 4480 4479 4431
3 4481 4430 4431
3 4431 4479 4481
3 4471 4481 4479
3 4479 4437 4471
3 4517 4519 4518
3 4519 4520 4518
3 4520 4521 4518
3 4522 4523 4518
3 4516 4517 4518
3 4523 4524 4518
3 4544 4502 4515
3 4515 4504 4544
3 4514 4543 4545
3 4545 4505 4514
3 4524 4525 4518
3 4525 4516 4518
3 4505 4547 4546
3 4546 4514 4505
3 4490 4543 4514
3 4482 4546 4506
3 4491 4506 4546
3 4546 4547 4491
3 4491 4527 4526
3 4526 4506 4491
3 4515 4491 4548
3 4548 4504 4515
3 4490 4482 4516
3 4516 4525 4490
3 4490 4514 4546
3 4546 4482 4490
3 4492 4507 4526
3 4526 4527 4492
3 4492 4530 4528
3 4528 4507 4492
3 4515 4492 4527
3 4527 4491 4515
3 4482 4483 4517
3 4517 4516 4482
3 4483 4526 4507
3 4482 4506 4526
3 4526 4483 4482
3 4529 4492 4515
3 4515 4494 4529
3 4493 4508 4528
3 4528 4530 4493
3 4493 4532 4531
3 4531 4508 4493
3 4517 4483 4484
3 4484 4519 4517
3 4484 4528 4508
3 4483 4507 4528
3 4528 4484 4483
3 4533 4494 4515
3 4515 4496 4533
3 4495 4509 4531
3 4531 4532 4495
3 4495 4536 4534
3 4534 4509 4495
3 4519 4484 4485
3 4485 4520 4519
3 4485 4531 4509
3 4484 4508 4531
3 4531 4485 4484
3 4515 4497 4535
3 4535 4496 4515
3 4499 4511 4534
3 4534 4536 4499
3 4498 4538 4537
3 4537 4510 4498
3 4485 4486 4521
3 4521 4520 4485
3 4486 4534 4511
3 4485 4509 4534
3 4534 4486 4485
3 4541 4501 4515
3 4515 4502 4541
3 4513 4540 4542
3 4542 4503 4513
3 4503 4545 4543
3 4543 4513 4503
3 4524 4489 4490
3 4490 4525 4524
3 4489 4513 4543
3 4543 4490 4489
3 4515 4501 4539
3 4539 4497 4515
3 4500 4512 4537
3 4537 4538 4500
3 4500 4542 4540
3 4540 4512 4500
3 4523 4488 4489
3 4489 4524 4523
3 4487 4488 4523
3 4523 4522 4487
3 4488 4537 4512
3 4489 4540 4513
3 4487 4510 4537
3 4537 4488 4487
3 4488 4512 4540
3 4540 4489 4488
3 5231 4549 4573
3 4573 5230 5231
3 4563 4574 4575
3 4575 4571 4563
3 4571 4575 4576
3 4576 4561 4571
3 4561 4576 4577
3 4577 4569 4561
3 4569 4577 4578
3 4578 4567 4569
3 4558 4567 4578
3 4578 4579 4558
3 4665 4558 4579
3 4579 4664 4665
3 4552 4580 4581
3 4581 4565 4552
3 4565 4581 4582
3 4582 4557 4565
3 4566 4555 4583
3 4583 4584 4566
3 4553 4566 4584
3 4584 4585 4553
3 4586 4560 4661
3 4661 4662 4586
3 4568 4559 4587
3 4587 4588 4568
3 4570 4568 4588
3 4588 4589 4570
3 4590 4562 4570
3 4570 4589 4590
3 4591 4572 4562
3 4562 4590 4591
3 4592 4564 4572
3 4572 4591 4592
3 4593 4551 5227
3 5227 5228 4593
3 4604 4605 4556
3 4556 4582 4604
3 4603 4604 4582
3 4582 4581 4603
3 4602 4603 4581
3 4581 4580 4602
3 4601 4663 4664
3 4664 4579 4601
3 4600 4601 4579
3 4579 4578 4600
3 4599 4600 4578
3 4578 4577 4599
3 4598 4599 4577
3 4577 4576 4598
3 4597 4598 4576
3 4576 4575 4597
3 4596 4597 4575
3 4575 4574 4596
3 4595 5229 5230
3 5230 4573 4595
3 4583 4554 4605
3 4605 4604 4583
3 4584 4583 4604
3 4604 4603 4584
3 4585 4584 4603
3 4603 4602 4585
3 4586 4662 4663
3 4663 4601 4586
3 4588 4587 4601
3 4601 4600 4588
3 4589 4588 4600
3 4600 4599 4589
3 4590 4589 4599
3 4599 4598 4590
3 4591 4590 4598
3 4598 4597 4591
3 4592 4591 4597
3 4597 4596 4592
3 4593 5228 5229
3 5229 4595 4593
3 5223 5224 4646
3 4646 4645 5223
3 4652 4653 4637
3 4637 4638 4652
3 4658 4652 4638
3 4638 4657 4658
3 4646 4647 4644
3 4644 4645 4646
3 4648 4649 4642
3 4642 4643 4648
3 4653 4654 4636
3 4636 4637 4653
3 4650 4651 4639
3 4639 4641 4650
3 4649 4650 4641
3 4641 4642 4649
3 4647 4648 4643
3 4643 4644 4647
3 4617 4627 5225
3 5225 5226 4617
3 4617 4625 4628
3 4628 4627 4617
3 4625 4615 4629
3 4629 4628 4625
3 4615 4623 4630
3 4630 4629 4615
3 4623 4621 4631
3 4631 4630 4623
3 4612 4632 4631
3 4631 4621 4612
3 4606 4633 4659
3 4659 4660 4606
3 4606 4619 4634
3 4634 4633 4606
3 4619 4610 4635
3 4635 4634 4619
3 4654 4655 4608
3 4608 4636 4654
3 4620 4637 4636
3 4636 4609 4620
3 4607 4638 4637
3 4637 4620 4607
3 4657 4638 4607
3 4607 4656 4657
3 4622 4641 4639
3 4639 4614 4622
3 4624 4642 4641
3 4641 4622 4624
3 4643 4642 4624
3 4624 4616 4643
3 4644 4643 4616
3 4616 4626 4644
3 4645 4644 4626
3 4626 4618 4645
3 5223 4645 4618
3 4618 5222 5223
3 5224 5225 4627
3 4627 4646 5224
3 4627 4628 4647
3 4647 4646 4627
3 4628 4629 4648
3 4648 4647 4628
3 4629 4630 4649
3 4649 4648 4629
3 4630 4631 4650
3 4650 4649 4630
3 4631 4632 4651
3 4651 4650 4631
3 4659 4633 4652
3 4652 4658 4659
3 4633 4634 4653
3 4653 4652 4633
3 4634 4635 4654
3 4654 4653 4634
3 4635 4611 4655
3 4655 4654 4635
3 4640 4657 4656
3 4656 4613 4640
3 4651 4658 4657
3 4657 4640 4651
3 4632 4659 4658
3 4658 4651 4632
3 4660 4659 4632
3 4632 4612 4660
3 4662 4661 4553
3 4553 4585 4662
3 4663 4662 4585
3 4585 4602 4663
3 4664 4663 4602
3 4602 4580 4664
3 4552 4665 4664
3 4664 4580 4552
3 4677 4666 4672
3 4672 4676 4677
3 4670 4669 4667
3 4667 4671 4670
3 4668 4673 4672
3 4672 4666 4668
3 4675 4673 4668
3 4668 4674 4675
3 4673 4675 4676
3 4676 4672 4673
3 4679 4675 4674
3 4674 4678 4679
3 4676 4675 4679
3 4679 4680 4676
3 4681 4677 4676
3 4676 4680 4681
3 4670 4679 4678
3 4678 4669 4670
3 4680 4679 4670
3 4670 4671 4680
3 4667 4681 4680
3 4680 4671 4667
3 4684 4683 4688
3 4688 4682 4684
3 4682 4691 4687
3 4691 4682 4688
3 4688 4686 4691
3 4690 4685 4684
3 4684 4682 4690
3 4689 4690 4682
3 4682 4692 4689
3 4692 4682 4687
3 4685 4690 4695
3 4695 4694 4685
3 4686 4688 4696
3 4696 4697 4686
3 4690 4689 4698
3 4698 4695 4690
3 4688 4683 4693
3 4693 4696 4688
3 4691 4686 4697
3 4697 4699 4691
3 4687 4691 4699
3 4699 4701 4687
3 4692 4687 4700
3 4700 4702 4692
3 4689 4692 4702
3 4702 4698 4689
3 4710 4732 4731
3 4731 4711 4710
3 4711 4731 4730
3 4730 4712 4711
3 4735 4728 4729
3 4729 4736 4735
3 4729 4715 4712
3 4712 4730 4729
3 4728 4716 4715
3 4715 4729 4728
3 4728 4742 4743
3 4743 4716 4728
3 4705 4742 4741
3 4741 4706 4705
3 4703 4743 4742
3 4742 4705 4703
3 4707 4717 4718
3 4718 4713 4707
3 4719 4714 4713
3 4713 4718 4719
3 4693 4683 4714
3 4714 4719 4693
3 4717 4707 4709
3 4709 4720 4717
3 4720 4709 4708
3 4708 4721 4720
3 4732 4710 4722
3 4722 4733 4732
3 4722 4710 4711
3 4711 4723 4722
3 4723 4711 4712
3 4712 4724 4723
3 4715 4726 4725
3 4725 4712 4715
3 4726 4715 4716
3 4716 4727 4726
3 4744 4743 4703
3 4703 4704 4744
3 4735 4741 4742
3 4742 4728 4735
3 4737 4736 4729
3 4729 4730 4737
3 4737 4730 4731
3 4731 4738 4737
3 4738 4731 4732
3 4732 4739 4738
3 4740 4739 4732
3 4732 4734 4740
3 4684 4706 4741
3 4741 4683 4684
3 4683 4741 4735
3 4735 4714 4683
3 4714 4735 4736
3 4736 4713 4714
3 4737 4707 4713
3 4713 4736 4737
3 4707 4737 4738
3 4738 4709 4707
3 4709 4738 4739
3 4739 4708 4709
3 4721 4708 4739
3 4739 4740 4721
3 4727 4716 4743
3 4743 4744 4727
3 4748 4749 4769
3 4769 4770 4748
3 4749 4750 4768
3 4768 4769 4749
3 4773 4774 4767
3 4767 4766 4773
3 4767 4768 4750
3 4750 4753 4767
3 4766 4767 4753
3 4753 4754 4766
3 4766 4754 4781
3 4781 4780 4766
3 4705 4706 4779
3 4779 4780 4705
3 4703 4705 4780
3 4780 4781 4703
3 4745 4751 4756
3 4756 4755 4745
3 4757 4756 4751
3 4751 4752 4757
3 4694 4757 4752
3 4752 4685 4694
3 4755 4758 4747
3 4747 4745 4755
3 4758 4759 4746
3 4746 4747 4758
3 4770 4771 4760
3 4760 4748 4770
3 4760 4761 4749
3 4749 4748 4760
3 4761 4763 4750
3 4750 4749 4761
3 4753 4750 4762
3 4762 4764 4753
3 4764 4765 4754
3 4754 4753 4764
3 4782 4704 4703
3 4703 4781 4782
3 4773 4766 4780
3 4780 4779 4773
3 4775 4768 4767
3 4767 4774 4775
3 4775 4776 4769
3 4769 4768 4775
3 4776 4777 4770
3 4770 4769 4776
3 4778 4772 4770
3 4770 4777 4778
3 4684 4685 4779
3 4779 4706 4684
3 4685 4752 4773
3 4773 4779 4685
3 4752 4751 4774
3 4774 4773 4752
3 4775 4774 4751
3 4751 4745 4775
3 4745 4747 4776
3 4776 4775 4745
3 4747 4746 4777
3 4777 4776 4747
3 4759 4778 4777
3 4777 4746 4759
3 4765 4782 4781
3 4781 4754 4765
3 4788 4801 4802
3 4802 4787 4788
3 4806 4805 4807
3 4807 4808 4806
3 4803 4801 4788
3 4788 4797 4803
3 4784 4788 4787
3 4787 4786 4784
3 4797 4788 4784
3 4784 4806 4797
3 4783 4785 4790
3 4790 4789 4783
3 4783 4789 4797
3 4797 4808 4783
3 4797 4806 4808
3 4808 4807 4785
3 4785 4783 4808
3 4805 4806 4784
3 4784 4786 4805
3 4798 4809 4810
3 4793 4791 4802
3 4802 4801 4793
3 4796 4794 4798
3 4798 4810 4796
3 4793 4801 4804
3 4804 4809 4793
3 4789 4790 4799
3 4799 4800 4789
3 4789 4800 4803
3 4803 4797 4789
3 4799 4795 4796
3 4796 4800 4799
3 4804 4800 4796
3 4796 4810 4804
3 4804 4801 4803
3 4803 4800 4804
3 4804 4810 4809
3 4809 4798 4792
3 4792 4793 4809
3 4835 4836 4834
3 4834 4833 4835
3 4815 4816 4812
3 4812 4814 4815
3 4812 4816 4825
3 4825 4833 4812
3 4818 4813 4811
3 4811 4817 4818
3 4825 4817 4811
3 4811 4835 4825
3 4825 4835 4833
3 4833 4834 4814
3 4814 4812 4833
3 4836 4835 4811
3 4811 4813 4836
3 4830 4829 4816
3 4816 4815 4830
3 4826 4837 4821
3 4821 4820 4826
3 4830 4819 4821
3 4821 4829 4830
3 4826 4823 4824
3 4824 4838 4826
3 4832 4829 4821
3 4821 4837 4832
3 4827 4818 4817
3 4817 4828 4827
3 4816 4829 4831
3 4831 4825 4816
3 4831 4828 4817
3 4817 4825 4831
3 4827 4828 4824
3 4824 4822 4827
3 4824 4828 4832
3 4832 4838 4824
3 4831 4829 4832
3 4832 4828 4831
3 4826 4838 4837
3 4832 4837 4838
3 4859 4860 4840
3 4840 4842 4859
3 4862 4861 4841
3 4841 4839 4862
3 4860 4859 4861
3 4861 4862 4860
3 4840 4844 4843
3 4843 4842 4840
3 4853 4844 4840
3 4840 4860 4853
3 4839 4841 4846
3 4846 4845 4839
3 4839 4845 4853
3 4853 4862 4839
3 4853 4860 4862
3 4852 4857 4858
3 4858 4851 4852
3 4849 4865 4854
3 4854 4847 4849
3 4852 4850 4854
3 4854 4866 4852
3 4845 4846 4858
3 4858 4857 4845
3 4863 4864 4857
3 4849 4848 4855
3 4855 4856 4849
3 4844 4856 4855
3 4855 4843 4844
3 4864 4856 4844
3 4844 4853 4864
3 4845 4857 4864
3 4864 4853 4845
3 4863 4857 4852
3 4852 4866 4863
3 4849 4856 4863
3 4863 4865 4849
3 4854 4865 4866
3 4863 4866 4865
3 4864 4863 4856
3 4889 4890 4888
3 4888 4887 4889
3 4887 4888 4870
3 4870 4868 4887
3 4890 4889 4867
3 4867 4869 4890
3 4871 4872 4868
3 4868 4870 4871
3 4868 4872 4881
3 4881 4887 4868
3 4874 4869 4867
3 4867 4873 4874
3 4881 4873 4867
3 4867 4889 4881
3 4892 4885 4873
3 4873 4881 4892
3 4886 4874 4873
3 4873 4885 4886
3 4881 4889 4887
3 4885 4892 4891
3 4882 4893 4877
3 4877 4875 4882
3 4877 4884 4883
3 4883 4876 4877
3 4894 4882 4878
3 4878 4880 4894
3 4872 4871 4883
3 4883 4884 4872
3 4880 4879 4886
3 4886 4885 4880
3 4891 4884 4877
3 4877 4893 4891
3 4880 4885 4891
3 4891 4894 4880
3 4872 4884 4892
3 4892 4881 4872
3 4892 4884 4891
3 4882 4894 4893
3 4891 4893 4894
3 4895 4896 4911
3 4911 4912 4895
3 4902 4899 4897
3 4897 4898 4902
3 4919 4915 4920
3 4920 4921 4919
3 4903 4905 4896
3 4896 4895 4903
3 4896 4906 4914
3 4914 4911 4896
3 4913 4904 4895
3 4895 4912 4913
3 4908 4907 4898
3 4898 4897 4908
3 4900 4909 4908
3 4908 4897 4900
3 4924 4923 4927
3 4927 4928 4924
3 4910 4901 4898
3 4898 4907 4910
3 4912 4911 4907
3 4907 4908 4912
3 4909 4913 4912
3 4912 4908 4909
3 4923 4924 4921
3 4921 4920 4923
3 4914 4910 4907
3 4907 4911 4914
3 4905 4903 4916
3 4916 4918 4905
3 4904 4913 4920
3 4920 4915 4904
3 4914 4906 4917
3 4917 4922 4914
3 4909 4900 4927
3 4927 4923 4909
3 4899 4902 4930
3 4930 4926 4899
3 4901 4910 4925
3 4925 4929 4901
3 4910 4914 4922
3 4922 4925 4910
3 4913 4909 4923
3 4923 4920 4913
3 4961 4932 4949
3 4949 4960 4961
3 4934 4938 4967
3 4967 4969 4934
3 4964 4954 4943
3 4943 4963 4964
3 4961 4962 4942
3 4942 4932 4961
3 4932 4943 4954
3 4954 4949 4932
3 4950 4951 4940
3 4940 4931 4950
3 4979 4980 4972
3 4972 4973 4979
3 4974 4976 4984
3 4984 4985 4974
3 4977 4978 4981
3 4981 4982 4977
3 4980 4981 4978
3 4978 4972 4980
3 4960 4949 4944
3 4944 4971 4960
3 4946 4952 4950
3 4950 4945 4946
3 4948 4954 4964
3 4964 4965 4948
3 4944 4949 4954
3 4954 4948 4944
3 4970 4955 4934
3 4934 4969 4970
3 4933 4936 4957
3 4957 4956 4933
3 4968 4939 4959
3 4959 4966 4968
3 4959 4939 4934
3 4934 4955 4959
3 4945 4950 4960
3 4960 4971 4945
3 4931 4961 4960
3 4960 4950 4931
3 4931 4940 4962
3 4962 4961 4931
3 4953 4964 4963
3 4963 4941 4953
3 4964 4953 4947
3 4947 4965 4964
3 4975 4977 4982
3 4982 4983 4975
3 4937 4968 4966
3 4966 4958 4937
3 4967 4935 4933
3 4933 4969 4967
3 4956 4970 4969
3 4969 4933 4956
3 4985 4979 4973
3 4973 4974 4985
3 4970 4973 4972
3 4972 4955 4970
3 4956 4974 4973
3 4973 4970 4956
3 4956 4957 4976
3 4976 4974 4956
3 4966 4977 4975
3 4975 4958 4966
3 4959 4978 4977
3 4977 4966 4959
3 4978 4959 4955
3 4955 4972 4978
3 4971 4944 4980
3 4980 4979 4971
3 4944 4948 4981
3 4981 4980 4944
3 4982 4981 4948
3 4948 4965 4982
3 4983 4982 4965
3 4965 4947 4983
3 4984 4946 4945
3 4945 4985 4984
3 4945 4971 4979
3 4979 4985 4945
3 5033 5075 5076
3 5076 5032 5033
3 5032 5076 5077
3 5077 5031 5032
3 5031 5077 5078
3 5078 5030 5031
3 5030 5078 5079
3 5079 5037 5030
3 5037 5079 5080
3 5080 5036 5037
3 5036 5080 5081
3 5081 5035 5036
3 5035 5081 5082
3 5082 5034 5035
3 5034 5082 5075
3 5075 5033 5034
3 5096 5095 5097
3 5097 5095 5098
3 5098 5095 5099
3 5099 5095 5100
3 5100 5095 5101
3 5101 5095 5102
3 5102 5095 5103
3 5103 5095 5096
3 5007 5006 5049
3 5049 5051 5007
3 5011 5007 5051
3 5051 5052 5011
3 4988 5056 5057
3 5057 4989 4988
3 4989 5057 5058
3 5058 4990 4989
3 4990 5058 5059
3 5059 4991 4990
3 4991 5059 5060
3 5060 4992 4991
3 4992 5060 5061
3 5061 4993 4992
3 4993 5061 5062
3 5062 4986 4993
3 4996 4994 5070
3 5070 5072 4996
3 4998 4996 5072
3 5072 5073 4998
3 4999 4997 5074
3 5074 5063 4999
3 5001 4999 5063
3 5063 5064 5001
3 5002 5000 5065
3 5065 5066 5002
3 5004 5002 5066
3 5066 5068 5004
3 5005 5003 5067
3 5067 5069 5005
3 4995 5005 5069
3 5069 5071 4995
3 5014 4987 4986
3 4986 5021 5014
3 5021 4986 5062
3 5062 5046 5021
3 5020 4994 4996
3 4996 5018 5020
3 5015 4988 4987
3 4987 5014 5015
3 5018 4996 4998
3 4998 5016 5018
3 4988 5015 5055
3 5055 5056 4988
3 5015 5014 5023
3 5023 5024 5015
3 5015 5024 5054
3 5054 5055 5015
3 5018 5016 5026
3 5026 5027 5018
3 5020 5018 5027
3 5027 5029 5020
3 5022 5021 5046
3 5046 5047 5022
3 5023 5014 5021
3 5021 5022 5023
3 5007 5039 5038
3 5038 5006 5007
3 5011 5040 5039
3 5039 5007 5011
3 5040 5011 5052
3 5052 5083 5040
3 5010 5043 5041
3 5041 5012 5010
3 5008 5044 5043
3 5043 5010 5008
3 5049 5006 5038
3 5038 5084 5049
3 5038 5039 5093
3 5093 5094 5038
3 5039 5040 5092
3 5092 5093 5039
3 5083 5091 5092
3 5092 5040 5083
3 5041 5043 5088
3 5088 5089 5041
3 5043 5044 5087
3 5087 5088 5043
3 5038 5094 5085
3 5085 5084 5038
3 5052 5013 5042
3 5042 5083 5052
3 5008 5010 5050
3 5050 5048 5008
3 5010 5012 5053
3 5053 5050 5010
3 5042 5090 5091
3 5091 5083 5042
3 5025 5017 5055
3 5055 5054 5025
3 5017 4997 5056
3 5056 5055 5017
3 4999 5057 5056
3 5056 4997 4999
3 5001 5058 5057
3 5057 4999 5001
3 5002 5059 5058
3 5058 5000 5002
3 5004 5060 5059
3 5059 5002 5004
3 5005 5061 5060
3 5060 5003 5005
3 4995 5062 5061
3 5061 5005 4995
3 4995 5019 5046
3 5046 5062 4995
3 5019 5028 5047
3 5047 5046 5019
3 5085 5086 5045
3 5045 5084 5085
3 5009 5049 5084
3 5084 5045 5009
3 4989 4990 5031
3 5031 5030 4989
3 4990 4991 5032
3 5032 5031 4990
3 4991 4992 5033
3 5033 5032 4991
3 4992 4993 5034
3 5034 5033 4992
3 4993 4986 5035
3 5035 5034 4993
3 4986 4987 5036
3 5036 5035 4986
3 4987 4988 5037
3 5037 5036 4987
3 4988 4989 5030
3 5030 5037 4988
3 5047 5028 5086
3 5086 5085 5047
3 5088 5087 5029
3 5029 5027 5088
3 5089 5088 5027
3 5027 5026 5089
3 5091 5090 5025
3 5025 5054 5091
3 5092 5091 5054
3 5054 5024 5092
3 5093 5092 5024
3 5024 5023 5093
3 5094 5093 5023
3 5023 5022 5094
3 5085 5094 5022
3 5022 5047 5085
3 5076 5075 5096
3 5096 5097 5076
3 5077 5076 5097
3 5097 5098 5077
3 5078 5077 5098
3 5098 5099 5078
3 5079 5078 5099
3 5099 5100 5079
3 5101 5080 5079
3 5079 5100 5101
3 5081 5080 5101
3 5101 5102 5081
3 5082 5081 5102
3 5102 5103 5082
3 5075 5082 5103
3 5103 5096 5075
3 5151 5150 5194
3 5194 5193 5151
3 5150 5149 5195
3 5195 5194 5150
3 5149 5148 5196
3 5196 5195 5149
3 5148 5155 5197
3 5197 5196 5148
3 5155 5154 5198
3 5198 5197 5155
3 5154 5153 5199
3 5199 5198 5154
3 5153 5152 5200
3 5200 5199 5153
3 5152 5151 5193
3 5193 5200 5152
3 5214 5215 5213
3 5215 5216 5213
3 5216 5217 5213
3 5217 5218 5213
3 5218 5219 5213
3 5219 5220 5213
3 5220 5221 5213
3 5221 5214 5213
3 5125 5168 5166
3 5166 5124 5125
3 5129 5171 5168
3 5168 5125 5129
3 5106 5107 5175
3 5175 5174 5106
3 5107 5108 5176
3 5176 5175 5107
3 5108 5109 5177
3 5177 5176 5108
3 5109 5110 5178
3 5178 5177 5109
3 5110 5111 5179
3 5179 5178 5110
3 5111 5104 5180
3 5180 5179 5111
3 5114 5190 5189
3 5189 5113 5114
3 5115 5192 5190
3 5190 5114 5115
3 5117 5181 5191
3 5191 5116 5117
3 5118 5182 5181
3 5181 5117 5118
3 5120 5184 5183
3 5183 5119 5120
3 5122 5186 5184
3 5184 5120 5122
3 5123 5187 5185
3 5185 5121 5123
3 5112 5188 5187
3 5187 5123 5112
3 5132 5139 5104
3 5104 5105 5132
3 5139 5164 5180
3 5180 5104 5139
3 5137 5136 5114
3 5114 5113 5137
3 5133 5132 5105
3 5105 5106 5133
3 5136 5134 5115
3 5115 5114 5136
3 5106 5174 5173
3 5173 5133 5106
3 5133 5142 5141
3 5141 5132 5133
3 5133 5173 5172
3 5172 5142 5133
3 5136 5145 5144
3 5144 5134 5136
3 5137 5147 5145
3 5145 5136 5137
3 5140 5165 5164
3 5164 5139 5140
3 5141 5140 5139
3 5139 5132 5141
3 5125 5124 5156
3 5156 5157 5125
3 5129 5125 5157
3 5157 5158 5129
3 5158 5201 5171
3 5171 5129 5158
3 5128 5131 5159
3 5159 5161 5128
3 5126 5128 5161
3 5161 5162 5126
3 5166 5202 5156
3 5156 5124 5166
3 5156 5212 5211
3 5211 5157 5156
3 5157 5211 5210
3 5210 5158 5157
3 5201 5158 5210
3 5210 5209 5201
3 5159 5207 5206
3 5206 5161 5159
3 5161 5206 5204
3 5204 5162 5161
3 5156 5202 5203
3 5203 5212 5156
3 5171 5201 5160
3 5160 5130 5171
3 5126 5167 5169
3 5169 5128 5126
3 5128 5169 5170
3 5170 5131 5128
3 5160 5201 5209
3 5209 5208 5160
3 5143 5172 5173
3 5173 5135 5143
3 5135 5173 5174
3 5174 5116 5135
3 5117 5116 5174
3 5174 5175 5117
3 5118 5117 5175
3 5175 5176 5118
3 5120 5119 5176
3 5176 5177 5120
3 5122 5120 5177
3 5177 5178 5122
3 5123 5121 5178
3 5178 5179 5123
3 5112 5123 5179
3 5179 5180 5112
3 5112 5180 5164
3 5164 5138 5112
3 5138 5164 5165
3 5165 5146 5138
3 5203 5202 5163
3 5163 5205 5203
3 5127 5163 5202
3 5202 5166 5127
3 5107 5148 5149
3 5149 5108 5107
3 5108 5149 5150
3 5150 5109 5108
3 5109 5150 5151
3 5151 5110 5109
3 5110 5151 5152
3 5152 5111 5110
3 5111 5152 5153
3 5153 5104 5111
3 5104 5153 5154
3 5154 5105 5104
3 5105 5154 5155
3 5155 5106 5105
3 5106 5155 5148
3 5148 5107 5106
3 5165 5203 5205
3 5205 5146 5165
3 5206 5145 5147
3 5147 5204 5206
3 5207 5144 5145
3 5145 5206 5207
3 5209 5172 5143
3 5143 5208 5209
3 5210 5142 5172
3 5172 5209 5210
3 5211 5141 5142
3 5142 5210 5211
3 5212 5140 5141
3 5141 5211 5212
3 5203 5165 5140
3 5140 5212 5203
3 5194 5215 5214
3 5214 5193 5194
3 5195 5216 5215
3 5215 5194 5195
3 5196 5217 5216
3 5216 5195 5196
3 5197 5218 5217
3 5217 5196 5197
3 5219 5218 5197
3 5197 5198 5219
3 5199 5220 5219
3 5219 5198 5199
3 5200 5221 5220
3 5220 5199 5200
3 5193 5214 5221
3 5221 5200 5193
3 4594 5223 5222
3 5222 4550 4594
3 4594 4595 5224
3 5224 5223 4594
3 4595 4573 5225
3 5225 5224 4595
3 5226 5225 4573
3 4573 4549 5226
3 5228 5227 4564
3 4564 4592 5228
3 5229 5228 4592
3 4592 4596 5229
3 5230 5229 4596
3 4596 4574 5230
3 4563 5231 5230
3 5230 4574 4563
3 2406 2364 2363
3 2363 2407 2406
3 2405 2366 2364
3 2364 2406 2405
3 2405 2404 2365
3 2365 2366 2405
3 2407 2363 2371
3 2371 2391 2407
3 2391 2371 2369
3 2369 2408 2391
3 2404 2405 2406
3 2406 2409 2404
3 2409 2390 2403
3 2403 2404 2409
3 2409 2406 2407
3 2407 2391 2409
3 2445 2446 2416
3 2416 2417 2445
3 2444 2445 2417
3 2417 2419 2444
3 2444 2419 2418
3 2418 2443 2444
3 2443 2418 2415
3 2415 2442 2443
3 2446 2434 2424
3 2424 2416 2446
3 2434 2447 2422
3 2422 2424 2434
3 2444 2443 2448
3 2448 2445 2444
3 2390 2409 2410
3 2410 2378 2390
3 2391 2408 2412
3 2412 2382 2391
3 2391 2382 2410
3 2410 2409 2391
3 2412 2385 2381
3 2433 2379 2411
3 2411 2448 2433
3 2449 2447 2434
3 2434 2383 2449
3 2434 2448 2411
3 2411 2383 2434
3 2449 2380 2384
3 2442 2433 2448
3 2448 2443 2442
3 2446 2445 2448
3 2448 2434 2446
3 3818 3969 3930
3 3930 3830 3818
3 3831 3812 3875
3 3875 3874 3831
3 3830 3874 3875
3 3875 3818 3830
3 3992 3970 3817
3 3817 3904 3992
3 3969 3818 3817
3 3817 3970 3969
3 4092 4093 3978
3 3978 3926 4092
3 4104 4105 4101
3 4101 4100 4104
3 4092 3926 4100
3 4100 4101 4092
3 3902 3903 3876
3 3876 5234 3902
3 3876 3875 3812
3 3812 3813 3876
3 3876 3817 3818
3 3818 3875 3876
3 3876 3903 3904
3 3904 3817 3876
3 3988 3990 3903
3 3903 3902 3988
3 4103 4095 4102
3 4102 4106 4103
3 3902 4102 4095
3 4095 3988 3902
3 3872 5233 3925
3 3925 3968 3872
3 4094 4028 3978
3 3978 4093 4094
3 3754 3794 3979
3 3979 3755 3754
3 4108 3753 4094
3 4094 4109 4108
3 3979 3794 3980
3 3980 4036 3979
3 3794 3872 3968
3 3968 3980 3794
3 4109 4094 4093
3 4093 3872 4109
3 4164 4165 3794
3 3794 3754 4164
3 3872 3794 4165
3 4165 4109 3872
3 4165 4164 4108
3 4108 4109 4165
3 5234 3876 3813
3 5233 3872 4093
3 4093 4092 5233
3 5232 5233 4092
3 4092 4101 5232
3 2357 5232 4101
3 4101 4105 2357
3 5235 2356 4106
3 4106 4102 5235
3 5235 4102 3902
3 3902 5234 5235
3 3335 3488 3510
3 3510 3422 3335
3 3487 3488 3335
3 3335 3336 3487
3 3496 3611 3610
3 3610 3444 3496
3 5236 2302 3624
3 3624 3619 5236
3 3619 3624 3621
3 3621 3618 3619
3 5237 5236 3619
3 3619 3610 5237
3 3618 3444 3610
3 3610 3619 3618
3 5238 3394 3421
3 3421 3420 5238
3 3394 3331 3330
3 3330 3393 3394
3 3394 3393 3336
3 3336 3335 3394
3 3394 3335 3422
3 3422 3421 3394
3 2303 5239 3620
3 3620 3623 2303
3 5239 5238 3420
3 3420 3620 5239
3 3422 3510 3555
3 3555 3509 3422
3 3506 3420 3421
3 3421 3508 3506
3 3422 3509 3508
3 3508 3421 3422
3 3622 3623 3620
3 3620 3613 3622
3 3420 3506 3613
3 3613 3620 3420
3 3486 3391 3329
3 3329 3443 3486
3 3390 3486 3443
3 3443 5237 3390
3 3390 5237 3610
3 3610 3611 3390
3 3337 3498 3554
3 3554 3440 3337
3 3391 3486 3498
3 3498 3337 3391
3 3612 3611 3496
3 3496 3546 3612
3 3272 3273 3497
3 3497 3312 3272
3 3626 3627 3612
3 3612 3271 3626
3 3546 3270 3271
3 3271 3612 3546
3 3497 3554 3498
3 3498 3312 3497
3 3312 3498 3486
3 3486 3390 3312
3 3627 3390 3611
3 3611 3612 3627
3 3312 3683 3682
3 3682 3272 3312
3 3390 3627 3683
3 3683 3312 3390
3 3626 3682 3683
3 3683 3627 3626
3 3394 5238 3331
3 5245 5240 5243
3 5243 5246 5245
3 5243 5240 5248
3 5248 5247 5243
3 5242 5243 5247
3 5247 5249 5242
3 5251 5250 5241
3 5241 5242 5251
3 5252 5253 5241
3 5241 5250 5252
3 5242 5249 5251
3 5244 5241 5254
3 5254 5241 5255
3 5241 5253 5255
3 5243 5242 5256
3 5256 5246 5243
3 5242 5241 5244
3 5244 5256 5242
3 5257 5244 5258
3 5258 5244 5259
3 5244 5254 5259
3 5257 5256 5244
3 5265 5263 5260
3 5260 5266 5265
3 5267 5262 5263
3 5263 5265 5267
3 5260 5263 5269
3 5269 5268 5260
3 5263 5262 5270
3 5270 5269 5263
3 5262 5261 5271
3 5271 5270 5262
3 5261 5262 5267
3 5267 5272 5261
3 5273 5271 5261
3 5261 5264 5273
3 5274 5273 5264
3 5264 5275 5274
3 5264 5261 5272
3 5272 5276 5264
3 5277 5278 5264
3 5264 5276 5277
3 5278 5275 5264
3 5245 5283 5281
3 5281 5240 5245
3 5281 5284 5248
3 5248 5240 5281
3 5280 5285 5284
3 5284 5281 5280
3 5287 5280 5279
3 5279 5286 5287
3 5288 5286 5279
3 5279 5289 5288
3 5280 5287 5285
3 5282 5290 5279
3 5290 5291 5279
3 5279 5291 5289
3 5281 5283 5292
3 5292 5280 5281
3 5280 5292 5282
3 5282 5279 5280
3 5293 5294 5282
3 5294 5295 5282
3 5282 5295 5290
3 5293 5282 5292
3 5300 5266 5260
3 5260 5298 5300
3 5301 5300 5298
3 5298 5297 5301
3 5260 5268 5302
3 5302 5298 5260
3 5298 5302 5303
3 5303 5297 5298
3 5297 5303 5304
3 5304 5296 5297
3 5296 5305 5301
3 5301 5297 5296
3 5306 5299 5296
3 5296 5304 5306
3 5307 5308 5299
3 5299 5306 5307
3 5299 5309 5305
3 5305 5296 5299
3 5310 5309 5299
3 5299 5311 5310
3 5311 5299 5308
3 5315 5312 5316
3 5312 5315 5317
3 5319 5313 5314
3 5314 5320 5319
3 5313 5312 5318
3 5318 5314 5313
3 5321 5322 5314
3 5314 5318 5321
3 5324 5314 5323
3 5320 5314 5324
3 5324 5325 5320
3 5326 5327 5313
3 5313 5319 5326
3 5316 5312 5329
3 5329 5328 5316
3 5312 5313 5327
3 5327 5329 5312
3 5349 5350 5346
3 5346 5352 5349
3 5353 5354 5348
3 5348 5347 5353
3 5347 5348 5351
3 5351 5346 5347
3 5355 5351 5348
3 5348 5357 5355
3 5358 5356 5348
3 5354 5359 5358
3 5358 5348 5354
3 5360 5353 5347
3 5347 5361 5360
3 5350 5362 5363
3 5363 5346 5350
3 5346 5363 5361
3 5361 5347 5346
3 5364 5367 5368
3 5368 5369 5364
3 5364 5370 5366
3 5370 5364 5371
3 5371 5372 5370
3 5330 5335 5334
3 5334 5333 5330
3 5330 5332 5336
3 5336 5338 5337
3 5337 5330 5336
3 5331 5339 5335
3 5335 5330 5331
3 5340 5342 5331
3 5331 5341 5340
3 5341 5331 5330
3 5330 5337 5341
3 5331 5343 5339
3 5345 5331 5342
3 5331 5345 5344
3 5344 5343 5331
3 5365 5364 5369
3 5369 5373 5365
3 5374 5375 5365
3 5365 5376 5374
3 5375 5371 5364
3 5364 5365 5375
3 5377 5365 5373
3 5365 5379 5376
3 5365 5377 5378
3 5378 5379 5365
3 5380 5381 5383
3 5383 5382 5380
